tariff_code,position_code,designation,list_number,equipment_nature,sector,needs_review
EX 392310,39.23,Caisses en plastique d'une capacité supérieure ou égale à 250 litres pour le transport des fruits et légumes...,1,équipements importés n’ayant pas de similaires fabriqués localement,secteurs économiques généraux,False
EX 392310,39.23,Caisses en plastique d'une capacité supérieure ou égale à 200 litres pour le transport des volailles...,1,équipements importés n’ayant pas de similaires fabriqués localement,secteurs économiques généraux,False
EX 392310,39.23,Caisses en plastique d'une capacité supérieure ou égale à 400 litres pour le transport des volailles...,1,équipements importés n’ayant pas de similaires fabriqués localement,secteurs économiques généraux,False
EX 392310,39.23,bacs isothermes pour le transport des poissons..,1,équipements importés n’ayant pas de similaires fabriqués localement,secteurs économiques généraux,False
,39.26,Autres ouvrages en matières plastiques et ouvrages en autres matières des n°s 39.01 à 39.14 : > 39.01 à 39.14 :,1,équipements importés n’ayant pas de similaires fabriqués localement,secteurs économiques généraux,False
EX 392690,39.26,Autres ouvrages en matières plastiques et ouvrages en autres matières des n°s 39.01 à 39.14 : > Autres :,1,équipements importés n’ayant pas de similaires fabriqués localement,secteurs économiques généraux,False
392690 9 7 8,39.26,Autres ouvrages en matières plastiques et ouvrages en autres matières des n°s 39.01 à 39.14 : > Autres : > Moules en matières plastiques,1,équipements importés n’ayant pas de similaires fabriqués localement,secteurs économiques généraux,False
,44.06,Traverses en bois pour voies ferrées ou similaires :,1,équipements importés n’ayant pas de similaires fabriqués localement,secteurs économiques généraux,False
440610 0 0 0,44.06,Traverses en bois pour voies ferrées ou similaires : > Non imprégnées,1,équipements importés n’ayant pas de similaires fabriqués localement,secteurs économiques généraux,False
440690 0 0 0,44.06,Traverses en bois pour voies ferrées ou similaires : > Autres,1,équipements importés n’ayant pas de similaires fabriqués localement,secteurs économiques généraux,False
,69.09,"Appareils et articles pour usages chimiques ou autres usages techniques, en > céramique ; auges, bacs et récipients similaires pour l'économie rurale, en céramique ; cruchons et récipients similaires de transport oud'emballage, en céramique :",1,équipements importés n’ayant pas de similaires fabriqués localement,secteurs économiques généraux,False
,69.09,"Appareils et articles pour usages chimiques ou autres usages techniques, en > Appareils et articles pour usages chimiques ou autres usages techniques :",1,équipements importés n’ayant pas de similaires fabriqués localement,secteurs économiques généraux,False
EX 690911 0 0,69.09,"Appareils et articles pour usages chimiques ou autres usages techniques, en céramique ; auges, bacs et récipients similaires pour l'économie rurale, en céramique ; cruchons et récipients similaires de transport oud'emballage, en céramique : > Appareils et articles pour usages chimiques ou autres usages techniques : > En porcelaine :",1,équipements importés n’ayant pas de similaires fabriqués localement,secteurs économiques généraux,False
690911 0 0 1,69.09,"Appareils et articles pour usages chimiques ou autres usages techniques, en céramique ; auges, bacs et récipients similaires pour l'économie rurale, en céramique ; cruchons et récipients similaires de transport oud'emballage, en céramique : > Appareils et articles pour usages chimiques ou autres usages techniques : > En porcelaine : > pour laboratoires",1,équipements importés n’ayant pas de similaires fabriqués localement,secteurs économiques généraux,False
EX 690912 0 0,69.09,"Appareils et articles pour usages chimiques ou autres usages techniques, en céramique ; auges, bacs et récipients similaires pour l'économie rurale, en céramique ; cruchons et récipients similaires de transport oud'emballage, en céramique : > Appareils et articles pour usages chimiques ou autres usages techniques : > articles ayant une dureté équivalente à 9 ou davantage sur l'échelle de Mohs :",1,équipements importés n’ayant pas de similaires fabriqués localement,secteurs économiques généraux,False
690912 0 0 1,69.09,"Appareils et articles pour usages chimiques ou autres usages techniques, en céramique ; auges, bacs et récipients similaires pour l'économie rurale, en céramique ; cruchons et récipients similaires de transport oud'emballage, en céramique : > Appareils et articles pour usages chimiques ou autres usages techniques : > articles ayant une dureté équivalente à 9 ou davantage sur l'échelle de Mohs : > pour laboratoires",1,équipements importés n’ayant pas de similaires fabriqués localement,secteurs économiques généraux,False
EX 690919 0 0,69.09,"Appareils et articles pour usages chimiques ou autres usages techniques, en céramique ; auges, bacs et récipients similaires pour l'économie rurale, en céramique ; cruchons et récipients similaires de transport oud'emballage, en céramique : > Appareils et articles pour usages chimiques ou autres usages techniques : > Autres :",1,équipements importés n’ayant pas de similaires fabriqués localement,secteurs économiques généraux,False
690919 0 0 1,69.09,"Appareils et articles pour usages chimiques ou autres usages techniques, en céramique ; auges, bacs et récipients similaires pour l'économie rurale, en céramique ; cruchons et récipients similaires de transport oud'emballage, en céramique : > Appareils et articles pour usages chimiques ou autres usages techniques : > Autres : > pour laboratoires",1,équipements importés n’ayant pas de similaires fabriqués localement,secteurs économiques généraux,False
,73.02,"Éléments de voies ferrées, en fonte, fer ou acier rails, contre-rails et crémaillères, aiguilles, pointes de coeur, d'aiguillage et autres éléments de croisement ou changement de voies, traverses, éclisses, coussinets, coins, selles d'assise, plaques de serrage, plaques et barres d'écartement et autres pièces spécialement conçues pour la pose, le jointement ou la fixation des rails :",1,équipements importés n’ayant pas de similaires fabriqués localement,secteurs économiques généraux,False
730210 0 0 0,73.02,"Éléments de voies ferrées, en fonte, fer ou acier rails, contre-rails et crémaillères, aiguilles, pointes de coeur, d'aiguillage et autres éléments de croisement ou changement de voies, traverses, éclisses, coussinets, coins, selles d'assise, plaques de serrage, plaques et barres d'écartement et autres pièces spécialement conçues pour la pose, le jointement ou la fixation des rails : > Rails.",1,équipements importés n’ayant pas de similaires fabriqués localement,secteurs économiques généraux,False
730230 0 0 0,73.02,"Éléments de voies ferrées, en fonte, fer ou acier rails, contre-rails et crémaillères, aiguilles, pointes de coeur, d'aiguillage et autres éléments de croisement ou changement de voies, traverses, éclisses, coussinets, coins, selles d'assise, plaques de serrage, plaques et barres d'écartement et autres pièces spécialement conçues pour la pose, le jointement ou la fixation des rails : > Aiguilles, pointes de coeur, tringles d'aiguillage et autres éléments de croisement ou de changement de voies",1,équipements importés n’ayant pas de similaires fabriqués localement,secteurs économiques généraux,False
EX 730290 0 0,73.02,"Éléments de voies ferrées, en fonte, fer ou acier rails, contre-rails et crémaillères, aiguilles, pointes de coeur, d'aiguillage et autres éléments de croisement ou changement de voies, traverses, éclisses, coussinets, coins, selles d'assise, plaques de serrage, plaques et barres d'écartement et autres pièces spécialement conçues pour la pose, le jointement ou la fixation des rails : > Autres :",1,équipements importés n’ayant pas de similaires fabriqués localement,secteurs économiques généraux,False
730290 0 0 1,73.02,"Éléments de voies ferrées, en fonte, fer ou acier rails, contre-rails et crémaillères, aiguilles, pointes de coeur, d'aiguillage et autres éléments de croisement ou changement de voies, traverses, éclisses, coussinets, coins, selles d'assise, plaques de serrage, plaques et barres d'écartement et autres pièces spécialement conçues pour la pose, le jointement ou la fixation des rails : > Autres : > Traverses pour voies ferrées, en acier",1,équipements importés n’ayant pas de similaires fabriqués localement,secteurs économiques généraux,False
730431 | 730439 | 730451 | 730459 | 730490,73.04,Tubes et toyaux sans soudures utilisés dans les pompages et les forages d'eau,1,équipements importés n’ayant pas de similaires fabriqués localement,secteurs économiques généraux,False
,73.05,"Autres tubes et tuyaux (soudés ou rivés, par exemple), > de section circulaire, d'un diamètre extérieur excédant 406,4 mm, en fer ou en acier :",1,équipements importés n’ayant pas de similaires fabriqués localement,secteurs économiques généraux,False
,73.05,"Autres tubes et tuyaux (soudés ou rivés, par exemple), > Tubes et tuyaux des types utilisés pour oléoducs ou gazoducs :",1,équipements importés n’ayant pas de similaires fabriqués localement,secteurs économiques généraux,False
EX 730519 0 0,73.05,"Autres tubes et tuyaux (soudés ou rivés, par exemple), de section circulaire, d'un diamètre extérieur excédant 406,4 mm, en fer ou en acier : > Tubes et tuyaux des types utilisés pour oléoducs ou gazoducs : > Autres :",1,équipements importés n’ayant pas de similaires fabriqués localement,secteurs économiques généraux,False
730519 0 0 1,73.05,"Autres tubes et tuyaux (soudés ou rivés, par exemple), de section circulaire, d'un diamètre extérieur excédant 406,4 mm, en fer ou en acier : > Tubes et tuyaux des types utilisés pour oléoducs ou gazoducs : > Autres : > avec une enveloppe extérieure en polyéthylène et intérieure en époxy",1,équipements importés n’ayant pas de similaires fabriqués localement,secteurs économiques généraux,False
,73.09,"Réservoirs, foudres, cuves et récipients similaires pour toutes matières (à l'exception des gaz comprimés ou liquéfiés), en fonte, fer ou acier, d'une contenance excédant 300 l, sans dispositifs mécaniques ou thermiques, même avec revêtement intérieur ou calorifuge :",1,équipements importés n’ayant pas de similaires fabriqués localement,secteurs économiques généraux,False
EX 730900,73.09,"Réservoirs, foudres, cuves et récipients similaires pour toutes matières (à l'exception des gaz comprimés ou liquéfiés), en fonte, fer ou acier, d'une contenance excédant 300 l, sans dispositifs mécaniques ou thermiques, même avec revêtement intérieur ou calorifuge : > pour matières solides :",1,équipements importés n’ayant pas de similaires fabriqués localement,secteurs économiques généraux,False
730900 9 0 1,73.09,"Réservoirs, foudres, cuves et récipients similaires pour toutes matières (à l'exception des gaz comprimés ou liquéfiés), en fonte, fer ou acier, d'une contenance excédant 300 l, sans dispositifs mécaniques ou thermiques, même avec revêtement intérieur ou calorifuge : > pour matières solides : > d'une contenance excédant 5000 L",1,équipements importés n’ayant pas de similaires fabriqués localement,secteurs économiques généraux,False
,73.10,"Réservoirs, fûts, tambours, bidons, boîtes et récipients similaires, pour toutes matières (à l'exception des gaz comprimés ou liquéfiés), en fonte, fer ou acier, d'une contenance n'excédant pas 300 L, sans dispositifs mécaniques ou thermiques, même avec revêtement intérieur ou calorifuge :",1,équipements importés n’ayant pas de similaires fabriqués localement,secteurs économiques généraux,False
EX 731010 0 0,73.10,"Réservoirs, fûts, tambours, bidons, boîtes et récipients similaires, pour toutes matières (à l'exception des gaz comprimés ou liquéfiés), en fonte, fer ou acier, d'une contenance n'excédant pas 300 L, sans dispositifs mécaniques ou thermiques, même avec revêtement intérieur ou calorifuge : > D'une contenance de 50 L ou plus :",1,équipements importés n’ayant pas de similaires fabriqués localement,secteurs économiques généraux,False
731010 0 0 1,73.10,"Réservoirs, fûts, tambours, bidons, boîtes et récipients similaires, pour toutes matières (à l'exception des gaz comprimés ou liquéfiés), en fonte, fer ou acier, d'une contenance n'excédant pas 300 L, sans dispositifs mécaniques ou thermiques, même avec revêtement intérieur ou calorifuge : > D'une contenance de 50 L ou plus : > Bioréacteurs",1,équipements importés n’ayant pas de similaires fabriqués localement,secteurs économiques généraux,False
731010 0 0 2,73.10,"Réservoirs, fûts, tambours, bidons, boîtes et récipients similaires, pour toutes matières (à l'exception des gaz comprimés ou liquéfiés), en fonte, fer ou acier, d'une contenance n'excédant pas 300 L, sans dispositifs mécaniques ou thermiques, même avec revêtement intérieur ou calorifuge : > D'une contenance de 50 L ou plus : > Réservoirs isothermes",1,équipements importés n’ayant pas de similaires fabriqués localement,secteurs économiques généraux,False
731010 0 0 3,73.10,"Réservoirs, fûts, tambours, bidons, boîtes et récipients similaires, pour toutes matières (à l'exception des gaz comprimés ou liquéfiés), en fonte, fer ou acier, d'une contenance n'excédant pas 300 L, sans dispositifs mécaniques ou thermiques, même avec revêtement intérieur ou calorifuge : > D'une contenance de 50 L ou plus : > fûts à tronc conique",1,équipements importés n’ayant pas de similaires fabriqués localement,secteurs économiques généraux,False
731021,73.10,"Réservoirs, fûts, tambours, bidons, boîtes et récipients similaires, pour toutes matières (à l'exception des gaz comprimés ou liquéfiés), en fonte, fer ou acier, d'une contenance n'excédant pas 300 L, sans dispositifs mécaniques ou thermiques, même avec revêtement intérieur ou calorifuge : > D'une contenance de 50 L ou plus : > fûts à tronc conique > Bidons à lait",1,équipements importés n’ayant pas de similaires fabriqués localement,secteurs économiques généraux,False
EX 731100,73.11,"Récipients pour gaz comprimés ou liquéfiés, en fonte, fer ou acier :",1,équipements importés n’ayant pas de similaires fabriqués localement,secteurs économiques généraux,False
,73.11,"Récipients pour gaz comprimés ou liquéfiés, en fonte, fer ou acier : > Sans soudure :",1,équipements importés n’ayant pas de similaires fabriqués localement,secteurs économiques généraux,False
,73.11,"Récipients pour gaz comprimés ou liquéfiés, en fonte, fer ou acier : > Sans soudure : > pour une pression de 165 bars ou plus, d'une contenance :",1,équipements importés n’ayant pas de similaires fabriqués localement,secteurs économiques généraux,False
,73.11,"Récipients pour gaz comprimés ou liquéfiés, en fonte, fer ou acier : > Sans soudure : > pour une pression de 165 bars ou plus, d'une contenance : > de moins de 20 L :",1,équipements importés n’ayant pas de similaires fabriqués localement,secteurs économiques généraux,False
731100 1 1 1,73.11,"Récipients pour gaz comprimés ou liquéfiés, en fonte, fer ou acier : > Sans soudure : > pour une pression de 165 bars ou plus, d'une contenance : > de moins de 20 L : > pour gaz acétylène, d'une contenance supérieure à 500 cm3 (0,5 L) mais de moins de 20 L.",1,équipements importés n’ayant pas de similaires fabriqués localement,secteurs économiques généraux,False
731100 1 1 2,73.11,"Récipients pour gaz comprimés ou liquéfiés, en fonte, fer ou acier : > Sans soudure : > pour une pression de 165 bars ou plus, d'une contenance : > de moins de 20 L : > Pour oxygène et azote.",1,équipements importés n’ayant pas de similaires fabriqués localement,secteurs économiques généraux,False
,73.11,"Récipients pour gaz comprimés ou liquéfiés, en fonte, fer ou acier : > Sans soudure : > pour une pression de 165 bars ou plus, d'une contenance : > de 20 L ou plus mais n'excédant pas 50 L :",1,équipements importés n’ayant pas de similaires fabriqués localement,secteurs économiques généraux,False
731100 1 3 1,73.11,"Récipients pour gaz comprimés ou liquéfiés, en fonte, fer ou acier : > Sans soudure : > pour une pression de 165 bars ou plus, d'une contenance : > de 20 L ou plus mais n'excédant pas 50 L : > pour gaz acétylène",1,équipements importés n’ayant pas de similaires fabriqués localement,secteurs économiques généraux,False
731100 1 3 2,73.11,"Récipients pour gaz comprimés ou liquéfiés, en fonte, fer ou acier : > Sans soudure : > pour une pression de 165 bars ou plus, d'une contenance : > de 20 L ou plus mais n'excédant pas 50 L : > Pour oxygène et azote",1,équipements importés n’ayant pas de similaires fabriqués localement,secteurs économiques généraux,False
,73.11,"Récipients pour gaz comprimés ou liquéfiés, en fonte, fer ou acier : > Sans soudure : > pour une pression de 165 bars ou plus, d'une contenance : > excédant 50 L :",1,équipements importés n’ayant pas de similaires fabriqués localement,secteurs économiques généraux,False
731100 1 9 1,73.11,"Récipients pour gaz comprimés ou liquéfiés, en fonte, fer ou acier : > Sans soudure : > pour une pression de 165 bars ou plus, d'une contenance : > excédant 50 L : > pour gaz acétylène",1,équipements importés n’ayant pas de similaires fabriqués localement,secteurs économiques généraux,False
731100 1 9 2,73.11,"Récipients pour gaz comprimés ou liquéfiés, en fonte, fer ou acier : > Sans soudure : > pour une pression de 165 bars ou plus, d'une contenance : > excédant 50 L : > Pour oxygène et azote.",1,équipements importés n’ayant pas de similaires fabriqués localement,secteurs économiques généraux,False
,73.11,"Récipients pour gaz comprimés ou liquéfiés, en fonte, fer ou acier : > Sans soudure : > Autres :",1,équipements importés n’ayant pas de similaires fabriqués localement,secteurs économiques généraux,False
731100 3 0 1,73.11,"Récipients pour gaz comprimés ou liquéfiés, en fonte, fer ou acier : > Sans soudure : > Autres : > pour gaz acétylène, d'une contenance supérieure à 500 cm3 (0,5 L), pour une pression supérieure ou égale à 60 bars mais inférieure à 165 bars",1,équipements importés n’ayant pas de similaires fabriqués localement,secteurs économiques généraux,False
731100 3 0 2,73.11,"Récipients pour gaz comprimés ou liquéfiés, en fonte, fer ou acier : > Sans soudure : > Autres : > Pour oxygène et azote",1,équipements importés n’ayant pas de similaires fabriqués localement,secteurs économiques généraux,False
,73.11,"Récipients pour gaz comprimés ou liquéfiés, en fonte, fer ou acier : > Autres, d'une contenance :",1,équipements importés n’ayant pas de similaires fabriqués localement,secteurs économiques généraux,False
,73.11,"Récipients pour gaz comprimés ou liquéfiés, en fonte, fer ou acier : > Autres, d'une contenance : > de moins de 1000 L :",1,équipements importés n’ayant pas de similaires fabriqués localement,secteurs économiques généraux,False
731100 9 1 1,73.11,"Récipients pour gaz comprimés ou liquéfiés, en fonte, fer ou acier : > Autres, d'une contenance : > de moins de 1000 L : > Pour gaz acétylène, d'une contenance supérieure à 500 cm3 (0,5 L) mais de moins de 1000 L, pour une pression supérieure ou égale à 60 bars",1,équipements importés n’ayant pas de similaires fabriqués localement,secteurs économiques généraux,False
731100 9 1 2,73.11,"Récipients pour gaz comprimés ou liquéfiés, en fonte, fer ou acier : > Autres, d'une contenance : > de moins de 1000 L : > Pour oxygène et azote",1,équipements importés n’ayant pas de similaires fabriqués localement,secteurs économiques généraux,False
,73.11,"Récipients pour gaz comprimés ou liquéfiés, en fonte, fer ou acier : > Autres, d'une contenance : > 1000 L ou plus:",1,équipements importés n’ayant pas de similaires fabriqués localement,secteurs économiques généraux,False
731100 9 9 1,73.11,"Récipients pour gaz comprimés ou liquéfiés, en fonte, fer ou acier : > Autres, d'une contenance : > 1000 L ou plus: > Pour gaz acétylène, d'une contenance de 1000 L ou plus pour une pression supérieure ou égale à 60 bars",1,équipements importés n’ayant pas de similaires fabriqués localement,secteurs économiques généraux,False
731100 9 9 2,73.11,"Récipients pour gaz comprimés ou liquéfiés, en fonte, fer ou acier : > Autres, d'une contenance : > 1000 L ou plus: > Pour oxygène et azote",1,équipements importés n’ayant pas de similaires fabriqués localement,secteurs économiques généraux,False
EX 732620,EX 73.26,Autres ouvrages en fer ou en acier :,1,équipements importés n’ayant pas de similaires fabriqués localement,secteurs économiques généraux,False
732620 0 0 1,EX 73.26,Autres ouvrages en fer ou en acier : > Conteneurs en fils de fer ou d'acier,1,équipements importés n’ayant pas de similaires fabriqués localement,secteurs économiques généraux,False
,74.19,Autres ouvrages en cuivre :,1,équipements importés n’ayant pas de similaires fabriqués localement,secteurs économiques généraux,False
741999,74.19,Autres ouvrages en cuivre : > Autres :,1,équipements importés n’ayant pas de similaires fabriqués localement,secteurs économiques généraux,False
EX 741999 9 0,74.19,Autres ouvrages en cuivre : > Autres : > autres :,1,équipements importés n’ayant pas de similaires fabriqués localement,secteurs économiques généraux,False
,74.19,"Autres ouvrages en cuivre : > Autres : > autres : > Réservoirs, cuves, etc... d'une contenance de 300 l ou moins :",1,équipements importés n’ayant pas de similaires fabriqués localement,secteurs économiques généraux,False
741999 9 0 3,74.19,"Autres ouvrages en cuivre : > Autres : > autres : > Réservoirs, cuves, etc... d'une contenance de 300 l ou moins : > pour gaz comprimés ou liquéfiés.",1,équipements importés n’ayant pas de similaires fabriqués localement,secteurs économiques généraux,False
741999 9 0 5,74.19,"Autres ouvrages en cuivre : > Autres : > autres : > Réservoirs, cuves, etc.d'une contenance de plus de 300 L",1,équipements importés n’ayant pas de similaires fabriqués localement,secteurs économiques généraux,False
EX 761290,76.12,Bidons à lait en alimunium,1,équipements importés n’ayant pas de similaires fabriqués localement,secteurs économiques généraux,False
EX 761300 0 0,76.12,Récipients en aluminium pour gaz comprimés ou liquéfiés :,1,équipements importés n’ayant pas de similaires fabriqués localement,secteurs économiques généraux,False
,76.13,,1,équipements importés n’ayant pas de similaires fabriqués localement,secteurs économiques généraux,False
761300 0 0 1,76.13,pour gaz comprimés ou liquéfiés d'une pression supérieure à 150 pa,1,équipements importés n’ayant pas de similaires fabriqués localement,secteurs économiques généraux,False
,76.16,Autres ouvrages en aluminium :,1,équipements importés n’ayant pas de similaires fabriqués localement,secteurs économiques généraux,False
EX 761699,76.16,Autres ouvrages en aluminium : > autres :,1,équipements importés n’ayant pas de similaires fabriqués localement,secteurs économiques généraux,False
,76.16,Autres ouvrages en aluminium : > autres : > coulés ou moulés :,1,équipements importés n’ayant pas de similaires fabriqués localement,secteurs économiques généraux,False
,76.16,Autres ouvrages en aluminium : > autres : > coulés ou moulés : > autres :,1,équipements importés n’ayant pas de similaires fabriqués localement,secteurs économiques généraux,False
761699 1 0 6,76.16,Autres ouvrages en aluminium : > autres : > coulés ou moulés : > autres : > cônes de décantations,1,équipements importés n’ayant pas de similaires fabriqués localement,secteurs économiques généraux,False
,76.16,Autres ouvrages en aluminium : > autres : > autres :,1,équipements importés n’ayant pas de similaires fabriqués localement,secteurs économiques généraux,False
,76.16,Autres ouvrages en aluminium : > autres : > autres : > autres :,1,équipements importés n’ayant pas de similaires fabriqués localement,secteurs économiques généraux,False
761699 9 0 6,76.16,Autres ouvrages en aluminium : > autres : > autres : > autres : > cônes de décantations,1,équipements importés n’ayant pas de similaires fabriqués localement,secteurs économiques généraux,False
,84.02,"Chaudières à vapeur (générateurs de vapeur), autres que les chaudières pour le chauffage central conçues pour produire à la fois de l'eau chaude et de la vapeur à basse pression ; chaudières dites ""à eau surchauffée"":",1,équipements importés n’ayant pas de similaires fabriqués localement,secteurs économiques généraux,False
,84.02,"Chaudières à vapeur (générateurs de vapeur), autres que les chaudières pour le chauffage central conçues pour produire à la fois de l'eau chaude et de la vapeur à basse pression ; chaudières dites ""à eau surchauffée"": > Chaudières à vapeur :",1,équipements importés n’ayant pas de similaires fabriqués localement,secteurs économiques généraux,False
840211 0 0 0,84.02,"Chaudières à vapeur (générateurs de vapeur), autres que les chaudières pour le chauffage central conçues pour produire à la fois de l'eau chaude et de la vapeur à basse pression ; chaudières dites ""à eau surchauffée"": > Chaudières à vapeur : > Chaudières aquatubulaires d'une production horaire de vapeur excédant 45 tonnes",1,équipements importés n’ayant pas de similaires fabriqués localement,secteurs économiques généraux,False
840212 0 0 0,84.02,"Chaudières à vapeur (générateurs de vapeur), autres que les chaudières pour le chauffage central conçues pour produire à la fois de l'eau chaude et de la vapeur à basse pression ; chaudières dites ""à eau surchauffée"": > Chaudières à vapeur : > Chaudières aquatubulaires d'une production horaire de vapeur n'excédant pas 45 tonnes",1,équipements importés n’ayant pas de similaires fabriqués localement,secteurs économiques généraux,False
,84.02,"Chaudières à vapeur (générateurs de vapeur), autres que les chaudières pour le chauffage central conçues pour produire à la fois de l'eau chaude et de la vapeur à basse pression ; chaudières dites ""à eau surchauffée"": > Chaudières à vapeur : > Autres chaudières à vapeur, y compris les chaudières mixtes : > Chaudières à tubes de fumée :",1,équipements importés n’ayant pas de similaires fabriqués localement,secteurs économiques généraux,False
EX 840219,84.02,"Chaudières à vapeur (générateurs de vapeur), autres que les chaudières pour le chauffage central conçues pour produire à la fois de l'eau chaude et de la vapeur à basse pression ; chaudières dites ""à eau surchauffée"": > Chaudières à vapeur : > Autres chaudières à vapeur, y compris les chaudières mixtes : > Chaudières à tubes de fumée : > D'une production horaire de vapeur égale ou supérieure à 5 tonnes",1,équipements importés n’ayant pas de similaires fabriqués localement,secteurs économiques généraux,False
,84.02,"Chaudières à vapeur (générateurs de vapeur), autres que les chaudières pour le chauffage central conçues pour produire à la fois de l'eau chaude et de la vapeur à basse pression ; chaudières dites ""à eau surchauffée"": > Chaudières dites ""à eau surchauffée"" :",1,équipements importés n’ayant pas de similaires fabriqués localement,secteurs économiques généraux,False
EX 840220 0 0,84.02,"Chaudières à vapeur (générateurs de vapeur), autres que les chaudières pour le chauffage central conçues pour produire à la fois de l'eau chaude et de la vapeur à basse pression ; chaudières dites ""à eau surchauffée"": > Chaudières dites ""à eau surchauffée"" : > d'une puissance exprimée en kilocalories excédant 8.000.000...",1,équipements importés n’ayant pas de similaires fabriqués localement,secteurs économiques généraux,False
,84.04,"Appareils auxiliaires pour chaudières des n°s 84.02 ou 84.03 (économiseurs, surchauffeurs, appareils de ramonage ou de récupération des gaz, par exemple); condenseurs pour machines à vapeur :",1,équipements importés n’ayant pas de similaires fabriqués localement,secteurs économiques généraux,False
,84.04,"Appareils auxiliaires pour chaudières des n°s 84.02 ou 84.03 (économiseurs, surchauffeurs, appareils de ramonage ou de récupération des gaz, par exemple); condenseurs pour machines à vapeur : > Appareils auxiliaires pour chaudières des n°s 84.02 ou 84.03 :",1,équipements importés n’ayant pas de similaires fabriqués localement,secteurs économiques généraux,False
EX 840410 0 0,84.04,"Appareils auxiliaires pour chaudières des n°s 84.02 ou 84.03 (économiseurs, surchauffeurs, appareils de ramonage ou de récupération des gaz, par exemple); condenseurs pour machines à vapeur : > Appareils auxiliaires pour chaudières des n°s 84.02 ou 84.03 : > pour chaudières du n° 84.02",1,équipements importés n’ayant pas de similaires fabriqués localement,secteurs économiques généraux,False
840420 0 0 0,84.04,"Appareils auxiliaires pour chaudières des n°s 84.02 ou 84.03 (économiseurs, surchauffeurs, appareils de ramonage ou de récupération des gaz, par exemple); condenseurs pour machines à vapeur : > Condenseurs pour machines à vapeur",1,équipements importés n’ayant pas de similaires fabriqués localement,secteurs économiques généraux,False
,EX 84.05,"Générateurs de gaz à l'air ou de gaz à l'eau, avec ou sans leurs épurateurs ; générateurs d'acétylène et générateurs similaires de gaz, par procédé à l'eau, avecou sans leurs épurateurs :",1,équipements importés n’ayant pas de similaires fabriqués localement,secteurs économiques généraux,False
,84.08,"Moteurs à piston, à allumage par compression (moteur diesel ou semi-diesel) :",1,équipements importés n’ayant pas de similaires fabriqués localement,secteurs économiques généraux,False
840890 6 7 0,84.08,"Moteurs à piston, à allumage par compression (moteur diesel ou semi-diesel) : > excédant 300 kW mais n'excédant pas 500 kW",1,équipements importés n’ayant pas de similaires fabriqués localement,secteurs économiques généraux,False
,84.10,"Turbines hydrauliques, roues hydrauliques et leurs régulateurs :",1,équipements importés n’ayant pas de similaires fabriqués localement,secteurs économiques généraux,False
,84.10,"Turbines hydrauliques, roues hydrauliques et leurs régulateurs : > Turbines et roues hydrauliques :",1,équipements importés n’ayant pas de similaires fabriqués localement,secteurs économiques généraux,False
841011 0 0 0,84.10,"Turbines hydrauliques, roues hydrauliques et leurs régulateurs : > Turbines et roues hydrauliques : > D'une puissance n'excédant pas 1.000 kW",1,équipements importés n’ayant pas de similaires fabriqués localement,secteurs économiques généraux,False
841012 0 0 0,84.10,"Turbines hydrauliques, roues hydrauliques et leurs régulateurs : > Turbines et roues hydrauliques : > D'une puissance excédant 1.000 kW mais n'excédant pas 10.000 kW",1,équipements importés n’ayant pas de similaires fabriqués localement,secteurs économiques généraux,False
841013 0 0 0,84.10,"Turbines hydrauliques, roues hydrauliques et leurs régulateurs : > Turbines et roues hydrauliques : > D'une puissance excédant 10.000 kW",1,équipements importés n’ayant pas de similaires fabriqués localement,secteurs économiques généraux,False
,84.11,"Turboréacteurs, turbopropulseurs et autres turbines à gaz :",1,équipements importés n’ayant pas de similaires fabriqués localement,secteurs économiques généraux,False
,84.11,"Turboréacteurs, turbopropulseurs et autres turbines à gaz : > Turboréacteurs :",1,équipements importés n’ayant pas de similaires fabriqués localement,secteurs économiques généraux,False
841111 0 0 0,84.11,"Turboréacteurs, turbopropulseurs et autres turbines à gaz : > Turboréacteurs : > D'une poussée n'excédant pas 25 kN",1,équipements importés n’ayant pas de similaires fabriqués localement,secteurs économiques généraux,False
841112 0 0 0,84.11,"Turboréacteurs, turbopropulseurs et autres turbines à gaz : > Turboréacteurs : > D'une poussée excédant 25 kN",1,équipements importés n’ayant pas de similaires fabriqués localement,secteurs économiques généraux,False
,84.11,"Turboréacteurs, turbopropulseurs et autres turbines à gaz : > Turbopropulseurs :",1,équipements importés n’ayant pas de similaires fabriqués localement,secteurs économiques généraux,False
841121 0 0 0,84.11,"Turboréacteurs, turbopropulseurs et autres turbines à gaz : > Turbopropulseurs : > D'une puissance n'excédant pas 1.100 kW",1,équipements importés n’ayant pas de similaires fabriqués localement,secteurs économiques généraux,False
841122 0 0 0,84.11,"Turboréacteurs, turbopropulseurs et autres turbines à gaz : > Turbopropulseurs : > D'une puissance excédant 1.100 kW",1,équipements importés n’ayant pas de similaires fabriqués localement,secteurs économiques généraux,False
,84.11,"Turboréacteurs, turbopropulseurs et autres turbines à gaz : > Autres turbines à gaz :",1,équipements importés n’ayant pas de similaires fabriqués localement,secteurs économiques généraux,False
841181 0 0 0,84.11,"Turboréacteurs, turbopropulseurs et autres turbines à gaz : > Autres turbines à gaz : > D'une puissance n'excédant pas 5.000 kW",1,équipements importés n’ayant pas de similaires fabriqués localement,secteurs économiques généraux,False
841182 0 0 0,84.11,"Turboréacteurs, turbopropulseurs et autres turbines à gaz : > Autres turbines à gaz : > D'une puissance excédant 5.000 kW",1,équipements importés n’ayant pas de similaires fabriqués localement,secteurs économiques généraux,False
,84.12,Autres moteurs et machines motrices :,1,équipements importés n’ayant pas de similaires fabriqués localement,secteurs économiques généraux,False
,84.12,Autres moteurs et machines motrices : > Moteurs hydrauliques :,1,équipements importés n’ayant pas de similaires fabriqués localement,secteurs économiques généraux,False
841221 0 0 0,84.12,Autres moteurs et machines motrices : > Moteurs hydrauliques : > A mouvement rectiligne (cylindres),1,équipements importés n’ayant pas de similaires fabriqués localement,secteurs économiques généraux,False
841229 0 0 0,84.12,Autres moteurs et machines motrices : > Moteurs hydrauliques : > Autres,1,équipements importés n’ayant pas de similaires fabriqués localement,secteurs économiques généraux,False
,84.12,Autres moteurs et machines motrices : > Moteurs pneumatiques :,1,équipements importés n’ayant pas de similaires fabriqués localement,secteurs économiques généraux,False
841231 0 0 0,84.12,Autres moteurs et machines motrices : > Moteurs pneumatiques : > A mouvement rectiligne (cylindres),1,équipements importés n’ayant pas de similaires fabriqués localement,secteurs économiques généraux,False
841239 0 0 0,84.12,Autres moteurs et machines motrices : > Moteurs pneumatiques : > Autres,1,équipements importés n’ayant pas de similaires fabriqués localement,secteurs économiques généraux,False
841280 0 0 0,84.12,Autres moteurs et machines motrices : > Autres,1,équipements importés n’ayant pas de similaires fabriqués localement,secteurs économiques généraux,False
,84.13,"Pompes pour liquides, même comportant un dispositif mesureur ; élévateurs à liquides :",1,équipements importés n’ayant pas de similaires fabriqués localement,secteurs économiques généraux,False
,84.13,"Pompes pour liquides, même comportant un dispositif mesureur ; élévateurs à liquides : > Pompes comportant un dispositif mesureur ou conçues pour comporter un tel dispositif :",1,équipements importés n’ayant pas de similaires fabriqués localement,secteurs économiques généraux,False
841319 0 0 0,84.13,"Pompes pour liquides, même comportant un dispositif mesureur ; élévateurs à liquides : > Pompes comportant un dispositif mesureur ou conçues pour comporter un tel dispositif : > Autres.",1,équipements importés n’ayant pas de similaires fabriqués localement,secteurs économiques généraux,False
841340 0 0 0,84.13,"Pompes pour liquides, même comportant un dispositif mesureur ; élévateurs à liquides : > Pompes à béton",1,équipements importés n’ayant pas de similaires fabriqués localement,secteurs économiques généraux,False
EX 841350,84.13,"Pompes pour liquides, même comportant un dispositif mesureur ; élévateurs à liquides : > Autres pompes volumétriques alternatives.",1,équipements importés n’ayant pas de similaires fabriqués localement,secteurs économiques généraux,False
841350 2 0 0,84.13,"Pompes pour liquides, même comportant un dispositif mesureur ; élévateurs à liquides : > Autres pompes volumétriques alternatives. > Agrégats hydrauliques...",1,équipements importés n’ayant pas de similaires fabriqués localement,secteurs économiques généraux,False
841350 4 0 0,84.13,"Pompes pour liquides, même comportant un dispositif mesureur ; élévateurs à liquides : > Autres pompes volumétriques alternatives. > Pompes doseuses",1,équipements importés n’ayant pas de similaires fabriqués localement,secteurs économiques généraux,False
,84.13,"Pompes pour liquides, même comportant un dispositif mesureur ; élévateurs à liquides : > Autres pompes volumétriques alternatives. > autres :",1,équipements importés n’ayant pas de similaires fabriqués localement,secteurs économiques généraux,False
,84.13,"Pompes pour liquides, même comportant un dispositif mesureur ; élévateurs à liquides : > Autres pompes volumétriques alternatives. > autres : > Pompes à piston :",1,équipements importés n’ayant pas de similaires fabriqués localement,secteurs économiques généraux,False
841350 6 1 0,84.13,"Pompes pour liquides, même comportant un dispositif mesureur ; élévateurs à liquides : > Autres pompes volumétriques alternatives. > autres : > Pompes à piston : > Pompes oléohydrauliques",1,équipements importés n’ayant pas de similaires fabriqués localement,secteurs économiques généraux,False
841350 6 9 0,84.13,"Pompes pour liquides, même comportant un dispositif mesureur ; élévateurs à liquides : > Autres pompes volumétriques alternatives. > autres : > Pompes à piston : > autres",1,équipements importés n’ayant pas de similaires fabriqués localement,secteurs économiques généraux,False
841350 8 0 1,84.13,"Pompes pour liquides, même comportant un dispositif mesureur ; élévateurs à liquides : > Autres pompes volumétriques alternatives. > autres : > Pompes à piston : > Groupe de pompage comportant une pompe volumétrique alternative pour fuel oil lourd :",1,équipements importés n’ayant pas de similaires fabriqués localement,secteurs économiques généraux,False
841350 8 0 9,84.13,"Pompes pour liquides, même comportant un dispositif mesureur ; élévateurs à liquides : > Autres pompes volumétriques alternatives. > autres : > Pompes à piston : > Autres",1,équipements importés n’ayant pas de similaires fabriqués localement,secteurs économiques généraux,False
,84.13,"Pompes pour liquides, même comportant un dispositif mesureur ; élévateurs à liquides : > Autres pompes volumétriques alternatives. > autres : > Pompes à piston : > Autres > à l'exclusion des groupes de pompage comportant une pompe volumétrique alternative pour fuel oil lourd du 841350801.",1,équipements importés n’ayant pas de similaires fabriqués localement,secteurs économiques généraux,False
841360 0 0 0,84.13,"Pompes pour liquides, même comportant un dispositif mesureur ; élévateurs à liquides : > Autres pompes volumétriques rotatives",1,équipements importés n’ayant pas de similaires fabriqués localement,secteurs économiques généraux,False
EX 841370,84.13,"Pompes pour liquides, même comportant un dispositif mesureur ; élévateurs à liquides : > Autres pompes centrifuges :",1,équipements importés n’ayant pas de similaires fabriqués localement,secteurs économiques généraux,False
,84.13,"Pompes pour liquides, même comportant un dispositif mesureur ; élévateurs à liquides : > Autres pompes centrifuges : > Pompes immergées :",1,équipements importés n’ayant pas de similaires fabriqués localement,secteurs économiques généraux,False
,84.13,"Pompes pour liquides, même comportant un dispositif mesureur ; élévateurs à liquides : > Autres pompes centrifuges : > Pompes immergées : > monocellulaires :",1,équipements importés n’ayant pas de similaires fabriqués localement,secteurs économiques généraux,False
841370 2 1 1,84.13,"Pompes pour liquides, même comportant un dispositif mesureur ; élévateurs à liquides : > Autres pompes centrifuges : > Pompes immergées : > monocellulaires : > de débit d'eau supérieur à 40 litres/seconde",1,équipements importés n’ayant pas de similaires fabriqués localement,secteurs économiques généraux,False
,84.13,"Pompes pour liquides, même comportant un dispositif mesureur ; élévateurs à liquides : > Autres pompes centrifuges : > Pompes immergées : > multicellulaires :",1,équipements importés n’ayant pas de similaires fabriqués localement,secteurs économiques généraux,False
841370 2 9 1,84.13,"Pompes pour liquides, même comportant un dispositif mesureur ; élévateurs à liquides : > Autres pompes centrifuges : > Pompes immergées : > multicellulaires : > de débit d'eau supérieur à 40 litres/seconde",1,équipements importés n’ayant pas de similaires fabriqués localement,secteurs économiques généraux,False
,84.13,"Pompes pour liquides, même comportant un dispositif mesureur ; élévateurs à liquides : > Autres pompes centrifuges : > autres, avec tubulure de refoulement d'un diamètre :",1,équipements importés n’ayant pas de similaires fabriqués localement,secteurs économiques généraux,False
,84.13,"Pompes pour liquides, même comportant un dispositif mesureur ; élévateurs à liquides : > Autres pompes centrifuges : > autres, avec tubulure de refoulement d'un diamètre : > n'excédant pas 15 mm :",1,équipements importés n’ayant pas de similaires fabriqués localement,secteurs économiques généraux,False
841370 3 5 1,84.13,"Pompes pour liquides, même comportant un dispositif mesureur ; élévateurs à liquides : > Autres pompes centrifuges : > autres, avec tubulure de refoulement d'un diamètre : > n'excédant pas 15 mm : > de débit d'eau supérieur à 40 litres/seconde",1,équipements importés n’ayant pas de similaires fabriqués localement,secteurs économiques généraux,False
,84.13,"Pompes pour liquides, même comportant un dispositif mesureur ; élévateurs à liquides : > Autres pompes centrifuges : > autres, avec tubulure de refoulement d'un diamètre : > excédant 15 mm :",1,équipements importés n’ayant pas de similaires fabriqués localement,secteurs économiques généraux,False
,84.13,"Pompes pour liquides, même comportant un dispositif mesureur ; élévateurs à liquides : > Autres pompes centrifuges : > autres, avec tubulure de refoulement d'un diamètre : > excédant 15 mm : > Pompes à roues à canaux et pompes à canal latéral :",1,équipements importés n’ayant pas de similaires fabriqués localement,secteurs économiques généraux,False
841370 4 5 1,84.13,"Pompes pour liquides, même comportant un dispositif mesureur ; élévateurs à liquides : > Autres pompes centrifuges : > autres, avec tubulure de refoulement d'un diamètre : > excédant 15 mm : > Pompes à roues à canaux et pompes à canal latéral : > de débit d'eau supérieur à 40 litres/seconde",1,équipements importés n’ayant pas de similaires fabriqués localement,secteurs économiques généraux,False
,84.13,"Pompes pour liquides, même comportant un dispositif mesureur ; élévateurs à liquides : > Autres pompes centrifuges : > autres, avec tubulure de refoulement d'un diamètre : > excédant 15 mm : > Pompes à roue radiale :",1,équipements importés n’ayant pas de similaires fabriqués localement,secteurs économiques généraux,False
,84.13,"Pompes pour liquides, même comportant un dispositif mesureur ; élévateurs à liquides : > Autres pompes centrifuges : > autres, avec tubulure de refoulement d'un diamètre : > excédant 15 mm : > Pompes à roue radiale : > monocellulaires :",1,équipements importés n’ayant pas de similaires fabriqués localement,secteurs économiques généraux,False
,84.13,"Pompes pour liquides, même comportant un dispositif mesureur ; élévateurs à liquides : > Autres pompes centrifuges : > autres, avec tubulure de refoulement d'un diamètre : > excédant 15 mm : > Pompes à roue radiale : > monocellulaires : > à simple flux :",1,équipements importés n’ayant pas de similaires fabriqués localement,secteurs économiques généraux,False
,84.13,"Pompes pour liquides, même comportant un dispositif mesureur ; élévateurs à liquides : > Autres pompes centrifuges : > autres, avec tubulure de refoulement d'un diamètre : > excédant 15 mm : > Pompes à roue radiale : > monocellulaires : > à simple flux : > monobloc :",1,équipements importés n’ayant pas de similaires fabriqués localement,secteurs économiques généraux,False
841370 5 1 1,84.13,"Pompes pour liquides, même comportant un dispositif mesureur ; élévateurs à liquides : > Autres pompes centrifuges : > autres, avec tubulure de refoulement d'un diamètre : > excédant 15 mm : > Pompes à roue radiale : > monocellulaires : > à simple flux : > monobloc : > de débit d'eau supérieur à 40 litres/seconde",1,équipements importés n’ayant pas de similaires fabriqués localement,secteurs économiques généraux,False
841370 5 9 1,84.13,"Pompes pour liquides, même comportant un dispositif mesureur ; élévateurs à liquides : > Autres pompes centrifuges : > autres, avec tubulure de refoulement d'un diamètre : > excédant 15 mm : > Pompes à roue radiale : > monocellulaires : > à simple flux : > autres :",1,équipements importés n’ayant pas de similaires fabriqués localement,secteurs économiques généraux,False
841370 5 9 1,84.13,"Pompes pour liquides, même comportant un dispositif mesureur ; élévateurs à liquides : > Autres pompes centrifuges : > autres, avec tubulure de refoulement d'un diamètre : > excédant 15 mm : > Pompes à roue radiale : > monocellulaires : > à simple flux : > de débit d'eau supérieur à 40 litres/seconde",1,équipements importés n’ayant pas de similaires fabriqués localement,secteurs économiques généraux,False
,84.13,"Pompes pour liquides, même comportant un dispositif mesureur ; élévateurs à liquides : > Autres pompes centrifuges : > autres, avec tubulure de refoulement d'un diamètre : > excédant 15 mm : > Pompes à roue radiale : > monocellulaires : > à plusieurs flux :",1,équipements importés n’ayant pas de similaires fabriqués localement,secteurs économiques généraux,False
841370 6 5 1,84.13,"Pompes pour liquides, même comportant un dispositif mesureur ; élévateurs à liquides : > Autres pompes centrifuges : > autres, avec tubulure de refoulement d'un diamètre : > excédant 15 mm : > Pompes à roue radiale : > monocellulaires : > à plusieurs flux : > de débit d'eau supérieur à 40 litres/seconde",1,équipements importés n’ayant pas de similaires fabriqués localement,secteurs économiques généraux,False
,84.13,"Pompes pour liquides, même comportant un dispositif mesureur ; élévateurs à liquides : > Autres pompes centrifuges : > autres, avec tubulure de refoulement d'un diamètre : > excédant 15 mm : > Pompes à roue radiale : > multicellulaires :",1,équipements importés n’ayant pas de similaires fabriqués localement,secteurs économiques généraux,False
841370 7 5 1,84.13,"Pompes pour liquides, même comportant un dispositif mesureur ; élévateurs à liquides : > Autres pompes centrifuges : > autres, avec tubulure de refoulement d'un diamètre : > excédant 15 mm : > Pompes à roue radiale : > multicellulaires : > de débit d'eau supérieur à 40 litres/seconde",1,équipements importés n’ayant pas de similaires fabriqués localement,secteurs économiques généraux,False
,84.13,"Pompes pour liquides, même comportant un dispositif mesureur ; élévateurs à liquides : > Autres pompes centrifuges : > autres, avec tubulure de refoulement d'un diamètre : > excédant 15 mm : > autres pompes centrifuges :",1,équipements importés n’ayant pas de similaires fabriqués localement,secteurs économiques généraux,False
,84.13,"Pompes pour liquides, même comportant un dispositif mesureur ; élévateurs à liquides : > Autres pompes centrifuges : > autres, avec tubulure de refoulement d'un diamètre : > excédant 15 mm : > autres pompes centrifuges : > monocellulaires :",1,équipements importés n’ayant pas de similaires fabriqués localement,secteurs économiques généraux,False
841370 8 1 1,84.13,"Pompes pour liquides, même comportant un dispositif mesureur ; élévateurs à liquides : > Autres pompes centrifuges : > autres, avec tubulure de refoulement d'un diamètre : > excédant 15 mm : > autres pompes centrifuges : > monocellulaires : > de débit d'eau supérieur à 40 litres/seconde",1,équipements importés n’ayant pas de similaires fabriqués localement,secteurs économiques généraux,False
,84.13,"Pompes pour liquides, même comportant un dispositif mesureur ; élévateurs à liquides : > Autres pompes centrifuges : > autres, avec tubulure de refoulement d'un diamètre : > excédant 15 mm : > autres pompes centrifuges : > multicellulaires :",1,équipements importés n’ayant pas de similaires fabriqués localement,secteurs économiques généraux,False
841370 8 9 1,84.13,"Pompes pour liquides, même comportant un dispositif mesureur ; élévateurs à liquides : > Autres pompes centrifuges : > autres, avec tubulure de refoulement d'un diamètre : > excédant 15 mm : > autres pompes centrifuges : > multicellulaires : > de débit d'eau supérieur à 40 litres/seconde",1,équipements importés n’ayant pas de similaires fabriqués localement,secteurs économiques généraux,False
,84.13,"Pompes pour liquides, même comportant un dispositif mesureur ; élévateurs à liquides : > Autres pompes ; élévateurs à liquides :",1,équipements importés n’ayant pas de similaires fabriqués localement,secteurs économiques généraux,False
,84.13,"Pompes pour liquides, même comportant un dispositif mesureur ; élévateurs à liquides : > Autres pompes ; élévateurs à liquides : > Pompes :",1,équipements importés n’ayant pas de similaires fabriqués localement,secteurs économiques généraux,False
EX 841381 0 0,84.13,"Pompes pour liquides, même comportant un dispositif mesureur ; élévateurs à liquides : > Autres pompes ; élévateurs à liquides : > Pompes : > Autres :",1,équipements importés n’ayant pas de similaires fabriqués localement,secteurs économiques généraux,False
841381 0 0 4,84.13,"Pompes pour liquides, même comportant un dispositif mesureur ; élévateurs à liquides : > Autres pompes ; élévateurs à liquides : > Pompes : > Autres : > moto-réducteurs pour débouchage, motopompes auto-amorçantes, pompes utilisés dans l'assainissement, pompes spéciales pour la récupération des hydrocarbures ou des produits chimiques, pompes spéciales pour échantillonnage",1,équipements importés n’ayant pas de similaires fabriqués localement,secteurs économiques généraux,False
EX 841382 0 0,84.13,"Pompes pour liquides, même comportant un dispositif mesureur ; élévateurs à liquides : > Autres pompes ; élévateurs à liquides : > Elévateurs à liquides :",1,équipements importés n’ayant pas de similaires fabriqués localement,secteurs économiques généraux,False
841382 0 0 1,84.13,"Pompes pour liquides, même comportant un dispositif mesureur ; élévateurs à liquides : > Autres pompes ; élévateurs à liquides : > Elévateurs à liquides : > élévateurs à liquides autres que l'eau.",1,équipements importés n’ayant pas de similaires fabriqués localement,secteurs économiques généraux,False
841382 0 0 2,84.13,"Pompes pour liquides, même comportant un dispositif mesureur ; élévateurs à liquides : > Autres pompes ; élévateurs à liquides : > Elévateurs à liquides : > élévateurs à liquides (vis d'Archimède)",1,équipements importés n’ayant pas de similaires fabriqués localement,secteurs économiques généraux,False
,84.14,"Pompes à air ou à vide, compresseurs d'air ou d'autres gaz et ventilateurs ; hottes aspirantes à extraction ou à recyclage, à ventilateur incorporé, même filtrantes :",1,équipements importés n’ayant pas de similaires fabriqués localement,secteurs économiques généraux,False
EX 841410,84.14,"Pompes à air ou à vide, compresseurs d'air ou d'autres gaz et ventilateurs ; hottes aspirantes à extraction ou à recyclage, à ventilateur incorporé, même filtrantes : > Pompes à vide :",1,équipements importés n’ayant pas de similaires fabriqués localement,secteurs économiques généraux,False
841410 1 0 0,84.14,"Pompes à air ou à vide, compresseurs d'air ou d'autres gaz et ventilateurs ; hottes aspirantes à extraction ou à recyclage, à ventilateur incorporé, même filtrantes : > Pompes à vide : > utilisées exclusivement ou principalement pour la fabrication de semi-conducteurs ou de dispositifs d'affichage à écran plat:",1,équipements importés n’ayant pas de similaires fabriqués localement,secteurs économiques généraux,False
841410 2 0 0,84.14,"Pompes à air ou à vide, compresseurs d'air ou d'autres gaz et ventilateurs ; hottes aspirantes à extraction ou à recyclage, à ventilateur incorporé, même filtrantes : > Pompes à vide : > destinées à être utilisées dans la fabrication de semi-conducteurs",1,équipements importés n’ayant pas de similaires fabriqués localement,secteurs économiques généraux,False
EX 841410 2 5 9,84.14,"Pompes à air ou à vide, compresseurs d'air ou d'autres gaz et ventilateurs ; hottes aspirantes à extraction ou à recyclage, à ventilateur incorporé, même filtrantes : > Pompes à vide : > destinées à être utilisées dans la fabrication de semi-conducteurs > autres, (à l'exclusion des destinées à équiper les moteurs de matériel roulant du n° 841410251)",1,équipements importés n’ayant pas de similaires fabriqués localement,secteurs économiques généraux,False
,84.14,"Pompes à air ou à vide, compresseurs d'air ou d'autres gaz et ventilateurs ; hottes aspirantes à extraction ou à recyclage, à ventilateur incorporé, même filtrantes : > Pompes à vide : > destinées à être utilisées dans la fabrication de semi-conducteurs > autres :",1,équipements importés n’ayant pas de similaires fabriqués localement,secteurs économiques généraux,False
,84.14,"Pompes à air ou à vide, compresseurs d'air ou d'autres gaz et ventilateurs ; hottes aspirantes à extraction ou à recyclage, à ventilateur incorporé, même filtrantes : > Pompes à vide : > destinées à être utilisées dans la fabrication de semi-conducteurs > autres : > Pompes à diffusion, pompes cryostatiques et pompes à absorption :",1,équipements importés n’ayant pas de similaires fabriqués localement,secteurs économiques généraux,False
EX 841410 8 1 9,84.14,"Pompes à air ou à vide, compresseurs d'air ou d'autres gaz et ventilateurs ; hottes aspirantes à extraction ou à recyclage, à ventilateur incorporé, même filtrantes : > Pompes à vide : > destinées à être utilisées dans la fabrication de semi-conducteurs > autres : > Pompes à diffusion, pompes cryostatiques et pompes à absorption : > autres, (à l'exclusion des destinées à équiper les moteurs de matériel roulant du n° 841410811)",1,équipements importés n’ayant pas de similaires fabriqués localement,secteurs économiques généraux,False
,84.14,"Pompes à air ou à vide, compresseurs d'air ou d'autres gaz et ventilateurs ; hottes aspirantes à extraction ou à recyclage, à ventilateur incorporé, même filtrantes : > Pompes à vide : > destinées à être utilisées dans la fabrication de semi-conducteurs > autres : > autres :",1,équipements importés n’ayant pas de similaires fabriqués localement,secteurs économiques généraux,False
EX 841410 8 9 9,84.14,"Pompes à air ou à vide, compresseurs d'air ou d'autres gaz et ventilateurs ; hottes aspirantes à extraction ou à recyclage, à ventilateur incorporé, même filtrantes : > Pompes à vide : > destinées à être utilisées dans la fabrication de semi-conducteurs > autres : > autres : > autres, (à l'exclusion des destinées à équiper les moteurs de matériel roulant du n° 841410891)",1,équipements importés n’ayant pas de similaires fabriqués localement,secteurs économiques généraux,False
841430,84.14,"Pompes à air ou à vide, compresseurs d'air ou d'autres gaz et ventilateurs ; hottes aspirantes à extraction ou à recyclage, à ventilateur incorporé, même filtrantes : > Compresseurs des types utilisés dans les équipements frigorifiques :",1,équipements importés n’ayant pas de similaires fabriqués localement,secteurs économiques généraux,False
841430 2 0 0,84.14,"Pompes à air ou à vide, compresseurs d'air ou d'autres gaz et ventilateurs ; hottes aspirantes à extraction ou à recyclage, à ventilateur incorporé, même filtrantes : > Compresseurs des types utilisés dans les équipements frigorifiques : > d'une puissance n'excédant pas 0,4 kW",1,équipements importés n’ayant pas de similaires fabriqués localement,secteurs économiques généraux,False
,84.14,"Pompes à air ou à vide, compresseurs d'air ou d'autres gaz et ventilateurs ; hottes aspirantes à extraction ou à recyclage, à ventilateur incorporé, même filtrantes : > Compresseurs des types utilisés dans les équipements frigorifiques : > d'une puissance excédant 0,4 kW :",1,équipements importés n’ayant pas de similaires fabriqués localement,secteurs économiques généraux,False
841430 8 1 0,84.14,"Pompes à air ou à vide, compresseurs d'air ou d'autres gaz et ventilateurs ; hottes aspirantes à extraction ou à recyclage, à ventilateur incorporé, même filtrantes : > Compresseurs des types utilisés dans les équipements frigorifiques : > d'une puissance excédant 0,4 kW : > hermétiques ou semi-hermétiques",1,équipements importés n’ayant pas de similaires fabriqués localement,secteurs économiques généraux,False
841430 8 9 0,84.14,"Pompes à air ou à vide, compresseurs d'air ou d'autres gaz et ventilateurs ; hottes aspirantes à extraction ou à recyclage, à ventilateur incorporé, même filtrantes : > Compresseurs des types utilisés dans les équipements frigorifiques : > d'une puissance excédant 0,4 kW : > autres",1,équipements importés n’ayant pas de similaires fabriqués localement,secteurs économiques généraux,False
841440,84.14,"Pompes à air ou à vide, compresseurs d'air ou d'autres gaz et ventilateurs ; hottes aspirantes à extraction ou à recyclage, à ventilateur incorporé, même filtrantes : > Compresseurs d'air montés sur châssis à roues et remor-quables :",1,équipements importés n’ayant pas de similaires fabriqués localement,secteurs économiques généraux,False
841440 1 0 0,84.14,"Pompes à air ou à vide, compresseurs d'air ou d'autres gaz et ventilateurs ; hottes aspirantes à extraction ou à recyclage, à ventilateur incorporé, même filtrantes : > Compresseurs d'air montés sur châssis à roues et remor-quables : > d'un débit par minute n'excédant pas 2 m3",1,équipements importés n’ayant pas de similaires fabriqués localement,secteurs économiques généraux,False
841440 9 0 0,84.14,"Pompes à air ou à vide, compresseurs d'air ou d'autres gaz et ventilateurs ; hottes aspirantes à extraction ou à recyclage, à ventilateur incorporé, même filtrantes : > Compresseurs d'air montés sur châssis à roues et remor-quables : > d'un débit par minute excédant 2 m3",1,équipements importés n’ayant pas de similaires fabriqués localement,secteurs économiques généraux,False
841459,84.14,"Pompes à air ou à vide, compresseurs d'air ou d'autres gaz et ventilateurs ; hottes aspirantes à extraction ou à recyclage, à ventilateur incorporé, même filtrantes : > Compresseurs d'air montés sur châssis à roues et remor-quables : > Autres :",1,équipements importés n’ayant pas de similaires fabriqués localement,secteurs économiques généraux,False
,84.14,"Pompes à air ou à vide, compresseurs d'air ou d'autres gaz et ventilateurs ; hottes aspirantes à extraction ou à recyclage, à ventilateur incorporé, même filtrantes : > Compresseurs d'air montés sur châssis à roues et remor-quables : > Autres : > Ventilateurs axiaux :",1,équipements importés n’ayant pas de similaires fabriqués localement,secteurs économiques généraux,False
841459 2 5 1,84.14,"Pompes à air ou à vide, compresseurs d'air ou d'autres gaz et ventilateurs ; hottes aspirantes à extraction ou à recyclage, à ventilateur incorporé, même filtrantes : > Compresseurs d'air montés sur châssis à roues et remor-quables : > Autres : > Ventilateurs axiaux : > Industriels :",1,équipements importés n’ayant pas de similaires fabriqués localement,secteurs économiques généraux,False
,84.14,"Pompes à air ou à vide, compresseurs d'air ou d'autres gaz et ventilateurs ; hottes aspirantes à extraction ou à recyclage, à ventilateur incorporé, même filtrantes : > Compresseurs d'air montés sur châssis à roues et remor-quables : > Autres : > Ventilateurs centrifuges :",1,équipements importés n’ayant pas de similaires fabriqués localement,secteurs économiques généraux,False
841459 3 5 1,84.14,"Pompes à air ou à vide, compresseurs d'air ou d'autres gaz et ventilateurs ; hottes aspirantes à extraction ou à recyclage, à ventilateur incorporé, même filtrantes : > Compresseurs d'air montés sur châssis à roues et remor-quables : > Autres : > Ventilateurs centrifuges : > Industriels :",1,équipements importés n’ayant pas de similaires fabriqués localement,secteurs économiques généraux,False
,84.14,"Pompes à air ou à vide, compresseurs d'air ou d'autres gaz et ventilateurs ; hottes aspirantes à extraction ou à recyclage, à ventilateur incorporé, même filtrantes : > Compresseurs d'air montés sur châssis à roues et remor-quables : > Autres : > autres :",1,équipements importés n’ayant pas de similaires fabriqués localement,secteurs économiques généraux,False
841459 9 5 1,84.14,"Pompes à air ou à vide, compresseurs d'air ou d'autres gaz et ventilateurs ; hottes aspirantes à extraction ou à recyclage, à ventilateur incorporé, même filtrantes : > Compresseurs d'air montés sur châssis à roues et remor-quables : > Autres : > autres : > Industriels :",1,équipements importés n’ayant pas de similaires fabriqués localement,secteurs économiques généraux,False
841480,84.14,"Pompes à air ou à vide, compresseurs d'air ou d'autres gaz et ventilateurs ; hottes aspirantes à extraction ou à recyclage, à ventilateur incorporé, même filtrantes : > Autres :",1,équipements importés n’ayant pas de similaires fabriqués localement,secteurs économiques généraux,False
EX 841480,84.14,"Pompes à air ou à vide, compresseurs d'air ou d'autres gaz et ventilateurs ; hottes aspirantes à extraction ou à recyclage, à ventilateur incorporé, même filtrantes : > Autres : > les hottes à flux laminaire de laboratoire..",1,équipements importés n’ayant pas de similaires fabriqués localement,secteurs économiques généraux,False
,84.15,"Machines et appareils pour le conditionnement de l'air comprenant un ventilateur à moteur et des dispositifs propres à modifier la température et l'humidité, y compris ceux dans lesquels le degré hygrométrique n'est pas réglable séparément : > Autres :",1,équipements importés n’ayant pas de similaires fabriqués localement,secteurs économiques généraux,False
,84.15,"Machines et appareils pour le conditionnement de l'air comprenant un ventilateur à moteur et des dispositifs propres à modifier la température et l'humidité, y compris ceux dans lesquels le degré hygrométrique n'est pas réglable séparément : > Autres : > Avec dispositif de réfrigération et soupape d'inversion du cycle thermique (pompes à chaleur réversibles) :",1,équipements importés n’ayant pas de similaires fabriqués localement,secteurs économiques généraux,False
,84.15,"Machines et appareils pour le conditionnement de l'air comprenant un ventilateur à moteur et des dispositifs propres à modifier la température et l'humidité, y compris ceux dans lesquels le degré hygrométrique n'est pas réglable séparément : > Autres : > Avec dispositif de réfrigération et soupape d'inversion du cycle thermique (pompes à chaleur réversibles) : > d'une puissance frigorifique excédant 10.000 frigories/heures :",1,équipements importés n’ayant pas de similaires fabriqués localement,secteurs économiques généraux,False
8415 81 00,84.15,"Machines et appareils pour le conditionnement de l'air comprenant un ventilateur à moteur et des dispositifspropres à modifier la température et l'humidité, y compris ceux dans lesquels le degré hygrométrique n'est pas réglable séparément : > Autres : > Avec dispositif de réfrigération et soupape d'inversion du cycle thermique (pompes à chaleur réversibles) : > d'une puissance frigorifique excédant 10.000 frigories/heures : > centrale de traitement de l'air",1,équipements importés n’ayant pas de similaires fabriqués localement,secteurs économiques généraux,False
8415 83 00,84.15,"Machines et appareils pour le conditionnement de l'air comprenant un ventilateur à moteur et des dispositifspropres à modifier la température et l'humidité, y compris ceux dans lesquels le degré hygrométrique n'est pas réglable séparément : > Autres : > Sans dispositif de réfrigération :",1,équipements importés n’ayant pas de similaires fabriqués localement,secteurs économiques généraux,False
8415 83 00 9,84.15,"Machines et appareils pour le conditionnement de l'air comprenant un ventilateur à moteur et des dispositifspropres à modifier la température et l'humidité, y compris ceux dans lesquels le degré hygrométrique n'est pas réglable séparément : > Autres : > Sans dispositif de réfrigération : > autres (autres que les ventilo-convecteurs du n° 841583001)",1,équipements importés n’ayant pas de similaires fabriqués localement,secteurs économiques généraux,False
,84.16,"Brûleurs pour l'alimentation des foyers, à combustibles liquides, à combustibles solides pulvérisés ou à gaz; > foyers automatiques, y compris leurs avant-foyers, leurs grilles mécaniques, leurs dispositifs mécaniques pour l'évacuation des cendres et dispositifs similaires :",1,équipements importés n’ayant pas de similaires fabriqués localement,secteurs économiques généraux,False
,84.16,"Brûleurs pour l'alimentation des foyers, à combustibles liquides, à combustibles solides pulvérisés ou à gaz; > Brûleurs à combustibles liquides :",1,équipements importés n’ayant pas de similaires fabriqués localement,secteurs économiques généraux,False
8416 10,84.16,"Brûleurs pour l'alimentation des foyers, à combustibles liquides, à combustibles solides pulvérisés ou à gaz; foyers automatiques, y compris leurs avant-foyers, leurs grilles mécaniques, leurs dispositifs mécaniques pour l'évacuation des cendres et dispositifs similaires : > Brûleurs à combustibles liquides : > avec dispositif de contrôle automatique monté :",1,équipements importés n’ayant pas de similaires fabriqués localement,secteurs économiques généraux,False
8416 10 10 9,84.16,"Brûleurs pour l'alimentation des foyers, à combustibles liquides, à combustibles solides pulvérisés ou à gaz; foyers automatiques, y compris leurs avant-foyers, leurs grilles mécaniques, leurs dispositifs mécaniques pour l'évacuation des cendres et dispositifs similaires : > Brûleurs à combustibles liquides : > avec dispositif de contrôle automatique monté : > autres (d'une puissance exprimée en kilo-calories supérieure à 250.000 du n° 841610101)",1,équipements importés n’ayant pas de similaires fabriqués localement,secteurs économiques généraux,False
,84.16,"Brûleurs pour l'alimentation des foyers, à combustibles liquides, à combustibles solides pulvérisés ou à gaz; > Brûleurs à combustibles liquides : > autres :",1,équipements importés n’ayant pas de similaires fabriqués localement,secteurs économiques généraux,False
8416 10 90 9,84.16,"Brûleurs pour l'alimentation des foyers, à combustibles liquides, à combustibles solides pulvérisés ou à gaz; foyers automatiques, y compris leurs avant-foyers, leurs grilles mécaniques, leurs dispositifs mécaniques pour l'évacuation des cendres et dispositifs similaires : > Brûleurs à combustibles liquides : > autres : > autres (d'une puissance exprimée en kilo-calories supérieure à 250.000 du n° 841610901)",1,équipements importés n’ayant pas de similaires fabriqués localement,secteurs économiques généraux,False
,84.16,"Brûleurs pour l'alimentation des foyers, à combustibles liquides, à combustibles solides pulvérisés ou à gaz; > Autres brûleurs, y compris les brûleurs mixtes :",1,équipements importés n’ayant pas de similaires fabriqués localement,secteurs économiques généraux,False
8416 20,84.16,"Brûleurs pour l'alimentation des foyers, à combustibles liquides, à combustibles solides pulvérisés ou à gaz; foyers automatiques, y compris leurs avant-foyers, leurs grilles mécaniques, leurs dispositifs mécaniques pour l'évacuation des cendres et dispositifs similaires : > Autres brûleurs, y compris les brûleurs mixtes : > exclusivement à gaz, monobloc, avec ventilateur incorporé et dispositif de contrôle :",1,équipements importés n’ayant pas de similaires fabriqués localement,secteurs économiques généraux,False
8416 20 10 9,84.16,"Brûleurs pour l'alimentation des foyers, à combustibles liquides, à combustibles solides pulvérisés ou à gaz; foyers automatiques, y compris leurs avant-foyers, leurs grilles mécaniques, leurs dispositifs mécaniques pour l'évacuation des cendres et dispositifs similaires : > Autres brûleurs, y compris les brûleurs mixtes : > exclusivement à gaz, monobloc, avec ventilateur incorporé et dispositif de contrôle : > autres. (autres que ceux destinés à être utilisés dans l'installation de chauffage central domestique du n° 841620101)",1,équipements importés n’ayant pas de similaires fabriqués localement,secteurs économiques généraux,False
,84.16,"Brûleurs pour l'alimentation des foyers, à combustibles liquides, à combustibles solides pulvérisés ou à gaz; > Autres brûleurs, y compris les brûleurs mixtes : > autres :",1,équipements importés n’ayant pas de similaires fabriqués localement,secteurs économiques généraux,False
,84.16,"Brûleurs pour l'alimentation des foyers, à combustibles liquides, à combustibles solides pulvérisés ou à gaz; > Autres brûleurs, y compris les brûleurs mixtes : > autres : > Brûleurs mixtes :",1,équipements importés n’ayant pas de similaires fabriqués localement,secteurs économiques généraux,False
8416 20 20 9,84.16,"Brûleurs pour l'alimentation des foyers, à combustibles liquides, à combustibles solides pulvérisés ou à gaz; foyers automatiques, y compris leurs avant-foyers, leurs grilles mécaniques, leurs dispositifs mécaniques pour l'évacuation des cendres et dispositifs similaires : > Autres brûleurs, y compris les brûleurs mixtes : > autres : > Brûleurs mixtes : > autres. (autres que ceux destinés à être utilisés dans l'installation de chauffage central domestique du n° 841620201)",1,équipements importés n’ayant pas de similaires fabriqués localement,secteurs économiques généraux,False
,84.16,"Brûleurs pour l'alimentation des foyers, à combustibles liquides, à combustibles solides pulvérisés ou à gaz; > Autres brûleurs, y compris les brûleurs mixtes : > autres : > autres :",1,équipements importés n’ayant pas de similaires fabriqués localement,secteurs économiques généraux,False
EX 8416 20 80 9,84.16,"Brûleurs pour l'alimentation des foyers, à combustibles liquides, à combustibles solides pulvérisés ou à gaz; foyers automatiques, y compris leurs avant-foyers, leurs grilles mécaniques, leurs dispositifs mécaniques pour l'évacuation des cendres et dispositifs similaires : > Autres brûleurs, y compris les brûleurs mixtes : > autres : > autres : > autres. (autres que ceux destinés à être utilisés dans l'installation de chauffage central domestique du n° 841620801 et autres que les centrales de combustion à plusieurs injecteurs, pour l'alimentation des foyers, à combustible gazeux destinés pour d'autres usages)",1,équipements importés n’ayant pas de similaires fabriqués localement,secteurs économiques généraux,False
841710 0 0 0,84.17,"Fours industriels ou de laboratoires, y compris les incinérateurs, non électriques : > Fours pour le grillage, la fusion ou autres traitements thermiques des minerais ou des métaux.",1,équipements importés n’ayant pas de similaires fabriqués localement,secteurs économiques généraux,False
EX 841720,84.17,"Fours industriels ou de laboratoires, y compris les incinérateurs, non électriques : > Fours de boulangerie, de pâtisserie ou de biscuiterie : > autres : > Rotatifs. > Les gaufriers à gaz de la position 841720",1,équipements importés n’ayant pas de similaires fabriqués localement,secteurs économiques généraux,False
,84.17,"Fours industriels ou de laboratoires, y compris les incinérateurs, non électriques : > Autres : > Fours pour la cuisson du ciment, du verre ou des produits chimiques :",1,équipements importés n’ayant pas de similaires fabriqués localement,secteurs économiques généraux,False
841780 5 0 9,84.17,"Fours industriels ou de laboratoires, y compris les incinérateurs, non électriques : > Autres : > Fours pour la cuisson du ciment, du verre ou des produits chimiques : > autres (à l'exclusion des fours tunnels blindés du n° 841780501)",1,équipements importés n’ayant pas de similaires fabriqués localement,secteurs économiques généraux,False
,84.18,"Réfrigérateurs, congélateurs-conservateurs et autres matériel, machines et appareils pour la production du froid, à équipement électrique ou autre ; pompes à chaleur autres que les machines et appareils pour le conditionnement de l'air du n° 84.15 : > Autres matériels, machines et appareils pour la production du froid ; pompes à chaleur :",1,équipements importés n’ayant pas de similaires fabriqués localement,secteurs économiques généraux,False
841869 0 0 9,84.18,"Réfrigérateurs, congélateurs-conservateurs et autres matériel, machines et appareils pour la production du froid, à équipement électrique ou autre ; pompes à chaleur autres que les machines et appareils pour le conditionnement de l'air du n° 84.15 : > Autres matériels, machines et appareils pour la production du froid ; pompes à chaleur : > Autres : > autres matériel, machines et appareils pour la production de froid : > autres",1,équipements importés n’ayant pas de similaires fabriqués localement,secteurs économiques généraux,False
841869,84.18,"Réfrigérateurs, congélateurs-conservateurs et autres matériel, machines et appareils pour la production du froid, à équipement électrique ou autre ; pompes à chaleur autres que les machines et appareils pour le conditionnement de l'air du n° 84.15 : > Groupe frigorifiques destinés au matériel de transport des produits de la mer et du lait frais. Citernes tractées réfrigérées horizontales en acier inoxydables. Groupe frigorifiques destinés au matériel de transport des poissons chambre froide d'une capacité dépassant 400.000 litres machine pour la fabrication de la glace destinée à la conservation des produits de la mer.",1,équipements importés n’ayant pas de similaires fabriqués localement,secteurs économiques généraux,False
,84.18,"Réfrigérateurs, congélateurs-conservateurs et autres matériel, machines et appareils pour la production du froid, à équipement électrique ou autre ; pompes à chaleur autres que les machines et appareils pour le conditionnement de l'air du n° 84.15 : > Parties :",1,équipements importés n’ayant pas de similaires fabriqués localement,secteurs économiques généraux,False
,84.18,"Réfrigérateurs, congélateurs-conservateurs et autres matériel, machines et appareils pour la production du froid, à équipement électrique ou autre ; pompes à chaleur autres que les machines et appareils pour le conditionnement de l'air du n° 84.15 : > Parties : > Autres :",1,équipements importés n’ayant pas de similaires fabriqués localement,secteurs économiques généraux,False
,84.18,"Réfrigérateurs, congélateurs-conservateurs et autres matériel, machines et appareils pour la production du froid, à équipement électrique ou autre ; pompes à chaleur autres que les machines et appareils pour le conditionnement de l'air du n° 84.15 : > Parties : > Autres : > autres :",1,équipements importés n’ayant pas de similaires fabriqués localement,secteurs économiques généraux,False
841899,84.18,"Réfrigérateurs, congélateurs-conservateurs et autres matériel, machines et appareils pour la production du froid, à équipement électrique ou autre ; pompes à chaleur autres que les machines et appareils pour le conditionnement de l'air du n° 84.15 : > Parties : > Autres : > autres : > Panneaux modulaires isolants pour chambres froides :",1,équipements importés n’ayant pas de similaires fabriqués localement,secteurs économiques généraux,False
841899 9 0 1,84.18,"Réfrigérateurs, congélateurs-conservateurs et autres matériel, machines et appareils pour la production du froid, à équipement électrique ou autre ; pompes à chaleur autres que les machines et appareils pour le conditionnement de l'air du n° 84.15 : > Parties : > Autres : > autres : > Panneaux modulaires isolants pour chambres froides : > d'une épaisseur supérieure à 250 mm.",1,équipements importés n’ayant pas de similaires fabriqués localement,secteurs économiques généraux,False
EX 841899,84.18,"Réfrigérateurs, congélateurs-conservateurs et autres matériel, machines et appareils pour la production du froid, à équipement électrique ou autre ; pompes à chaleur autres que les machines et appareils pour le conditionnement de l'air du n° 84.15 : > Parties : > Autres : > autres : > Panneaux modulaires isolants pour chambres froides : > d'une épaisseur supérieure à 250 mm. > Panneaux isolants pour équiper des salles blanches pour industries pharmaceutiques",1,équipements importés n’ayant pas de similaires fabriqués localement,secteurs économiques généraux,False
,84.19,"Appareils, dispositifs ou équipements de laboratoire même chauffésélectriquement (à l'exclusion des fours et autres appareils du n° 85.14), pour le traitement de matières par des opérations impliquant un changement de température telles que le chauffage, la cuisson, la torréfaction, la distillation, la rectification, la stérilisation, la pasteurisation,l'étuvage,le séchage,l'évaporation, la vaporisation, la condensation ou le refroidissement, autres que les appareils domestiques;chauffe-eau non électriques, à chauffage ou à accumulation",1,équipements importés n’ayant pas de similaires fabriqués localement,secteurs économiques généraux,False
841920 0 0 0,84.19,"Appareils, dispositifs ou équipements de laboratoire même chauffésélectriquement (à l'exclusion des fours et autres appareils du n° 85.14), pour le traitement de matières par des opérations impliquant un changement de température telles que le chauffage, la cuisson, la torréfaction, la distillation, la rectification, la stérilisation, la pasteurisation,l'étuvage,le séchage,l'évaporation, la vaporisation, la condensation ou le refroidissement, autres que les appareils domestiques;chauffe-eau non électriques, à chauffage ou à accumulation > Stérilisateurs médico-chirurgicaux ou de laboratoires",1,équipements importés n’ayant pas de similaires fabriqués localement,secteurs économiques généraux,False
,84.19,Groupe frigorifiques destinés au matériel de transport des produits de la mer et du lait frais. > Séchoirs :,1,équipements importés n’ayant pas de similaires fabriqués localement,secteurs économiques généraux,False
841932 0 0 0,84.19,"Appareils, dispositifs ou équipements de laboratoire même chauffésélectriquement (à l'exclusion des fours et autres appareils du n° 85.14), pour le traitement de matières par des opérations impliquant un changement de température telles que le chauffage, la cuisson, la torréfaction, la distillation, la rectification, la stérilisation, la pasteurisation,l'étuvage,le séchage,l'évaporation, la vaporisation, la condensation ou le refroidissement, autres que les appareils domestiques;chauffe-eau non électriques, à chauffage ou à accumulation > Séchoirs : > Pour le bois, les pâtes à papier, papiers ou cartons",1,équipements importés n’ayant pas de similaires fabriqués localement,secteurs économiques généraux,False
841939,84.19,"Appareils, dispositifs ou équipements de laboratoire même chauffésélectriquement (à l'exclusion des fours et autres appareils du n° 85.14), pour le traitement de matières par des opérations impliquant un changement de température telles que le chauffage, la cuisson, la torréfaction, la distillation, la rectification, la stérilisation, la pasteurisation,l'étuvage,le séchage,l'évaporation, la vaporisation, la condensation ou le refroidissement, autres que les appareils domestiques;chauffe-eau non électriques, à chauffage ou à accumulation > Séchoirs : > Autres :",1,équipements importés n’ayant pas de similaires fabriqués localement,secteurs économiques généraux,False
,84.18,"Réfrigérateurs, congélateurs-conservateurs et autres matériel, machines et appareils pour la production du froid, à équipement électrique ou autre ; pompes à chaleur autres que les machines et appareils pour le conditionnement de l'air du n° 84.15 : > Séchoirs : > Autres : > autres :",1,équipements importés n’ayant pas de similaires fabriqués localement,secteurs économiques généraux,False
841939 0 0 9,84.19,"Appareils, dispositifs ou équipements de laboratoire même chauffésélectriquement (à l'exclusion des fours et autres appareils du n° 85.14), pour le traitement de matières par des opérations impliquant un changement de température telles que le chauffage, la cuisson, la torréfaction, la distillation, la rectification, la stérilisation, la pasteurisation,l'étuvage,le séchage,l'évaporation, la vaporisation, la condensation ou le refroidissement, autres que les appareils domestiques;chauffe-eau non électriques, à chauffage ou à accumulation > Séchoirs : > Autres : > autres : > Autres (à l'exclusion des séchoirs rapides du n° 841939002).",1,équipements importés n’ayant pas de similaires fabriqués localement,secteurs économiques généraux,False
841940 0 0 0,84.19,"Appareils, dispositifs ou équipements de laboratoire même chauffésélectriquement (à l'exclusion des fours et autres appareils du n° 85.14), pour le traitement de matières par des opérations impliquant un changement de température telles que le chauffage, la cuisson, la torréfaction, la distillation, la rectification, la stérilisation, la pasteurisation,l'étuvage,le séchage,l'évaporation, la vaporisation, la condensation ou le refroidissement, autres que les appareils domestiques;chauffe-eau non électriques, à chauffage ou à accumulation > Appareils de distillation ou de rectification",1,équipements importés n’ayant pas de similaires fabriqués localement,secteurs économiques généraux,False
841950,84.19,"Appareils, dispositifs ou équipements de laboratoire même chauffésélectriquement (à l'exclusion des fours et autres appareils du n° 85.14), pour le traitement de matières par des opérations impliquant un changement de température telles que le chauffage, la cuisson, la torréfaction, la distillation, la rectification, la stérilisation, la pasteurisation,l'étuvage,le séchage,l'évaporation, la vaporisation, la condensation ou le refroidissement, autres que les appareils domestiques;chauffe-eau non électriques, à chauffage ou à accumulation > Echangeurs de chaleur",1,équipements importés n’ayant pas de similaires fabriqués localement,secteurs économiques généraux,False
841960 0 0 0,84.19,"Appareils, dispositifs ou équipements de laboratoire même chauffésélectriquement (à l'exclusion des fours et autres appareils du n° 85.14), pour le traitement de matières par des opérations impliquant un changement de température telles que le chauffage, la cuisson, la torréfaction, la distillation, la rectification, la stérilisation, la pasteurisation,l'étuvage,le séchage,l'évaporation, la vaporisation, la condensation ou le refroidissement, autres que les appareils domestiques;chauffe-eau non électriques, à chauffage ou à accumulation > Appareils et dispositifs pour la liquéfaction de l'air ou d'autres gaz",1,équipements importés n’ayant pas de similaires fabriqués localement,secteurs économiques généraux,False
,84.18,"Réfrigérateurs, congélateurs-conservateurs et autres matériel, machines et appareils pour la production du froid, à équipement électrique ou autre ; pompes à chaleur autres que les machines et appareils pour le conditionnement de l'air du n° 84.15 : > Autres appareils et dispositifs :",1,équipements importés n’ayant pas de similaires fabriqués localement,secteurs économiques généraux,False
,84.19,Groupe frigorifiques destinés au matériel de transport des produits de la mer et du lait frais. > Autres appareils et dispositifs : > Pour la préparation de boissons chaudes ou la cuisson ou le chauffage des aliments :,1,équipements importés n’ayant pas de similaires fabriqués localement,secteurs économiques généraux,False
841981,84.19,"Appareils, dispositifs ou équipements de laboratoire même chauffésélectriquement (à l'exclusion des fours et autres appareils du n° 85.14), pour le traitement de matières par des opérations impliquant un changement de température telles que le chauffage, la cuisson, la torréfaction, la distillation, la rectification, la stérilisation, la pasteurisation,l'étuvage,le séchage,l'évaporation, la vaporisation, la condensation ou le refroidissement, autres que les appareils domestiques;chauffe-eau non électriques, à chauffage ou à accumulation > Autres appareils et dispositifs : > Pour la préparation de boissons chaudes ou la cuisson ou le chauffage des aliments : > Autres :",1,équipements importés n’ayant pas de similaires fabriqués localement,secteurs économiques généraux,False
841981 8 0 1,84.19,"Appareils, dispositifs ou équipements de laboratoire même chauffésélectriquement (à l'exclusion des fours et autres appareils du n° 85.14), pour le traitement de matières par des opérations impliquant un changement de température telles que le chauffage, la cuisson, la torréfaction, la distillation, la rectification, la stérilisation, la pasteurisation,l'étuvage,le séchage,l'évaporation, la vaporisation, la condensation ou le refroidissement, autres que les appareils domestiques;chauffe-eau non électriques, à chauffage ou à accumulation > Autres appareils et dispositifs : > Pour la préparation de boissons chaudes ou la cuisson ou le chauffage des aliments : > Autres : > Appareils pour la cuisson industrielle des aliments..",1,équipements importés n’ayant pas de similaires fabriqués localement,secteurs économiques généraux,False
841989,84.19,"Appareils, dispositifs ou équipements de laboratoire même chauffésélectriquement (à l'exclusion des fours et autres appareils du n° 85.14), pour le traitement de matières par des opérations impliquant un changement de température telles que le chauffage, la cuisson, la torréfaction, la distillation, la rectification, la stérilisation, la pasteurisation,l'étuvage,le séchage,l'évaporation, la vaporisation, la condensation ou le refroidissement, autres que les appareils domestiques;chauffe-eau non électriques, à chauffage ou à accumulation > Autres appareils et dispositifs : > Autres :",1,équipements importés n’ayant pas de similaires fabriqués localement,secteurs économiques généraux,False
841989 1 0 0,84.19,"Appareils, dispositifs ou équipements de laboratoire même chauffésélectriquement (à l'exclusion des fours et autres appareils du n° 85.14), pour le traitement de matières par des opérations impliquant un changement de température telles que le chauffage, la cuisson, la torréfaction, la distillation, la rectification, la stérilisation, la pasteurisation,l'étuvage,le séchage,l'évaporation, la vaporisation, la condensation ou le refroidissement, autres que les appareils domestiques;chauffe-eau non électriques, à chauffage ou à accumulation > Autres appareils et dispositifs : > Autres : > Appareils et dispositifs de refroidissement par retour d'eau, dans lesquels l'échange thermique ne s'effectue pas à travers une paroi.",1,équipements importés n’ayant pas de similaires fabriqués localement,secteurs économiques généraux,False
841989 3 0 0,84.19,"Appareils, dispositifs ou équipements de laboratoire même chauffésélectriquement (à l'exclusion des fours et autres appareils du n° 85.14), pour le traitement de matières par des opérations impliquant un changement de température telles que le chauffage, la cuisson, la torréfaction, la distillation, la rectification, la stérilisation, la pasteurisation,l'étuvage,le séchage,l'évaporation, la vaporisation, la condensation ou le refroidissement, autres que les appareils domestiques;chauffe-eau non électriques, à chauffage ou à accumulation > Autres appareils et dispositifs : > Autres : > Appareils et dispositifs de métallisation sous vide",1,équipements importés n’ayant pas de similaires fabriqués localement,secteurs économiques généraux,False
,84.19,Groupe frigorifiques destinés au matériel de transport des produits de la mer et du lait frais. > Autres appareils et dispositifs : > Autres : > autres :,1,équipements importés n’ayant pas de similaires fabriqués localement,secteurs économiques généraux,False
841989 9 8 1,84.19,"Appareils, dispositifs ou équipements de laboratoire même chauffésélectriquement (à l'exclusion des fours et autres appareils du n° 85.14), pour le traitement de matières par des opérations impliquant un changement de température telles que le chauffage, la cuisson, la torréfaction, la distillation, la rectification, la stérilisation, la pasteurisation,l'étuvage,le séchage,l'évaporation, la vaporisation, la condensation ou le refroidissement, autres que les appareils domestiques;chauffe-eau non électriques, à chauffage ou à accumulation > Autres appareils et dispositifs : > Autres : > autres : > Pour l'industrie alimentaire",1,équipements importés n’ayant pas de similaires fabriqués localement,secteurs économiques généraux,False
841989 9 8 9,84.19,"Appareils, dispositifs ou équipements de laboratoire même chauffésélectriquement (à l'exclusion des fours et autres appareils du n° 85.14), pour le traitement de matières par des opérations impliquant un changement de température telles que le chauffage, la cuisson, la torréfaction, la distillation, la rectification, la stérilisation, la pasteurisation,l'étuvage,le séchage,l'évaporation, la vaporisation, la condensation ou le refroidissement, autres que les appareils domestiques;chauffe-eau non électriques, à chauffage ou à accumulation > Autres appareils et dispositifs : > Autres : > autres : > pour d'autres industries",1,équipements importés n’ayant pas de similaires fabriqués localement,secteurs économiques généraux,False
,84.20,"Calandres et laminoirs, autres que pour les métaux ou le verre, et cylindres pour ces machines :",1,équipements importés n’ayant pas de similaires fabriqués localement,secteurs économiques généraux,False
842010,84.20,"Calandres et laminoirs, autres que pour les métaux ou le verre, et cylindres pour ces machines : > Calandres et laminoirs :",1,équipements importés n’ayant pas de similaires fabriqués localement,secteurs économiques généraux,False
842010 1 0 0,84.20,"Calandres et laminoirs, autres que pour les métaux ou le verre, et cylindres pour ces machines : > Calandres et laminoirs : > des types utilisés dans l'industrie textile",1,équipements importés n’ayant pas de similaires fabriqués localement,secteurs économiques généraux,False
842010 3 0 0,84.20,"Calandres et laminoirs, autres que pour les métaux ou le verre, et cylindres pour ces machines : > Calandres et laminoirs : > des types utilisés dans l'industrie du papier",1,équipements importés n’ayant pas de similaires fabriqués localement,secteurs économiques généraux,False
,84.20,"Calandres et laminoirs, autres que pour les métaux ou le verre, et cylindres pour ces machines : > Calandres et laminoirs : > autres :",1,équipements importés n’ayant pas de similaires fabriqués localement,secteurs économiques généraux,False
,84.20,"Calandres et laminoirs, autres que pour les métaux ou le verre, et cylindres pour ces machines : > Calandres et laminoirs : > autres : > autres :",1,équipements importés n’ayant pas de similaires fabriqués localement,secteurs économiques généraux,False
842010 8 9 9,84.20,"Calandres et laminoirs, autres que pour les métaux ou le verre, et cylindres pour ces machines : > Calandres et laminoirs : > autres : > autres : > autres :",1,équipements importés n’ayant pas de similaires fabriqués localement,secteurs économiques généraux,False
,84.20,"Calandres et laminoirs, autres que pour les métaux ou le verre, et cylindres pour ces machines : > Parties :",1,équipements importés n’ayant pas de similaires fabriqués localement,secteurs économiques généraux,False
842091,84.20,"Calandres et laminoirs, autres que pour les métaux ou le verre, et cylindres pour ces machines : > Parties : > Cylindres :",1,équipements importés n’ayant pas de similaires fabriqués localement,secteurs économiques généraux,False
842091 1 0 0,84.20,"Calandres et laminoirs, autres que pour les métaux ou le verre, et cylindres pour ces machines : > Parties : > Cylindres : > En fonte.",1,équipements importés n’ayant pas de similaires fabriqués localement,secteurs économiques généraux,False
842091 8 0 0,84.20,"Calandres et laminoirs, autres que pour les métaux ou le verre, et cylindres pour ces machines : > Parties : > Cylindres : > Autres",1,équipements importés n’ayant pas de similaires fabriqués localement,secteurs économiques généraux,False
,84.21,"Centrifugeuses, y compris les essoreuses centrifuges ; appareils pour la filtration ou l'épuration des liquides ou des gaz:",1,équipements importés n’ayant pas de similaires fabriqués localement,secteurs économiques généraux,False
,84.21,"Centrifugeuses, y compris les essoreuses centrifuges ; appareils pour la filtration ou l'épuration des liquides ou des gaz: > Centrifugeuses, y compris les essoreuses centrifuges :",1,équipements importés n’ayant pas de similaires fabriqués localement,secteurs économiques généraux,False
842111 0 0 0,84.21,"Centrifugeuses, y compris les essoreuses centrifuges ; appareils pour la filtration ou l'épuration des liquides ou des gaz: > Centrifugeuses, y compris les essoreuses centrifuges : > Ecrémeuses",1,équipements importés n’ayant pas de similaires fabriqués localement,secteurs économiques généraux,False
842119,84.21,"Centrifugeuses, y compris les essoreuses centrifuges ; appareils pour la filtration ou l'épuration des liquides ou des gaz: > Centrifugeuses, y compris les essoreuses centrifuges : > Autres :",1,équipements importés n’ayant pas de similaires fabriqués localement,secteurs économiques généraux,False
842119 2 0 0,84.21,"Centrifugeuses, y compris les essoreuses centrifuges ; appareils pour la filtration ou l'épuration des liquides ou des gaz: > Centrifugeuses, y compris les essoreuses centrifuges : > Autres : > Centrifugeuses du type utilisé dans les laboratoires",1,équipements importés n’ayant pas de similaires fabriqués localement,secteurs économiques généraux,False
842119 7 0 0,84.21,"Centrifugeuses, y compris les essoreuses centrifuges ; appareils pour la filtration ou l'épuration des liquides ou des gaz: > Centrifugeuses, y compris les essoreuses centrifuges : > Autres : > autres",1,équipements importés n’ayant pas de similaires fabriqués localement,secteurs économiques généraux,False
,84.21,"Centrifugeuses, y compris les essoreuses centrifuges ; appareils pour la filtration ou l'épuration des liquides ou des gaz: > Appareils pour la filtration ou l'épuration des liquides :",1,équipements importés n’ayant pas de similaires fabriqués localement,secteurs économiques généraux,False
842121 0 0 0,84.21,"Centrifugeuses, y compris les essoreuses centrifuges ; appareils pour la filtration ou l'épuration des liquides ou des gaz: > Appareils pour la filtration ou l'épuration des liquides : > Pour la filtration ou l'épuration des eaux",1,équipements importés n’ayant pas de similaires fabriqués localement,secteurs économiques généraux,False
842122 0 0 0,84.21,"Centrifugeuses, y compris les essoreuses centrifuges ; appareils pour la filtration ou l'épuration des liquides ou des gaz: > Appareils pour la filtration ou l'épuration des liquides : > Pour la filtration ou l'épuration des boissons autres que l'eau",1,équipements importés n’ayant pas de similaires fabriqués localement,secteurs économiques généraux,False
EX 842129,84.21,"Centrifugeuses, y compris les essoreuses centrifuges ; appareils pour la filtration ou l'épuration des liquides ou des gaz: > Appareils pour la filtration ou l'épuration des liquides : > Autres :",1,équipements importés n’ayant pas de similaires fabriqués localement,secteurs économiques généraux,False
,84.21,"Centrifugeuses, y compris les essoreuses centrifuges ; appareils pour la filtration ou l'épuration des liquides ou des gaz: > Appareils pour la filtration ou l'épuration des liquides : > Autres : > Autres :",1,équipements importés n’ayant pas de similaires fabriqués localement,secteurs économiques généraux,False
842129 8 0 9,84.21,"Centrifugeuses, y compris les essoreuses centrifuges ; appareils pour la filtration ou l'épuration des liquides ou des gaz: > Appareils pour la filtration ou l'épuration des liquides : > Autres : > Autres : > autres",1,équipements importés n’ayant pas de similaires fabriqués localement,secteurs économiques généraux,False
842139,84.21,"Centrifugeuses, y compris les essoreuses centrifuges ; appareils pour la filtration ou l'épuration des liquides ou des gaz: > Appareils pour la filtration ou l'épuration des liquides : > Autres :",1,équipements importés n’ayant pas de similaires fabriqués localement,secteurs économiques généraux,False
,84.22,"servant à nettoyer ou à sécher les bouteilles ou autres récipients ; machines et appareils à remplir, fermer, boucher ou étiqueter les bouteilles, boîtes, sacs ou autres contenants ; machines et appareils à capsuler les bouteilles, pots, tubes et contenants analogues ; autres machines et appareils à empaqueter ou à emballer les marchandises (y compris les machines et appareils à emballer sous film thermo retractable); machines et appareils à gazéifier les boissons :",1,équipements importés n’ayant pas de similaires fabriqués localement,secteurs économiques généraux,False
842220 0 0 0,84.22,"servant à nettoyer ou à sécher les bouteilles ou autres récipients ; machines et appareils à remplir, fermer, boucher ou étiqueter les bouteilles, boîtes, sacs ouautres contenants ; machines et appareils à capsuler lesbouteilles,pots, tubes et contenants analogues ; autresmachines et appareils à empaqueter ou à emballer lesmarchandises (y compris les machines et appareils à emballer sous film thermo retractable); machines et appareils à gazéifier les boissons : > Machines et appareils servant à nettoyer ou à sécher les bouteilles ou autres récipients.",1,équipements importés n’ayant pas de similaires fabriqués localement,secteurs économiques généraux,False
842230 0 0 0,84.22,"servant à nettoyer ou à sécher les bouteilles ou autres récipients ; machines et appareils à remplir, fermer, boucher ou étiqueter les bouteilles, boîtes, sacs ouautres contenants ; machines et appareils à capsuler lesbouteilles,pots, tubes et contenants analogues ; autresmachines et appareils à empaqueter ou à emballer lesmarchandises (y compris les machines et appareils à emballer sous film thermo retractable); machines et appareils à gazéifier les boissons : > Machines et appareils à remplir, fermer, boucher ou étiqueter les bouteilles, boîtes, sacs ou autres contenants ; machines et appareils à capsuler les bouteilles, pots, tubes et contenants analogues ; machines et appareils à gazéifier les boissons",1,équipements importés n’ayant pas de similaires fabriqués localement,secteurs économiques généraux,False
842240 0 0 0,84.22,"servant à nettoyer ou à sécher les bouteilles ou autres récipients ; machines et appareils à remplir, fermer, boucher ou étiqueter les bouteilles, boîtes, sacs ouautres contenants ; machines et appareils à capsuler lesbouteilles,pots, tubes et contenants analogues ; autresmachines et appareils à empaqueter ou à emballer lesmarchandises (y compris les machines et appareils à emballer sous film thermo retractable); machines et appareils à gazéifier les boissons : > Autres machines et appareils à empaqueter ou à emballer les marchandises (y compris les machines et appareils à emballer sous film thermorétractable)",1,équipements importés n’ayant pas de similaires fabriqués localement,secteurs économiques généraux,False
,84.23,"Appareils et instruments de pesage, y compris les bascules et balances à vérifier les pièces usinées, mais à l'exclusion des balances sensibles à un poids de 5 cg ou moins ; poids pour toutes balances :",1,équipements importés n’ayant pas de similaires fabriqués localement,secteurs économiques généraux,False
842320,84.23,"Appareils et instruments de pesage, y compris les bas- cules et balances à vérifier les pièces usinées, mais à l'exclusion des balances sensibles à un poids de 5 cg ou moins ; poids pour toutes balances : > Bascules à pesage continu sur transporteurs.",1,équipements importés n’ayant pas de similaires fabriqués localement,secteurs économiques généraux,False
842330,84.23,"Appareils et instruments de pesage, y compris les bas- cules et balances à vérifier les pièces usinées, mais à l'exclusion des balances sensibles à un poids de 5 cg ou moins ; poids pour toutes balances : > Bascules à pesées constantes et balances et bascules ensacheuses ou doseuses.",1,équipements importés n’ayant pas de similaires fabriqués localement,secteurs économiques généraux,False
,84.23,"Appareils et instruments de pesage, y compris les bascules et balances à vérifier les pièces usinées, mais à l'exclusion des balances sensibles à un poids de 5 cg ou moins ; poids pour toutes balances : > Bascules à pesées constantes et balances et bascules ensacheuses ou doseuses. > D'une portée excédant 30 kg mais n'excédant pas 5000 kg :",1,équipements importés n’ayant pas de similaires fabriqués localement,secteurs économiques généraux,False
,84.23,"Appareils et instruments de pesage, y compris les bascules et balances à vérifier les pièces usinées, mais à l'exclusion des balances sensibles à un poids de 5 cg ou moins ; poids pour toutes balances : > Bascules à pesées constantes et balances et bascules ensacheuses ou doseuses. > D'une portée excédant 30 kg mais n'excédant pas 5000 kg : > Autres:",1,équipements importés n’ayant pas de similaires fabriqués localement,secteurs économiques généraux,False
842382,84.23,"Appareils et instruments de pesage, y compris les bas- cules et balances à vérifier les pièces usinées, mais à l'exclusion des balances sensibles à un poids de 5 cg ou moins ; poids pour toutes balances : > Bascules à pesées constantes et balances et bascules ensacheuses ou doseuses. > D'une portée excédant 30 kg mais n'excédant pas 5000 kg : > Autres: > Instruments de contrôle par référence à un poids prédéterminé, à fonctionnement automatique, y compris les trieuses pondérales :",1,équipements importés n’ayant pas de similaires fabriqués localement,secteurs économiques généraux,False
842382 8 1 1,84.23,"Appareils et instruments de pesage, y compris les bas- cules et balances à vérifier les pièces usinées, mais à l'exclusion des balances sensibles à un poids de 5 cg ou moins ; poids pour toutes balances : > Bascules à pesées constantes et balances et bascules ensacheuses ou doseuses. > D'une portée excédant 30 kg mais n'excédant pas 5000 kg : > Autres: > Instruments de contrôle par référence à un poids prédéterminé, à fonctionnement automatique, y compris les trieuses pondérales : > Trieuses pondérales à fonctionnement automatique....",1,équipements importés n’ayant pas de similaires fabriqués localement,secteurs économiques généraux,False
,84.24,"Appareils mécaniques (même à main) à projeter, disperser ou pulvériser des matières liquides ou en poudre ; extincteurs, même chargés ; pistolets aérographes et appareils similaires ; machines et appareils à jet de sable, à jet de vapeur et appareils à jet similaires :",1,équipements importés n’ayant pas de similaires fabriqués localement,secteurs économiques généraux,False
842420 0 0 0,84.24,"Appareils mécaniques (même à main) à projeter, disperser ou pulvériser des matières liquides ou en poudre ; extincteurs, même chargés ; pistolets aérographes et appareils similaires ; machines et appareils à jet de sable, à jet de vapeur et appareils à jet similaires : > Pistolets aérographes et appareils similaires.",1,équipements importés n’ayant pas de similaires fabriqués localement,secteurs économiques généraux,False
842430,84.24,"Appareils mécaniques (même à main) à projeter, disperser ou pulvériser des matières liquides ou en poudre ; extincteurs, même chargés ; pistolets aérographes et appareils similaires ; machines et appareils à jet de sable, à jet de vapeur et appareils à jet similaires : > Machines et appareils à jet de sable, à jet de vapeur et appareils à jet similaires :",1,équipements importés n’ayant pas de similaires fabriqués localement,secteurs économiques généraux,False
,84.24,"Appareils mécaniques (même à main) à projeter, disperser ou pulvériser des matières liquides ou en poudre ; extincteurs, même chargés ; pistolets aérographes et appareils similaires ; machines et appareils à jet de sable, à jet de vapeur et appareils à jet similaires : > Autres appareils :",1,équipements importés n’ayant pas de similaires fabriqués localement,secteurs économiques généraux,False
,84.24,"Appareils mécaniques (même à main) à projeter, disperser ou pulvériser des matières liquides ou en poudre ; extincteurs, même chargés ; pistolets aérographes et appareils similaires ; machines et appareils à jet de sable, à jet de vapeur et appareils à jet similaires : > Autres appareils : > Autres :",1,équipements importés n’ayant pas de similaires fabriqués localement,secteurs économiques généraux,False
,84.24,"Appareils mécaniques (même à main) à projeter, disperser ou pulvériser des matières liquides ou en poudre ; extincteurs, même chargés ; pistolets aérographes et appareils similaires ; machines et appareils à jet de sable, à jet de vapeur et appareils à jet similaires : > Autres appareils : > Autres : > Autres :",1,équipements importés n’ayant pas de similaires fabriqués localement,secteurs économiques généraux,False
842489,84.24,"Appareils mécaniques (même à main) à projeter, disperser ou pulvériser des matières liquides ou en poudre ; extincteurs, même chargés ; pistolets aérographes et appareils similaires ; machines et appareils à jet de sable, à jet de vapeur et appareils à jet similaires : > Autres appareils : > Autres : > Autres : > Autres :",1,équipements importés n’ayant pas de similaires fabriqués localement,secteurs économiques généraux,False
842489 7 0 9,84.24,"Appareils mécaniques (même à main) à projeter, disperser ou pulvériser des matières liquides ou en poudre ; extincteurs, même chargés ; pistolets aérographes et appareils similaires ; machines et appareils à jet de sable, à jet de vapeur et appareils à jet similaires : > Autres appareils : > Autres : > Autres : > Autres : > Autres.",1,équipements importés n’ayant pas de similaires fabriqués localement,secteurs économiques généraux,False
,84.25,Palans ; treuils et cabestans ; crics et vérins :,1,équipements importés n’ayant pas de similaires fabriqués localement,secteurs économiques généraux,False
,84.25,Palans ; treuils et cabestans ; crics et vérins : > Palans :,1,équipements importés n’ayant pas de similaires fabriqués localement,secteurs économiques généraux,False
842511 0 0 0,84.25,Palans ; treuils et cabestans ; crics et vérins : > Palans : > A moteur électrique :,1,équipements importés n’ayant pas de similaires fabriqués localement,secteurs économiques généraux,False
842519 0 0 0,84.25,Palans ; treuils et cabestans ; crics et vérins : > Palans : > Autres :,1,équipements importés n’ayant pas de similaires fabriqués localement,secteurs économiques généraux,False
842539 0 0,84.25,Palans ; treuils et cabestans ; crics et vérins : > Palans : > Autres :,1,équipements importés n’ayant pas de similaires fabriqués localement,secteurs économiques généraux,False
842539 0 0 1,84.25,Palans ; treuils et cabestans ; crics et vérins : > Palans : > Autres : > Treuils assurant la remontée et la descente des cages ou skips dans les puits de mines ; treuils spécialement conçus pour mines au fond :,1,équipements importés n’ayant pas de similaires fabriqués localement,secteurs économiques généraux,False
842539 0 0 2,84.25,Palans ; treuils et cabestans ; crics et vérins : > Palans : > Autres : > Cabestans et treuils remonte filets de pêche :,1,équipements importés n’ayant pas de similaires fabriqués localement,secteurs économiques généraux,False
842539 0 0 9,84.25,Palans ; treuils et cabestans ; crics et vérins : > Palans : > Autres : > autres : (à l'exclusion des treuils assurant la remontée et la descente des cages ou skips dans les puits de mines ; treuils spécialement conçus pour mines au fond du n° 842539001).,1,équipements importés n’ayant pas de similaires fabriqués localement,secteurs économiques généraux,False
842542 0 0,84.25,"Palans ; treuils et cabestans ; crics et vérins : > Palans : > Autres crics et vérins, hydrauliques :",1,équipements importés n’ayant pas de similaires fabriqués localement,secteurs économiques généraux,False
,84.25,"Palans ; treuils et cabestans ; crics et vérins : > Palans : > Autres crics et vérins, hydrauliques : > Autres :",1,équipements importés n’ayant pas de similaires fabriqués localement,secteurs économiques généraux,False
842542 0 0 2,84.25,"Palans ; treuils et cabestans ; crics et vérins : > Palans : > Autres crics et vérins, hydrauliques : > Autres : > Crics : (autre que pour le relevage des véhicules automobiles du n° 842542001).",1,équipements importés n’ayant pas de similaires fabriqués localement,secteurs économiques généraux,False
,84.26,"Bigues ; grues et blondins ; ponts roulants, portiques de déchargement ou de manutention, ponts-grues, chariots-cavaliers et chariots-grues :",1,équipements importés n’ayant pas de similaires fabriqués localement,secteurs économiques généraux,False
,84.26,"Bigues ; grues et blondins ; ponts roulants, portiques de déchargement ou de manutention, ponts-grues, chariots-cavaliers et chariots-grues : > Ponts roulants, poutres roulantes, portiques, ponts-grues et chariots-cavaliers :",1,équipements importés n’ayant pas de similaires fabriqués localement,secteurs économiques généraux,False
842612 0 0,84.26,"Bigues ; grues et blondins ; ponts roulants, portiques de déchargement ou de manutention, ponts-grues,chariots- cavaliers et chariots-grues : > Ponts roulants, poutres roulantes, portiques, ponts-grues et chariots-cavaliers : > Portiques mobiles sur pneumatiques et chariots-cavaliers :",1,équipements importés n’ayant pas de similaires fabriqués localement,secteurs économiques généraux,False
842612 0 0 1,84.26,"Bigues ; grues et blondins ; ponts roulants, portiques de déchargement ou de manutention, ponts-grues,chariots- cavaliers et chariots-grues : > Ponts roulants, poutres roulantes, portiques, ponts-grues et chariots-cavaliers : > Portiques mobiles sur pneumatiques et chariots-cavaliers : > Portiques mobiles sur pneumatiques",1,équipements importés n’ayant pas de similaires fabriqués localement,secteurs économiques généraux,False
842619 0 0,84.26,"Bigues ; grues et blondins ; ponts roulants, portiques de déchargement ou de manutention, ponts-grues,chariots- cavaliers et chariots-grues : > Ponts roulants, poutres roulantes, portiques, ponts-grues et chariots-cavaliers : > Autres :",1,équipements importés n’ayant pas de similaires fabriqués localement,secteurs économiques généraux,False
842619 0 0 1,84.26,"Bigues ; grues et blondins ; ponts roulants, portiques de déchargement ou de manutention, ponts-grues,chariots- cavaliers et chariots-grues : > Ponts roulants, poutres roulantes, portiques, ponts-grues et chariots-cavaliers : > Autres : > Ponts-grues.",1,équipements importés n’ayant pas de similaires fabriqués localement,secteurs économiques généraux,False
842620 0 0 0,84.26,"Bigues ; grues et blondins ; ponts roulants, portiques de déchargement ou de manutention, ponts-grues,chariots- cavaliers et chariots-grues : > Grues à tour",1,équipements importés n’ayant pas de similaires fabriqués localement,secteurs économiques généraux,False
842630 0 0 0,84.26,"Bigues ; grues et blondins ; ponts roulants, portiques de déchargement ou de manutention, ponts-grues,chariots- cavaliers et chariots-grues : > Grues sur portiques",1,équipements importés n’ayant pas de similaires fabriqués localement,secteurs économiques généraux,False
,84.26,"Bigues ; grues et blondins ; ponts roulants, portiques de déchargement ou de manutention, ponts-grues, chariots-cavaliers et chariots-grues : > Autres machines et appareils, autopropulsés :",1,équipements importés n’ayant pas de similaires fabriqués localement,secteurs économiques généraux,False
842641 0 0 0,84.26,"Bigues ; grues et blondins ; ponts roulants, portiques de déchargement ou de manutention, ponts-grues,chariots- cavaliers et chariots-grues : > Autres machines et appareils, autopropulsés : > Sur pneumatiques",1,équipements importés n’ayant pas de similaires fabriqués localement,secteurs économiques généraux,False
842649 0 0 0,84.26,"Bigues ; grues et blondins ; ponts roulants, portiques de déchargement ou de manutention, ponts-grues,chariots- cavaliers et chariots-grues : > Autres machines et appareils, autopropulsés : > Autres",1,équipements importés n’ayant pas de similaires fabriqués localement,secteurs économiques généraux,False
,84.26,"Bigues ; grues et blondins ; ponts roulants, portiques de déchargement ou de manutention, ponts-grues, chariots-cavaliers et chariots-grues : > Autres machines et appareils :",1,équipements importés n’ayant pas de similaires fabriqués localement,secteurs économiques généraux,False
842691,84.26,"Bigues ; grues et blondins ; ponts roulants, portiques de déchargement ou de manutention, ponts-grues,chariots- cavaliers et chariots-grues : > Autres machines et appareils : > Conçus pour être montés sur un véhicule routier :",1,équipements importés n’ayant pas de similaires fabriqués localement,secteurs économiques généraux,False
842691 1 0 0,84.26,"Bigues ; grues et blondins ; ponts roulants, portiques de déchargement ou de manutention, ponts-grues,chariots- cavaliers et chariots-grues : > Autres machines et appareils : > Conçus pour être montés sur un véhicule routier : > Grues hydrauliques pour le chargement ou le déchargement du véhicule",1,équipements importés n’ayant pas de similaires fabriqués localement,secteurs économiques généraux,False
,84.26,"Bigues ; grues et blondins ; ponts roulants, portiques de déchargement ou de manutention, ponts-grues, chariots-cavaliers et chariots-grues : > Autres machines et appareils : > Conçus pour être montés sur un véhicule routier : > autres :",1,équipements importés n’ayant pas de similaires fabriqués localement,secteurs économiques généraux,False
842691 9 0 1,84.26,"Bigues ; grues et blondins ; ponts roulants, portiques de déchargement ou de manutention, ponts-grues,chariots- cavaliers et chariots-grues : > Autres machines et appareils : > Conçus pour être montés sur un véhicule routier : > autres : > Hayons",1,équipements importés n’ayant pas de similaires fabriqués localement,secteurs économiques généraux,False
842699 0 0,84.26,"Bigues ; grues et blondins ; ponts roulants, portiques de déchargement ou de manutention, ponts-grues,chariots- cavaliers et chariots-grues : > Autres machines et appareils : > Autres :",1,équipements importés n’ayant pas de similaires fabriqués localement,secteurs économiques généraux,False
842699 0 0 9,84.26,"Bigues ; grues et blondins ; ponts roulants, portiques de déchargement ou de manutention, ponts-grues,chariots- cavaliers et chariots-grues : > Autres machines et appareils : > Autres : > autres (à l'exclusion des grues hydrauliques, de chantier, d'une charge n'excédant pas 1000 Kg du n° 842699001)",1,équipements importés n’ayant pas de similaires fabriqués localement,secteurs économiques généraux,False
,84.27,Chariots-gerbeurs ; autres chariots de manutention munis d'un dispositif de levage :,1,équipements importés n’ayant pas de similaires fabriqués localement,secteurs économiques généraux,False
842710,84.27,Chariots-gerbeurs ; autres chariots de manutention munis d'un dispositif de levage : > Chariots autopropulsés à moteur électrique :,1,équipements importés n’ayant pas de similaires fabriqués localement,secteurs économiques généraux,False
842710 1 0 0,84.27,Chariots-gerbeurs ; autres chariots de manutention munis d'un dispositif de levage : > Chariots autopropulsés à moteur électrique : > élevant à une hauteur de 1 m ou plus,1,équipements importés n’ayant pas de similaires fabriqués localement,secteurs économiques généraux,False
842710 9 0 0,84.27,Chariots-gerbeurs ; autres chariots de manutention munis d'un dispositif de levage : > Chariots autopropulsés à moteur électrique : > autres,1,équipements importés n’ayant pas de similaires fabriqués localement,secteurs économiques généraux,False
842720,84.27,Chariots-gerbeurs ; autres chariots de manutention munis d'un dispositif de levage : > Autres chariots autopropulsés :,1,équipements importés n’ayant pas de similaires fabriqués localement,secteurs économiques généraux,False
,84.27,Chariots-gerbeurs ; autres chariots de manutention munis d'un dispositif de levage : > Autres chariots autopropulsés : > élevant à une hauteur de 1 m ou plus :,1,équipements importés n’ayant pas de similaires fabriqués localement,secteurs économiques généraux,False
842720 1 1 0,84.27,Chariots-gerbeurs ; autres chariots de manutention munis d'un dispositif de levage : > Autres chariots autopropulsés : > élevant à une hauteur de 1 m ou plus : > Chariots-gerbeurs tous terrains,1,équipements importés n’ayant pas de similaires fabriqués localement,secteurs économiques généraux,False
842720 1 9 0,84.27,Chariots-gerbeurs ; autres chariots de manutention munis d'un dispositif de levage : > Autres chariots autopropulsés : > élevant à une hauteur de 1 m ou plus : > autres,1,équipements importés n’ayant pas de similaires fabriqués localement,secteurs économiques généraux,False
842720 9 0 0,84.27,Chariots-gerbeurs ; autres chariots de manutention munis d'un dispositif de levage : > Autres chariots autopropulsés : > Autres.,1,équipements importés n’ayant pas de similaires fabriqués localement,secteurs économiques généraux,False
842790 0 0 0,84.27,Chariots-gerbeurs ; autres chariots de manutention munis d'un dispositif de levage : > Autres chariots,1,équipements importés n’ayant pas de similaires fabriqués localement,secteurs économiques généraux,False
,84.28,"Autres machines et appareils de levage, de charge- ment, de déchargement ou de manutention (ascenseurs, escaliers mécaniques, transporteurs, téléphériques, par exemple) :",1,équipements importés n’ayant pas de similaires fabriqués localement,secteurs économiques généraux,False
,84.28,"Autres machines et appareils de levage, de charge- ment, de déchargement ou de manutention (ascenseurs, escaliers mécaniques, transporteurs, téléphériques, par exemple) : > Monte-charge :",1,équipements importés n’ayant pas de similaires fabriqués localement,secteurs économiques généraux,False
842810 8 0 9,84.28,"Autres machines et appareils de levage, de charge- ment, de déchargement ou de manutention (ascenseurs, escaliers mécaniques, transporteurs, téléphériques, par example) : > Monte-charge : > D'une charge égale ou supérieure à 2000 kg",1,équipements importés n’ayant pas de similaires fabriqués localement,secteurs économiques généraux,False
842820,84.28,"Autres machines et appareils de levage, de charge- ment, de déchargement ou de manutention (ascenseurs, escaliers mécaniques, transporteurs, téléphériques, par example) : > Appareils élévateurs ou transporteurs, pneumatiques",1,équipements importés n’ayant pas de similaires fabriqués localement,secteurs économiques généraux,False
842820 2 0 0,84.28,"Autres machines et appareils de levage, de charge- ment, de déchargement ou de manutention (ascenseurs, escaliers mécaniques, transporteurs, téléphériques, par example) : > Appareils élévateurs ou transporteurs, pneumatiques > pour produits en vrac",1,équipements importés n’ayant pas de similaires fabriqués localement,secteurs économiques généraux,False
842820 8 0 0,84.28,"Autres machines et appareils de levage, de charge- ment, de déchargement ou de manutention (ascenseurs, escaliers mécaniques, transporteurs, téléphériques, par example) : > Appareils élévateurs ou transporteurs, pneumatiques > autres",1,équipements importés n’ayant pas de similaires fabriqués localement,secteurs économiques généraux,False
,84.28,"Autres machines et appareils de levage, de charge- ment, de déchargement ou de manutention (ascenseurs, escaliers mécaniques, transporteurs, téléphériques, par exemple) : > Autres appareils élévateurs, transporteurs ou convoyeurs, à action continue, pour marchandises :",1,équipements importés n’ayant pas de similaires fabriqués localement,secteurs économiques généraux,False
842831 0 0 0,84.28,"Autres machines et appareils de levage, de charge- ment, de déchargement ou de manutention (ascenseurs, escaliers mécaniques, transporteurs, téléphériques, par example) : > Autres appareils élévateurs, transporteurs ou convoyeurs, à action continue, pour marchandises : > Spécialement conçus pour mines au fond ou pour autres travaux souterrains",1,équipements importés n’ayant pas de similaires fabriqués localement,secteurs économiques généraux,False
842832 0 0 0,84.28,"Autres machines et appareils de levage, de charge- ment, de déchargement ou de manutention (ascenseurs, escaliers mécaniques, transporteurs, téléphériques, par example) : > Autres appareils élévateurs, transporteurs ou convoyeurs, à action continue, pour marchandises : > Autres, à benne",1,équipements importés n’ayant pas de similaires fabriqués localement,secteurs économiques généraux,False
842833 0 0,84.28,"Autres machines et appareils de levage, de charge- ment, de déchargement ou de manutention (ascenseurs, escaliers mécaniques, transporteurs, téléphériques, par example) : > Autres appareils élévateurs, transporteurs ou convoyeurs, à action continue, pour marchandises : > Autres, à bande ou à courroie :",1,équipements importés n’ayant pas de similaires fabriqués localement,secteurs économiques généraux,False
842833 0 0 9,84.28,"Autres machines et appareils de levage, de charge- ment, de déchargement ou de manutention (ascenseurs, escaliers mécaniques, transporteurs, téléphériques, par example) : > Autres appareils élévateurs, transporteurs ou convoyeurs, à action continue, pour marchandises : > Autres, à bande ou à courroie : > autres",1,équipements importés n’ayant pas de similaires fabriqués localement,secteurs économiques généraux,False
842839,84.28,"Autres machines et appareils de levage, de charge- ment, de déchargement ou de manutention (ascenseurs, escaliers mécaniques, transporteurs, téléphériques, par example) : > Autres appareils élévateurs, transporteurs ou convoyeurs, à action continue, pour marchandises : > Autres :",1,équipements importés n’ayant pas de similaires fabriqués localement,secteurs économiques généraux,False
842839 2 0 0,84.28,"Autres machines et appareils de levage, de charge- ment, de déchargement ou de manutention (ascenseurs, escaliers mécaniques, transporteurs, téléphériques, par example) : > Autres appareils élévateurs, transporteurs ou convoyeurs, à action continue, pour marchandises : > Autres : > Transporteurs ou convoyeurs à rouleaux ou à galets",1,équipements importés n’ayant pas de similaires fabriqués localement,secteurs économiques généraux,False
,84.28,"Autres machines et appareils de levage, de charge- ment, de déchargement ou de manutention (ascenseurs, escaliers mécaniques, transporteurs, téléphériques, par exemple) : > Autres appareils élévateurs, transporteurs ou convoyeurs, à action continue, pour marchandises : > Autres : > autres :",1,équipements importés n’ayant pas de similaires fabriqués localement,secteurs économiques généraux,False
842839 9 0 9,84.28,"Autres machines et appareils de levage, de charge- ment, de déchargement ou de manutention (ascenseurs, escaliers mécaniques, transporteurs, téléphériques, par example) : > Autres appareils élévateurs, transporteurs ou convoyeurs, à action continue, pour marchandises : > Autres : > autres : > autres",1,équipements importés n’ayant pas de similaires fabriqués localement,secteurs économiques généraux,False
,84.28,"Autres machines et appareils de levage, de charge- ment, de déchargement ou de manutention (ascenseurs, escaliers mécaniques, transporteurs, téléphériques, par exemple) : > Autres machines et appareils :",1,équipements importés n’ayant pas de similaires fabriqués localement,secteurs économiques généraux,False
842890,84.28,"Autres machines et appareils de levage, de charge- ment, de déchargement ou de manutention (ascenseurs, escaliers mécaniques, transporteurs, téléphériques, par example) : > Autres machines et appareils : > autres :",1,équipements importés n’ayant pas de similaires fabriqués localement,secteurs économiques généraux,False
842890 9 0 1,84.28,"Autres machines et appareils de levage, de charge- ment, de déchargement ou de manutention (ascenseurs, escaliers mécaniques, transporteurs, téléphériques, par example) : > Autres machines et appareils : > autres : > Palettiseurs",1,équipements importés n’ayant pas de similaires fabriqués localement,secteurs économiques généraux,False
842890 9 0 2,84.28,"Autres machines et appareils de levage, de charge- ment, de déchargement ou de manutention (ascenseurs, escaliers mécaniques, transporteurs, téléphériques, par example) : > Autres machines et appareils : > autres : > Nacelles élévatrices",1,équipements importés n’ayant pas de similaires fabriqués localement,secteurs économiques généraux,False
842890 9 0 3,84.28,"Autres machines et appareils de levage, de charge- ment, de déchargement ou de manutention (ascenseurs, escaliers mécaniques, transporteurs, téléphériques, par example) : > Autres machines et appareils : > autres : > Encageurs de berlines, chariots transbordeurs, basculeurs et culbuteurs de wagons, berlines, etc. et installations similaires de manutention de matériel roulant sur rail",1,équipements importés n’ayant pas de similaires fabriqués localement,secteurs économiques généraux,False
,84.29,"Bouteurs (bulldozers), bouteurs biais (angledozers), > niveleuses,décapeuses (scrapers), pelles mécaniques, excavateurs, chargeuses et chargeuses-pelleteuses, compacteuses et rouleaux compresseurs, autopropulsés :",1,équipements importés n’ayant pas de similaires fabriqués localement,secteurs économiques généraux,False
,84.29,"Bouteurs (bulldozers), bouteurs biais (angledozers), > Bouteurs (bulldozers) et bouteurs biais (angledozers) :",1,équipements importés n’ayant pas de similaires fabriqués localement,secteurs économiques généraux,False
842911 0 0 0,84.29,"Bouteurs (bulldozers), bouteurs biais (angledozers), niveleuses,décapeuses (scrapers), pelles mécaniques, excavateurs, chargeuses et chargeuses-pelleteuses, compacteuses et rouleaux compresseurs, autopropulsés : > Bouteurs (bulldozers) et bouteurs biais (angledozers) : > A chenilles",1,équipements importés n’ayant pas de similaires fabriqués localement,secteurs économiques généraux,False
842919 0 0 0,84.29,"Bouteurs (bulldozers), bouteurs biais (angledozers), niveleuses,décapeuses (scrapers), pelles mécaniques, excavateurs, chargeuses et chargeuses-pelleteuses, compacteuses et rouleaux compresseurs, autopropulsés : > Bouteurs (bulldozers) et bouteurs biais (angledozers) : > Autres",1,équipements importés n’ayant pas de similaires fabriqués localement,secteurs économiques généraux,False
842920 0 0 0,84.29,"Bouteurs (bulldozers), bouteurs biais (angledozers), niveleuses,décapeuses (scrapers), pelles mécaniques, excavateurs, chargeuses et chargeuses-pelleteuses, compacteuses et rouleaux compresseurs, autopropulsés : > Niveleuses",1,équipements importés n’ayant pas de similaires fabriqués localement,secteurs économiques généraux,False
842930 0 0 0,84.29,"Bouteurs (bulldozers), bouteurs biais (angledozers), niveleuses,décapeuses (scrapers), pelles mécaniques, excavateurs, chargeuses et chargeuses-pelleteuses, compacteuses et rouleaux compresseurs, autopropulsés : > Décapeuses (""Scrapers"")",1,équipements importés n’ayant pas de similaires fabriqués localement,secteurs économiques généraux,False
842940,84.29,"Bouteurs (bulldozers), bouteurs biais (angledozers), niveleuses,décapeuses (scrapers), pelles mécaniques, excavateurs, chargeuses et chargeuses-pelleteuses, compacteuses et rouleaux compresseurs, autopropulsés : > Compacteuses et rouleaux compresseurs :",1,équipements importés n’ayant pas de similaires fabriqués localement,secteurs économiques généraux,False
,84.29,"Bouteurs (bulldozers), bouteurs biais (angledozers), > Compacteuses et rouleaux compresseurs : > Rouleaux compresseurs :",1,équipements importés n’ayant pas de similaires fabriqués localement,secteurs économiques généraux,False
842940 1 0 0,84.29,"Bouteurs (bulldozers), bouteurs biais (angledozers), niveleuses,décapeuses (scrapers), pelles mécaniques, excavateurs, chargeuses et chargeuses-pelleteuses, compacteuses et rouleaux compresseurs, autopropulsés : > Compacteuses et rouleaux compresseurs : > Rouleaux compresseurs : > Rouleaux à vibrations",1,équipements importés n’ayant pas de similaires fabriqués localement,secteurs économiques généraux,False
842940 3 0 0,84.29,"Bouteurs (bulldozers), bouteurs biais (angledozers), niveleuses,décapeuses (scrapers), pelles mécaniques, excavateurs, chargeuses et chargeuses-pelleteuses, compacteuses et rouleaux compresseurs, autopropulsés : > Compacteuses et rouleaux compresseurs : > Rouleaux compresseurs : > autres",1,équipements importés n’ayant pas de similaires fabriqués localement,secteurs économiques généraux,False
842940 9 0 0,84.29,"Bouteurs (bulldozers), bouteurs biais (angledozers), niveleuses,décapeuses (scrapers), pelles mécaniques, excavateurs, chargeuses et chargeuses-pelleteuses, compacteuses et rouleaux compresseurs, autopropulsés : > Compacteuses et rouleaux compresseurs : > Compacteuses",1,équipements importés n’ayant pas de similaires fabriqués localement,secteurs économiques généraux,False
,84.29,"Bouteurs (bulldozers), bouteurs biais (angledozers), > Pelles mécaniques, excavateurs, chargeuses et chargeuses pelleteuses :",1,équipements importés n’ayant pas de similaires fabriqués localement,secteurs économiques généraux,False
842951,84.29,"Bouteurs (bulldozers), bouteurs biais (angledozers), niveleuses,décapeuses (scrapers), pelles mécaniques, excavateurs, chargeuses et chargeuses-pelleteuses, compacteuses et rouleaux compresseurs, autopropulsés : > Pelles mécaniques, excavateurs, chargeuses et chargeuses pelleteuses : > Chargeuses et chargeuses-pelleteuses à chargement frontal :",1,équipements importés n’ayant pas de similaires fabriqués localement,secteurs économiques généraux,False
842951 1 0 0,84.29,"Bouteurs (bulldozers), bouteurs biais (angledozers), niveleuses,décapeuses (scrapers), pelles mécaniques, excavateurs, chargeuses et chargeuses-pelleteuses, compacteuses et rouleaux compresseurs, autopropulsés : > Pelles mécaniques, excavateurs, chargeuses et chargeuses pelleteuses : > Chargeuses et chargeuses-pelleteuses à chargement frontal : > Chargeurs spécialement conçus pour mines au fond ou pour autres travaux souterrains",1,équipements importés n’ayant pas de similaires fabriqués localement,secteurs économiques généraux,False
,84.29,"Bouteurs (bulldozers), bouteurs biais (angledozers), > Pelles mécaniques, excavateurs, chargeuses et chargeuses pelleteuses : > Chargeuses et chargeuses-pelleteuses à chargement frontal : > autres :",1,équipements importés n’ayant pas de similaires fabriqués localement,secteurs économiques généraux,False
842951 9 1 0,84.29,"Bouteurs (bulldozers), bouteurs biais (angledozers), niveleuses,décapeuses (scrapers), pelles mécaniques, excavateurs, chargeuses et chargeuses-pelleteuses, compacteuses et rouleaux compresseurs, autopropulsés : > Pelles mécaniques, excavateurs, chargeuses et chargeuses pelleteuses : > Chargeuses et chargeuses-pelleteuses à chargement frontal : > autres : > Chargeuses à chenilles",1,équipements importés n’ayant pas de similaires fabriqués localement,secteurs économiques généraux,False
842951 9 9 0,84.29,"Bouteurs (bulldozers), bouteurs biais (angledozers), niveleuses,décapeuses (scrapers), pelles mécaniques, excavateurs, chargeuses et chargeuses-pelleteuses, compacteuses et rouleaux compresseurs, autopropulsés : > Pelles mécaniques, excavateurs, chargeuses et chargeuses pelleteuses : > Chargeuses et chargeuses-pelleteuses à chargement frontal : > autres : > autres",1,équipements importés n’ayant pas de similaires fabriqués localement,secteurs économiques généraux,False
842952,84.29,"Bouteurs (bulldozers), bouteurs biais (angledozers), niveleuses,décapeuses (scrapers), pelles mécaniques, excavateurs, chargeuses et chargeuses-pelleteuses, compacteuses et rouleaux compresseurs, autopropulsés : > Pelles mécaniques, excavateurs, chargeuses et chargeuses pelleteuses : > Engins dont la superstructure peut effectuer une rotation de 360° :",1,équipements importés n’ayant pas de similaires fabriqués localement,secteurs économiques généraux,False
842952 1 0 0,84.29,"Bouteurs (bulldozers), bouteurs biais (angledozers), niveleuses,décapeuses (scrapers), pelles mécaniques, excavateurs, chargeuses et chargeuses-pelleteuses, compacteuses et rouleaux compresseurs, autopropulsés : > Pelles mécaniques, excavateurs, chargeuses et chargeuses pelleteuses : > Engins dont la superstructure peut effectuer une rotation de 360° : > Excavateurs à chenilles",1,équipements importés n’ayant pas de similaires fabriqués localement,secteurs économiques généraux,False
842952 9 0 0,84.29,"Bouteurs (bulldozers), bouteurs biais (angledozers), niveleuses,décapeuses (scrapers), pelles mécaniques, excavateurs, chargeuses et chargeuses-pelleteuses, compacteuses et rouleaux compresseurs, autopropulsés : > Pelles mécaniques, excavateurs, chargeuses et chargeuses pelleteuses : > Engins dont la superstructure peut effectuer une rotation de 360° : > autres",1,équipements importés n’ayant pas de similaires fabriqués localement,secteurs économiques généraux,False
842959 0 0 0,84.29,"Bouteurs (bulldozers), bouteurs biais (angledozers), niveleuses,décapeuses (scrapers), pelles mécaniques, excavateurs, chargeuses et chargeuses-pelleteuses, compacteuses et rouleaux compresseurs, autopropulsés : > Pelles mécaniques, excavateurs, chargeuses et chargeuses pelleteuses : > Autres",1,équipements importés n’ayant pas de similaires fabriqués localement,secteurs économiques généraux,False
,84.30,"Autres machines et appareils de terrassement, nivellement, décapage, excavation, compactage, extraction ou forage de la terre, des minéraux ou des minerais ; sonnettes de battage et machines pour l'arrachage des pieux ; chasse-neige :",1,équipements importés n’ayant pas de similaires fabriqués localement,secteurs économiques généraux,False
843010 0 0 0,84.30,"Autres machines et appareils de terrassement, nivellement, décapage, excavation, compactage, extraction ou forage de la terre, des minéraux ou des minerais ; sonnettes de battage et machines pour l'arrachage des pieux ; chasse-neige : > Sonnettes de battage et machines pour l'arrachage des pieux",1,équipements importés n’ayant pas de similaires fabriqués localement,secteurs économiques généraux,False
,84.30,"Autres machines et appareils de terrassement, nivellement, décapage, excavation, compactage, extraction ou forage de la terre, des minéraux ou des minerais ; sonnettes de battage et machines pour l'arrachage des pieux ; chasse-neige : > Haveuses, abatteuses et machines à creuser les tunnels ou les galeries :",1,équipements importés n’ayant pas de similaires fabriqués localement,secteurs économiques généraux,False
843031 0 0 0,84.30,"Autres machines et appareils de terrassement, nivellement, décapage, excavation, compactage, extraction ou forage de la terre, des minéraux ou des minerais ; sonnettes de battage et machines pour l'arrachage des pieux ; chasse-neige : > Haveuses, abatteuses et machines à creuser les tunnels ou les galeries : > Autopropulsées",1,équipements importés n’ayant pas de similaires fabriqués localement,secteurs économiques généraux,False
843039 0 0 0,84.30,"Autres machines et appareils de terrassement, nivellement, décapage, excavation, compactage, extraction ou forage de la terre, des minéraux ou des minerais ; sonnettes de battage et machines pour l'arrachage des pieux ; chasse-neige : > Haveuses, abatteuses et machines à creuser les tunnels ou les galeries : > Autres",1,équipements importés n’ayant pas de similaires fabriqués localement,secteurs économiques généraux,False
,84.30,"Autres machines et appareils de terrassement, nivellement, décapage, excavation, compactage, extraction ou forage de la terre, des minéraux ou des minerais ; sonnettes de battage et machines pour l'arrachage des pieux ; chasse-neige : > Autres machines de sondage ou de forage :",1,équipements importés n’ayant pas de similaires fabriqués localement,secteurs économiques généraux,False
843041 0 0 0,84.30,"Autres machines et appareils de terrassement, nivellement, décapage, excavation, compactage, extraction ou forage de la terre, des minéraux ou des minerais ; sonnettes de battage et machines pour l'arrachage des pieux ; chasse-neige : > Autres machines de sondage ou de forage : > Autopropulsées",1,équipements importés n’ayant pas de similaires fabriqués localement,secteurs économiques généraux,False
843049 0 0 0,84.30,"Autres machines et appareils de terrassement, nivellement, décapage, excavation, compactage, extraction ou forage de la terre, des minéraux ou des minerais ; sonnettes de battage et machines pour l'arrachage des pieux ; chasse-neige : > Autres machines de sondage ou de forage : > Autres",1,équipements importés n’ayant pas de similaires fabriqués localement,secteurs économiques généraux,False
843050 0 0 0,84.30,"Autres machines et appareils de terrassement, nivellement, décapage, excavation, compactage, extraction ou forage de la terre, des minéraux ou des minerais ; sonnettes de battage et machines pour l'arrachage des pieux ; chasse-neige : > Autres machines et appareils, autopropulsés",1,équipements importés n’ayant pas de similaires fabriqués localement,secteurs économiques généraux,False
,84.30,"Autres machines et appareils de terrassement, nivellement, décapage, excavation, compactage, extraction ou forage de la terre, des minéraux ou des minerais ; sonnettes de battage et machines pour l'arrachage des pieux ; chasse-neige : > Autres machines et appareils, non autopropulsés :",1,équipements importés n’ayant pas de similaires fabriqués localement,secteurs économiques généraux,False
843061 0 0 0,84.30,"Autres machines et appareils de terrassement, nivellement, décapage, excavation, compactage, extraction ou forage de la terre, des minéraux ou des minerais ; sonnettes de battage et machines pour l'arrachage des pieux ; chasse-neige : > Autres machines et appareils, non autopropulsés : > Machines et appareils à tasser ou à compacter",1,équipements importés n’ayant pas de similaires fabriqués localement,secteurs économiques généraux,False
843069 0 0 0,84.30,"Autres machines et appareils de terrassement, nivellement, décapage, excavation, compactage, extraction ou forage de la terre, des minéraux ou des minerais ; sonnettes de battage et machines pour l'arrachage des pieux ; chasse-neige : > Autres machines et appareils, non autopropulsés : > Autres",1,équipements importés n’ayant pas de similaires fabriqués localement,secteurs économiques généraux,False
,84.31,Parties reconnaissables comme étant exclusivement ou principalement destinées aux machines ou appareils desn°s 84.25 à 84.30 :,1,équipements importés n’ayant pas de similaires fabriqués localement,secteurs économiques généraux,False
,84.31,"Parties reconnaissables comme étant exclusivement ou principalement destinées aux machines ou appareils desn°s 84.25 à 84.30 : > De machines ou appareils des n°s 84.26, 84.29 ou 84.30 :",1,équipements importés n’ayant pas de similaires fabriqués localement,secteurs économiques généraux,False
843141 0 0,84.31,"Parties reconnaissables comme étant exclusivement ou principalement destinées aux machines ou appareils desn°s 84.25 à 84.30 : > De machines ou appareils des n°s 84.26, 84.29 ou 84.30 : > Godets, bennes, bennes-preneuses, pelles, grappins et pince :",1,équipements importés n’ayant pas de similaires fabriqués localement,secteurs économiques généraux,False
843141 0 0 1,84.31,"Parties reconnaissables comme étant exclusivement ou principalement destinées aux machines ou appareils desn°s 84.25 à 84.30 : > De machines ou appareils des n°s 84.26, 84.29 ou 84.30 : > Godets, bennes, bennes-preneuses, pelles, grappins et pince : > Grappins, pinces à fûts, pinces à balles, pinces à rouleaux, pinces àgriffes et pinces à déchets.",1,équipements importés n’ayant pas de similaires fabriqués localement,secteurs économiques généraux,False
EX 843360,84.33,"Machine pour le nettoyage ou le triage des fruits, ou autres produits agricoles",1,équipements importés n’ayant pas de similaires fabriqués localement,secteurs économiques généraux,False
843510 0 0 0,84.35,"Machines et appareils pour la fabrication du vin, du cidre, des jus de fruits ou de boissons similaires",1,équipements importés n’ayant pas de similaires fabriqués localement,secteurs économiques généraux,False
,84.37,"Machines pour le nettoyage, le triage ou le criblage des grains ou des légumes secs ; machines et appareils pour la minoterie ou le traitement des céréales ou légumes secs, autres que les machines et appareils du type fermier :",1,équipements importés n’ayant pas de similaires fabriqués localement,secteurs économiques généraux,False
,84.37,"Machines pour le nettoyage, le triage ou le criblage des grains ou des légumes secs ; machines et appareils pour la minoterie ou le traitement des céréales ou légumes secs, autres que les machines et appareils du type fermier : > Autres machines et appareils :",1,équipements importés n’ayant pas de similaires fabriqués localement,secteurs économiques généraux,False
843780 0 0,84.37,"Machines pour le nettoyage, le triage ou le criblage des grains ou des légumes secs ; machines et appareils pour la minoterie ou le traitement des céréales ou légumes secs, autres que les machines et appareils du type fermier : > Autres machines et appareils : > pour la minoterie des céréales ou des légumes secs",1,équipements importés n’ayant pas de similaires fabriqués localement,secteurs économiques généraux,False
843780 0 0 9,84.37,"Machines pour le nettoyage, le triage ou le criblage des grains ou des légumes secs ; machines et appareils pour la minoterie ou le traitement des céréales ou légumes secs, autres que les machines et appareils du type fermier : > Autres machines et appareils : > pour le traitement des céréales ou des légumes secs",1,équipements importés n’ayant pas de similaires fabriqués localement,secteurs économiques généraux,False
,84.38,"Machines et appareils, non dénommés ni compris ailleurs dans le présent Chapitre, pour la préparation ou la fabrication industrielle d'aliments ou de boissons, autres que les machines et appareils pour l'extraction ou la préparation des huiles ou graisses végétales fixes ou animales :",1,équipements importés n’ayant pas de similaires fabriqués localement,secteurs économiques généraux,False
EX 843810,84.38,"Machines et appareils, non dénommés ni compris ailleurs dans le présent Chapitre, pour la préparation ou la fabrication industrielle d'aliments ou de boissons, autres que les machines et appareils pour l'extraction ou la préparation des huiles ou graisses végétales fixes ou animales : > Machines et appareils pour la boulangerie, la pâtisserie, la biscuiterie ou pour la fabrication des pâtes alimentaires :",1,équipements importés n’ayant pas de similaires fabriqués localement,secteurs économiques généraux,False
,84.38,"Machines et appareils, non dénommés ni compris ailleurs dans le présent Chapitre, pour la préparation ou la fabrication industrielle d'aliments ou de boissons, autres que les machines et appareils pour l'extraction ou la préparation des huiles ou graisses végétales fixes ou animales : > Machines et appareils pour la boulangerie, la pâtisserie, la biscuiterie ou pour la fabrication des pâtes alimentaires : > pour la boulangerie, la pâtisserie ou la biscuiterie :",1,équipements importés n’ayant pas de similaires fabriqués localement,secteurs économiques généraux,False
843810 1 0 9,84.38,"Machines et appareils, non dénommés ni compris ailleurs dans le présent Chapitre, pour la préparation ou la fabrication industrielle d'aliments ou de boissons, autres que les machines et appareils pour l'extraction ou la préparation des huiles ou graisses végétales fixes ou animales : > Machines et appareils pour la boulangerie, la pâtisserie, la biscuiterie ou pour la fabrication des pâtes alimentaires : > pour la boulangerie, la pâtisserie ou la biscuiterie : > Autres",1,équipements importés n’ayant pas de similaires fabriqués localement,secteurs économiques généraux,False
,84.38,"Machines et appareils, non dénommés ni compris ailleurs dans le présent Chapitre, pour la préparation ou la fabrication industrielle d'aliments ou de boissons, autres que les machines et appareils pour l'extraction ou la préparation des huiles ou graisses végétales fixes ou animales : > Machines et appareils pour la boulangerie, la pâtisserie, la biscuiterie ou pour la fabrication des pâtes alimentaires : > pour la fabrication des pâtes alimentaires :",1,équipements importés n’ayant pas de similaires fabriqués localement,secteurs économiques généraux,False
843810 9 0 9,84.38,"Machines et appareils, non dénommés ni compris ailleurs dans le présent Chapitre, pour la préparation ou la fabrication industrielle d'aliments ou de boissons, autres que les machines et appareils pour l'extraction ou la préparation des huiles ou graisses végétales fixes ou animales : > Machines et appareils pour la boulangerie, la pâtisserie, la biscuiterie ou pour la fabrication des pâtes alimentaires : > pour la fabrication des pâtes alimentaires : > Autres",1,équipements importés n’ayant pas de similaires fabriqués localement,secteurs économiques généraux,False
843820 0 0 0,84.38,"Machines et appareils, non dénommés ni compris ailleurs dans le présent Chapitre, pour la préparation ou la fabrication industrielle d'aliments ou de boissons, autres que les machines et appareils pour l'extraction ou la préparation des huiles ou graisses végétales fixes ou animales : > Machines et appareils pour la confiserie ou pour la fabrication du cacao ou du chocolat",1,équipements importés n’ayant pas de similaires fabriqués localement,secteurs économiques généraux,False
843830 0 0 0,84.38,"Machines et appareils, non dénommés ni compris ailleurs dans le présent Chapitre, pour la préparation ou la fabrication industrielle d'aliments ou de boissons, autres que les machines et appareils pour l'extraction ou la préparation des huiles ou graisses végétales fixes ou animales : > Machines et appareils pour la sucrerie",1,équipements importés n’ayant pas de similaires fabriqués localement,secteurs économiques généraux,False
843840 0 0 0,84.38,"Machines et appareils, non dénommés ni compris ailleurs dans le présent Chapitre, pour la préparation ou la fabrication industrielle d'aliments ou de boissons, autres que les machines et appareils pour l'extraction ou la préparation des huiles ou graisses végétales fixes ou animales : > Machines et appareils pour la brasserie",1,équipements importés n’ayant pas de similaires fabriqués localement,secteurs économiques généraux,False
843850 0 0 0,84.38,"Machines et appareils, non dénommés ni compris ailleurs dans le présent Chapitre, pour la préparation ou la fabrication industrielle d'aliments ou de boissons, autres que les machines et appareils pour l'extraction ou la préparation des huiles ou graisses végétales fixes ou animales : > Machines et appareils pour le travail des viandes",1,équipements importés n’ayant pas de similaires fabriqués localement,secteurs économiques généraux,False
843860 0 0 0,84.38,"Machines et appareils, non dénommés ni compris ailleurs dans le présent Chapitre, pour la préparation ou la fabrication industrielle d'aliments ou de boissons, autres que les machines et appareils pour l'extraction ou la préparation des huiles ou graisses végétales fixes ou animales : > Machines et appareils pour la préparation des fruits ou des légumes",1,équipements importés n’ayant pas de similaires fabriqués localement,secteurs économiques généraux,False
843880,84.38,"Machines et appareils, non dénommés ni compris ailleurs dans le présent Chapitre, pour la préparation ou la fabrication industrielle d'aliments ou de boissons, autres que les machines et appareils pour l'extraction ou la préparation des huiles ou graisses végétales fixes ou animales : > Autres machines et appareils :",1,équipements importés n’ayant pas de similaires fabriqués localement,secteurs économiques généraux,False
843880 1 0 0,84.38,"Machines et appareils, non dénommés ni compris ailleurs dans le présent Chapitre, pour la préparation ou la fabrication industrielle d'aliments ou de boissons, autres que les machines et appareils pour l'extraction ou la préparation des huiles ou graisses végétales fixes ou animales : > Autres machines et appareils : > pour le traitement et la préparation du café ou du thé",1,équipements importés n’ayant pas de similaires fabriqués localement,secteurs économiques généraux,False
,84.38,"Machines et appareils, non dénommés ni compris ailleurs dans le présent Chapitre, pour la préparation ou la fabrication industrielle d'aliments ou de boissons, autres que les machines et appareils pour l'extraction ou la préparation des huiles ou graisses végétales fixes ou animales : > Autres machines et appareils : > autres :",1,équipements importés n’ayant pas de similaires fabriqués localement,secteurs économiques généraux,False
843880 9 1 0,84.38,"Machines et appareils, non dénommés ni compris ailleurs dans le présent Chapitre, pour la préparation ou la fabrication industrielle d'aliments ou de boissons, autres que les machines et appareils pour l'extraction ou la préparation des huiles ou graisses végétales fixes ou animales : > Autres machines et appareils : > autres : > pour la préparation ou la fabrication des boissons",1,équipements importés n’ayant pas de similaires fabriqués localement,secteurs économiques généraux,False
843880 9 9 0,84.38,"Machines et appareils, non dénommés ni compris ailleurs dans le présent Chapitre, pour la préparation ou la fabrication industrielle d'aliments ou de boissons, autres que les machines et appareils pour l'extraction ou la préparation des huiles ou graisses végétales fixes ou animales : > Autres machines et appareils : > autres : > autres",1,équipements importés n’ayant pas de similaires fabriqués localement,secteurs économiques généraux,False
843890 0 0,84.38,"Machines et appareils, non dénommés ni compris ailleurs dans le présent Chapitre, pour la préparation ou la fabrication industrielle d'aliments ou de boissons, autres que les machines et appareils pour l'extraction ou la préparation des huiles ou graisses végétales fixes ou animales : > Parties :",1,équipements importés n’ayant pas de similaires fabriqués localement,secteurs économiques généraux,False
843890 0 0 1,84.38,"Machines et appareils, non dénommés ni compris ailleurs dans le présent Chapitre, pour la préparation ou la fabrication industrielle d'aliments ou de boissons, autres que les machines et appareils pour l'extraction ou la préparation des huiles ou graisses végétales fixes ou animales : > Parties : > moules pour la fabrication des pâtes alimentaires",1,équipements importés n’ayant pas de similaires fabriqués localement,secteurs économiques généraux,False
,84.39,Machines et appareils pour la fabrication de la pâte de matières fibreuses cellulosiques ou pour la fabrication ou le finissage du papier ou du carton :,1,équipements importés n’ayant pas de similaires fabriqués localement,secteurs économiques généraux,False
843910 0 0 0,84.39,Machines et appareils pour la fabrication de la pâte de matières fibreuses cellulosiques ou pour la fabrication ou le finissage du papier ou du carton : > Machines et appareils pour la fabrication de la pâte de matières fibreuses cellulosiques,1,équipements importés n’ayant pas de similaires fabriqués localement,secteurs économiques généraux,False
843920 0 0 0,84.39,Machines et appareils pour la fabrication de la pâte de matières fibreuses cellulosiques ou pour la fabrication ou le finissage du papier ou du carton : > Machines et appareils pour la fabrication du papier ou du carton,1,équipements importés n’ayant pas de similaires fabriqués localement,secteurs économiques généraux,False
843930 0 0 0,84.39,Machines et appareils pour la fabrication de la pâte de matières fibreuses cellulosiques ou pour la fabrication ou le finissage du papier ou du carton : > Machines et appareils pour le finissage du papier ou du carton,1,équipements importés n’ayant pas de similaires fabriqués localement,secteurs économiques généraux,False
,84.40,"Machines et appareils pour le brochage ou la reliure, y compris les machines à coudre les feuillets :",1,équipements importés n’ayant pas de similaires fabriqués localement,secteurs économiques généraux,False
844010,84.40,"Machines et appareils pour le brochage ou la reliure, y compris les machines à coudre les feuillets : > Machines et appareils :",1,équipements importés n’ayant pas de similaires fabriqués localement,secteurs économiques généraux,False
844010 1 0 0,84.40,"Machines et appareils pour le brochage ou la reliure, y compris les machines à coudre les feuillets : > Machines et appareils : > Plieuses",1,équipements importés n’ayant pas de similaires fabriqués localement,secteurs économiques généraux,False
844010 2 0 0,84.40,"Machines et appareils pour le brochage ou la reliure, y compris les machines à coudre les feuillets : > Machines et appareils : > Assembleuses",1,équipements importés n’ayant pas de similaires fabriqués localement,secteurs économiques généraux,False
844010 3 0 0,84.40,"Machines et appareils pour le brochage ou la reliure, y compris les machines à coudre les feuillets : > Machines et appareils : > Couseuses ou agrafeuses",1,équipements importés n’ayant pas de similaires fabriqués localement,secteurs économiques généraux,False
844010 4 0 0,84.40,"Machines et appareils pour le brochage ou la reliure, y compris les machines à coudre les feuillets : > Machines et appareils : > Machines à relier par collage",1,équipements importés n’ayant pas de similaires fabriqués localement,secteurs économiques généraux,False
844010 9 0 0,84.40,"Machines et appareils pour le brochage ou la reliure, y compris les machines à coudre les feuillets : > Machines et appareils : > autres",1,équipements importés n’ayant pas de similaires fabriqués localement,secteurs économiques généraux,False
,84.41,"Autres machines et appareils pour le travail de la pâte à papier, du papier ou du carton,y compris les coupeuses de tous types :",1,équipements importés n’ayant pas de similaires fabriqués localement,secteurs économiques généraux,False
844110,84.41,"Autres machines et appareils pour le travail de la pâte à papier, du papier ou du carton,y compris les coupeuses de tous types : > Coupeuses :",1,équipements importés n’ayant pas de similaires fabriqués localement,secteurs économiques généraux,False
844110 1 0 0,84.41,"Autres machines et appareils pour le travail de la pâte à papier, du papier ou du carton,y compris les coupeuses de tous types : > Coupeuses : > Coupeuses-bobineuses",1,équipements importés n’ayant pas de similaires fabriqués localement,secteurs économiques généraux,False
844110 2 0 0,84.41,"Autres machines et appareils pour le travail de la pâte à papier, du papier ou du carton,y compris les coupeuses de tous types : > Coupeuses : > Coupeuses en long ou en travers",1,équipements importés n’ayant pas de similaires fabriqués localement,secteurs économiques généraux,False
844110 3 0 0,84.41,"Autres machines et appareils pour le travail de la pâte à papier, du papier ou du carton,y compris les coupeuses de tous types : > Coupeuses : > Massicots droits",1,équipements importés n’ayant pas de similaires fabriqués localement,secteurs économiques généraux,False
844110 7 0 0,84.41,"Autres machines et appareils pour le travail de la pâte à papier, du papier ou du carton,y compris les coupeuses de tous types : > Coupeuses : > autres",1,équipements importés n’ayant pas de similaires fabriqués localement,secteurs économiques généraux,False
844120 0 0 0,84.41,"Autres machines et appareils pour le travail de la pâte à papier, du papier ou du carton,y compris les coupeuses de tous types : > Machines pour la fabrication de sacs, sachets ou enveloppes",1,équipements importés n’ayant pas de similaires fabriqués localement,secteurs économiques généraux,False
844130 0 0 0,84.41,"Autres machines et appareils pour le travail de la pâte à papier, du papier ou du carton,y compris les coupeuses de tous types : > Machines pour la fabrication de boîtes, caisses, tubes, tambours ou contenants similaires, autrement que par moulage",1,équipements importés n’ayant pas de similaires fabriqués localement,secteurs économiques généraux,False
844140 0 0 0,84.41,"Autres machines et appareils pour le travail de la pâte à papier, du papier ou du carton,y compris les coupeuses de tous types : > Machines à mouler les articles en pâte à papier, papier ou carton.",1,équipements importés n’ayant pas de similaires fabriqués localement,secteurs économiques généraux,False
844180 0 0 0,84.41,"Autres machines et appareils pour le travail de la pâte à papier, du papier ou du carton,y compris les coupeuses de tous types : > Autres machines et appareils",1,équipements importés n’ayant pas de similaires fabriqués localement,secteurs économiques généraux,False
,84.42,"Machines, appareils et matériel (autres que les machines des n°s 84.56 à 84.65) pour la préparation ou la fabrication des clichés, planches, cylindres ou autres organes imprimantes ; clichés,planches,cylindres et autres organes imprimantes ; pierres lithographiques, planches, plaques et cylindres préparés pour l'impression (planés grenés, polis, par exemple):",1,équipements importés n’ayant pas de similaires fabriqués localement,secteurs économiques généraux,False
844230 0 0 0,84.42,"Machines, appareils et matériel (autres que les machines des nos 84.56 à 84.65) pour la préparation ou la fabrication des clichés, planches, cylindres ou autres organes imprimantes ; clichés,planches,cylindres et autres organes imprimantes ; pierres lithographiques, planches, plaques et cylindres préparés pour l'impression (planés grenés, polis, par exemple): > Machines, appareils et matériel :",1,équipements importés n’ayant pas de similaires fabriqués localement,secteurs économiques généraux,False
EX 844250,84.42,"Machines, appareils et matériel (autres que les machines des nos 84.56 à 84.65) pour la préparation ou la fabrication des clichés, planches, cylindres ou autres organes imprimantes ; clichés,planches,cylindres et autres organes imprimantes ; pierres lithographiques, planches, plaques et cylindres préparés pour l'impression (planés grenés, polis, par exemple): > Clichés, planches, cylindres et autres organes imprimant ; pierres lithographiques, planches, plaques et cylindres préparés pour l'impression (planés, grenés, polis, par exemple) :",1,équipements importés n’ayant pas de similaires fabriqués localement,secteurs économiques généraux,False
844250 0 0 1,84.42,"Machines, appareils et matériel (autres que les machines des nos 84.56 à 84.65) pour la préparation ou la fabrication des clichés, planches, cylindres ou autres organes imprimantes ; clichés,planches,cylindres et autres organes imprimantes ; pierres lithographiques, planches, plaques et cylindres préparés pour l'impression (planés grenés, polis, par exemple): > Clichés, planches, cylindres et autres organes imprimant ; pierres lithographiques, planches, plaques et cylindres préparés pour l'impression (planés, grenés, polis, par exemple) : > Planches, cylindres et autres organes imprimant",1,équipements importés n’ayant pas de similaires fabriqués localement,secteurs économiques généraux,False
,84.43,"Machines et appareils servant à l'impression au moyen de planches, cylindres et autres organes imprimant du n° 84.42 ; autres imprimantes, machines à copier et machines à télécopier, même combinées entre elles ; parties et accessoires :",1,équipements importés n’ayant pas de similaires fabriqués localement,secteurs économiques généraux,False
,84.43,"Machines et appareils servant à l'impression au moyen de planches, cylindres et autres organes imprimant du n° 84.42 ; autres imprimantes, machines à copier et machines à télécopier, même combinées entre elles ; parties et accessoires : > Machines et appareils servant à l'impression au moyen de planches, cylindres et autres organes imprimant du n° 84.42 :",1,équipements importés n’ayant pas de similaires fabriqués localement,secteurs économiques généraux,False
844311 0 0 0,84.43,"Machines et appareils servant à l'impression au moyen de planches, cylindres et autres organes imprimant du n° 84.42 ; autres imprimantes, machines à copier et ma- chines à télécopier, même combinées entre elles ; parties et accessoires : > Machines et appareils servant à l'impression au moyen de planches, cylindres et autres organes imprimant du n° 84.42 : > Machines et appareils à imprimer offset, alimentés en bobines",1,équipements importés n’ayant pas de similaires fabriqués localement,secteurs économiques généraux,False
844312 0 0 0,84.43,"Machines et appareils servant à l'impression au moyen de planches, cylindres et autres organes imprimant du n° 84.42 ; autres imprimantes, machines à copier et ma- chines à télécopier, même combinées entre elles ; parties et accessoires : > Machines et appareils servant à l'impression au moyen de planches, cylindres et autres organes imprimant du n° 84.42 : > Machines et appareils à imprimer offset de bureau, alimentés en feuilles d'un format ne dépassant pas 22 X 36 cm ou moins, à l'état non plié",1,équipements importés n’ayant pas de similaires fabriqués localement,secteurs économiques généraux,False
844313,84.43,"Machines et appareils servant à l'impression au moyen de planches, cylindres et autres organes imprimant du n° 84.42 ; autres imprimantes, machines à copier et ma- chines à télécopier, même combinées entre elles ; parties et accessoires : > Machines et appareils servant à l'impression au moyen de planches, cylindres et autres organes imprimant du n° 84.42 : > Autres machines et appareils à imprimer, offset :",1,équipements importés n’ayant pas de similaires fabriqués localement,secteurs économiques généraux,False
,84.43,"Machines et appareils servant à l'impression au moyen de planches, cylindres et autres organes imprimant du n° 84.42 ; autres imprimantes, machines à copier et machines à télécopier, même combinées entre elles ; parties et accessoires : > Machines et appareils servant à l'impression au moyen de planches, cylindres et autres organes imprimant du n° 84.42 : > Autres machines et appareils à imprimer, offset : > alimentés en feuilles",1,équipements importés n’ayant pas de similaires fabriqués localement,secteurs économiques généraux,False
844313 1 0 0,84.43,"Machines et appareils servant à l'impression au moyen de planches, cylindres et autres organes imprimant du n° 84.42 ; autres imprimantes, machines à copier et ma- chines à télécopier, même combinées entre elles ; parties et accessoires : > Machines et appareils servant à l'impression au moyen de planches, cylindres et autres organes imprimant du n° 84.42 : > Autres machines et appareils à imprimer, offset : > alimentés en feuilles > usagés",1,équipements importés n’ayant pas de similaires fabriqués localement,secteurs économiques généraux,False
,84.43,"Machines et appareils servant à l'impression au moyen de planches, cylindres et autres organes imprimant du n° 84.42 ; autres imprimantes, machines à copier et machines à télécopier, même combinées entre elles ; parties et accessoires : > Machines et appareils servant à l'impression au moyen de planches, cylindres et autres organes imprimant du n° 84.42 : > Autres machines et appareils à imprimer, offset : > alimentés en feuilles > neufs, pour feuilles d'un format :",1,équipements importés n’ayant pas de similaires fabriqués localement,secteurs économiques généraux,False
844313 3 1 0,84.43,"Machines et appareils servant à l'impression au moyen de planches, cylindres et autres organes imprimant du n° 84.42 ; autres imprimantes, machines à copier et ma- chines à télécopier, même combinées entre elles ; parties et accessoires : > Machines et appareils servant à l'impression au moyen de planches, cylindres et autres organes imprimant du n° 84.42 : > Autres machines et appareils à imprimer, offset : > alimentés en feuilles > neufs, pour feuilles d'un format : > n'excédant pas 52 x 74 cm",1,équipements importés n’ayant pas de similaires fabriqués localement,secteurs économiques généraux,False
844313 3 5 0,84.43,"Machines et appareils servant à l'impression au moyen de planches, cylindres et autres organes imprimant du n° 84.42 ; autres imprimantes, machines à copier et ma- chines à télécopier, même combinées entre elles ; parties et accessoires : > Machines et appareils servant à l'impression au moyen de planches, cylindres et autres organes imprimant du n° 84.42 : > Autres machines et appareils à imprimer, offset : > alimentés en feuilles > neufs, pour feuilles d'un format : > excédant 52 x 74 cm mais n'excédant pas 74 x 107 cm.",1,équipements importés n’ayant pas de similaires fabriqués localement,secteurs économiques généraux,False
844313 3 9 0,84.43,"Machines et appareils servant à l'impression au moyen de planches, cylindres et autres organes imprimant du n° 84.42 ; autres imprimantes, machines à copier et ma- chines à télécopier, même combinées entre elles ; parties et accessoires : > Machines et appareils servant à l'impression au moyen de planches, cylindres et autres organes imprimant du n° 84.42 : > Autres machines et appareils à imprimer, offset : > alimentés en feuilles > neufs, pour feuilles d'un format : > excédant 74 x 107 cm",1,équipements importés n’ayant pas de similaires fabriqués localement,secteurs économiques généraux,False
844313 9 0 0,84.43,"Machines et appareils servant à l'impression au moyen de planches, cylindres et autres organes imprimant du n° 84.42 ; autres imprimantes, machines à copier et ma- chines à télécopier, même combinées entre elles ; parties et accessoires : > Machines et appareils servant à l'impression au moyen de planches, cylindres et autres organes imprimant du n° 84.42 : > Autres machines et appareils à imprimer, offset : > autres",1,équipements importés n’ayant pas de similaires fabriqués localement,secteurs économiques généraux,False
844314 0 0 0,84.43,"Machines et appareils servant à l'impression au moyen de planches, cylindres et autres organes imprimant du n° 84.42 ; autres imprimantes, machines à copier et ma- chines à télécopier, même combinées entre elles ; parties et accessoires : > Machines et appareils servant à l'impression au moyen de planches, cylindres et autres organes imprimant du n° 84.42 : > Machines et appareils à imprimer, typographiques, alimentés en bobines, à l'exclusion des machines et appareils flexographiques",1,équipements importés n’ayant pas de similaires fabriqués localement,secteurs économiques généraux,False
844315 0 0 0,84.43,"Machines et appareils servant à l'impression au moyen de planches, cylindres et autres organes imprimant du n° 84.42 ; autres imprimantes, machines à copier et ma- chines à télécopier, même combinées entre elles ; parties et accessoires : > Machines et appareils servant à l'impression au moyen de planches, cylindres et autres organes imprimant du n° 84.42 : > Machines et appareils à imprimer, typographiques, autres qu'alimentés en bobines, à l'exclusion des machines et appareils flexographiques",1,équipements importés n’ayant pas de similaires fabriqués localement,secteurs économiques généraux,False
844316 0 0 0,84.43,"Machines et appareils servant à l'impression au moyen de planches, cylindres et autres organes imprimant du n° 84.42 ; autres imprimantes, machines à copier et ma- chines à télécopier, même combinées entre elles ; parties et accessoires : > Machines et appareils servant à l'impression au moyen de planches, cylindres et autres organes imprimant du n° 84.42 : > Machines et appareils à imprimer, flexographiques",1,équipements importés n’ayant pas de similaires fabriqués localement,secteurs économiques généraux,False
844317 0 0 0,84.43,"Machines et appareils servant à l'impression au moyen de planches, cylindres et autres organes imprimant du n° 84.42 ; autres imprimantes, machines à copier et ma- chines à télécopier, même combinées entre elles ; parties et accessoires : > Machines et appareils servant à l'impression au moyen de planches, cylindres et autres organes imprimant du n° 84.42 : > Machines et appareils à imprimer, héliographiques",1,équipements importés n’ayant pas de similaires fabriqués localement,secteurs économiques généraux,False
844319,84.43,"Machines et appareils servant à l'impression au moyen de planches, cylindres et autres organes imprimant du n° 84.42 ; autres imprimantes, machines à copier et ma- chines à télécopier, même combinées entre elles ; parties et accessoires : > Machines et appareils servant à l'impression au moyen de planches, cylindres et autres organes imprimant du n° 84.42 : > Autres :",1,équipements importés n’ayant pas de similaires fabriqués localement,secteurs économiques généraux,False
844319 2 0 0,84.43,"Machines et appareils servant à l'impression au moyen de planches, cylindres et autres organes imprimant du n° 84.42 ; autres imprimantes, machines à copier et ma- chines à télécopier, même combinées entre elles ; parties et accessoires : > Machines et appareils servant à l'impression au moyen de planches, cylindres et autres organes imprimant du n° 84.42 : > Autres : > à imprimer les matières textiles.",1,équipements importés n’ayant pas de similaires fabriqués localement,secteurs économiques généraux,False
844319 4 0 0,84.43,"Machines et appareils servant à l'impression au moyen de planches, cylindres et autres organes imprimant du n° 84.42 ; autres imprimantes, machines à copier et ma- chines à télécopier, même combinées entre elles ; parties et accessoires : > Machines et appareils servant à l'impression au moyen de planches, cylindres et autres organes imprimant du n° 84.42 : > Autres : > utilisées pour la fabrication des semi-conducteurs.",1,équipements importés n’ayant pas de similaires fabriqués localement,secteurs économiques généraux,False
844319 7 0 0,84.43,"Machines et appareils servant à l'impression au moyen de planches, cylindres et autres organes imprimant du n° 84.42 ; autres imprimantes, machines à copier et ma- chines à télécopier, même combinées entre elles ; parties et accessoires : > Machines et appareils servant à l'impression au moyen de planches, cylindres et autres organes imprimant du n° 84.42 : > Autres : > autres",1,équipements importés n’ayant pas de similaires fabriqués localement,secteurs économiques généraux,False
,84.43,"Machines et appareils servant à l'impression au moyen de planches, cylindres et autres organes imprimant du n° 84.42 ; autres imprimantes, machines à copier et machines à télécopier, même combinées entre elles ; parties et accessoires : > Autres imprimantes, machines à copier et machines à télécopier, même combinés entres elles :",1,équipements importés n’ayant pas de similaires fabriqués localement,secteurs économiques généraux,False
844331,84.43,"Machines et appareils servant à l'impression au moyen de planches, cylindres et autres organes imprimant du n° 84.42 ; autres imprimantes, machines à copier et ma- chines à télécopier, même combinées entre elles ; parties et accessoires : > Autres imprimantes, machines à copier et machines à télécopier, même combinés entres elles : > Machines qui assurent au moins deux des fonctions suivantes : impression, copie ou transmission de télécopie, aptes à être connectées à une machine automatique de traitement de l'information ou à un réseau :",1,équipements importés n’ayant pas de similaires fabriqués localement,secteurs économiques généraux,False
844331 2 0 0,84.43,"Machines et appareils servant à l'impression au moyen de planches, cylindres et autres organes imprimant du n° 84.42 ; autres imprimantes, machines à copier et ma- chines à télécopier, même combinées entre elles ; parties et accessoires : > Autres imprimantes, machines à copier et machines à télécopier, même combinés entres elles : > Machines qui assurent au moins deux des fonctions suivantes : impression, copie ou transmission de télécopie, aptes à être connectées à une machine automatique de traitement de l'information ou à un réseau : > Machines ayant comme fonction principale la copie numérique, la copie étant assurée par scannage de l'original et impression des copies au moyen d'un dispositif d'impression électrostatique",1,équipements importés n’ayant pas de similaires fabriqués localement,secteurs économiques généraux,False
844331 8 0 0,84.43,"Machines et appareils servant à l'impression au moyen de planches, cylindres et autres organes imprimant du n° 84.42 ; autres imprimantes, machines à copier et ma- chines à télécopier, même combinées entre elles ; parties et accessoires : > Autres imprimantes, machines à copier et machines à télécopier, même combinés entres elles : > Machines qui assurent au moins deux des fonctions suivantes : impression, copie ou transmission de télécopie, aptes à être connectées à une machine automatique de traitement de l'information ou à un réseau : > Machines ayant comme fonction principale la copie numérique, la copie étant assurée par scannage de l'original et impression des copies au moyen d'un dispositif d'impression électrostatique > autres",1,équipements importés n’ayant pas de similaires fabriqués localement,secteurs économiques généraux,False
EX 844332,84.43,"Machines et appareils servant à l'impression au moyen de planches, cylindres et autres organes imprimant du n° 84.42 ; autres imprimantes, machines à copier et ma- chines à télécopier, même combinées entre elles ; parties et accessoires : > Autres imprimantes, machines à copier et machines à télécopier, même combinés entres elles : > Autres, aptes à être connectées à une machine automatique de traitement de l'information ou à un réseau :",1,équipements importés n’ayant pas de similaires fabriqués localement,secteurs économiques généraux,False
844332 1 0,84.43,"Machines et appareils servant à l'impression au moyen de planches, cylindres et autres organes imprimant du n° 84.42 ; autres imprimantes, machines à copier et ma- chines à télécopier, même combinées entre elles ; parties et accessoires : > Autres imprimantes, machines à copier et machines à télécopier, même combinés entres elles : > Autres, aptes à être connectées à une machine automatique de traitement de l'information ou à un réseau : > Imprimantes :",1,équipements importés n’ayant pas de similaires fabriqués localement,secteurs économiques généraux,False
,84.43,"Machines et appareils servant à l'impression au moyen de planches, cylindres et autres organes imprimant du n° 84.42 ; autres imprimantes, machines à copier et machines à télécopier, même combinées entre elles ; parties et accessoires : > Autres imprimantes, machines à copier et machines à télécopier, même combinés entres elles : > Autres, aptes à être connectées à une machine automatique de traitement de l'information ou à un réseau : > Imprimantes : > Imprimantes, pouvant comporter, sous la même enveloppe, des unités de mémoire ; Machines à imprimer à jet d'encre :",1,équipements importés n’ayant pas de similaires fabriqués localement,secteurs économiques généraux,False
844332 1 0 2,84.43,"Machines et appareils servant à l'impression au moyen de planches, cylindres et autres organes imprimant du n° 84.42 ; autres imprimantes, machines à copier et ma- chines à télécopier, même combinées entre elles ; parties et accessoires : > Autres imprimantes, machines à copier et machines à télécopier, même combinés entres elles : > Autres, aptes à être connectées à une machine automatique de traitement de l'information ou à un réseau : > Imprimantes : > Imprimantes, pouvant comporter, sous la même enveloppe, des unités de mémoire ; Machines à imprimer à jet d'encre : > Imprimantes, pouvant comporter, sous la même enveloppe, des unités de mémoire",1,équipements importés n’ayant pas de similaires fabriqués localement,secteurs économiques généraux,False
844332 1 0 3,84.43,"Machines et appareils servant à l'impression au moyen de planches, cylindres et autres organes imprimant du n° 84.42 ; autres imprimantes, machines à copier et ma- chines à télécopier, même combinées entre elles ; parties et accessoires : > Autres imprimantes, machines à copier et machines à télécopier, même combinés entres elles : > Autres, aptes à être connectées à une machine automatique de traitement de l'information ou à un réseau : > Imprimantes : > Imprimantes, pouvant comporter, sous la même enveloppe, des unités de mémoire ; Machines à imprimer à jet d'encre : > Machines à imprimer à jet d'encre.",1,équipements importés n’ayant pas de similaires fabriqués localement,secteurs économiques généraux,False
844332 3 0 0,84.43,"Machines et appareils servant à l'impression au moyen de planches, cylindres et autres organes imprimant du n° 84.42 ; autres imprimantes, machines à copier et ma- chines à télécopier, même combinées entre elles ; parties et accessoires : > Autres imprimantes, machines à copier et machines à télécopier, même combinés entres elles : > Autres, aptes à être connectées à une machine automatique de traitement de l'information ou à un réseau : > Machines à télécopier.",1,équipements importés n’ayant pas de similaires fabriqués localement,secteurs économiques généraux,False
,84.43,"Machines et appareils servant à l'impression au moyen de planches, cylindres et autres organes imprimant du n° 84.42 ; autres imprimantes, machines à copier et machines à télécopier, même combinées entre elles ; parties et accessoires : > Autres imprimantes, machines à copier et machines à télécopier, même combinés entres elles : > Autres, aptes à être connectées à une machine automatique de traitement de l'information ou à un réseau : > autres :",1,équipements importés n’ayant pas de similaires fabriqués localement,secteurs économiques généraux,False
844332 9 1 0,84.43,"Machines et appareils servant à l'impression au moyen de planches, cylindres et autres organes imprimant du n° 84.42 ; autres imprimantes, machines à copier et ma- chines à télécopier, même combinées entre elles ; parties et accessoires : > Autres imprimantes, machines à copier et machines à télécopier, même combinés entres elles : > Autres, aptes à être connectées à une machine automatique de traitement de l'information ou à un réseau : > autres : > Machines assurant les fonctions de copie par scannage de l'original et impression des copies au moyen d'un procédé électrostatique",1,équipements importés n’ayant pas de similaires fabriqués localement,secteurs économiques généraux,False
844332 9 3 0,84.43,"Machines et appareils servant à l'impression au moyen de planches, cylindres et autres organes imprimant du n° 84.42 ; autres imprimantes, machines à copier et ma- chines à télécopier, même combinées entre elles ; parties et accessoires : > Autres imprimantes, machines à copier et machines à télécopier, même combinés entres elles : > Autres, aptes à être connectées à une machine automatique de traitement de l'information ou à un réseau : > autres : > Autres machines assurant une fonction de copie, incorporant un système optique",1,équipements importés n’ayant pas de similaires fabriqués localement,secteurs économiques généraux,False
844332 9 9 0,84.43,"Machines et appareils servant à l'impression au moyen de planches, cylindres et autres organes imprimant du n° 84.42 ; autres imprimantes, machines à copier et ma- chines à télécopier, même combinées entre elles ; parties et accessoires : > Autres imprimantes, machines à copier et machines à télécopier, même combinés entres elles : > Autres, aptes à être connectées à une machine automatique de traitement de l'information ou à un réseau : > autres : > autres",1,équipements importés n’ayant pas de similaires fabriqués localement,secteurs économiques généraux,False
844339,84.43,"Machines et appareils servant à l'impression au moyen de planches, cylindres et autres organes imprimant du n° 84.42 ; autres imprimantes, machines à copier et ma- chines à télécopier, même combinées entre elles ; parties et accessoires : > Autres imprimantes, machines à copier et machines à télécopier, même combinés entres elles : > autres",1,équipements importés n’ayant pas de similaires fabriqués localement,secteurs économiques généraux,False
844400,84.44,"Machine pour le filage (extrusion), l'étirage, la texturation ou le tranchage des matières textiles synthétique :",1,équipements importés n’ayant pas de similaires fabriqués localement,secteurs économiques généraux,False
,84.45,"Machines pour la préparation des matières textiles ; machines pour la filature, le doublage ou le retordage des matières textiles et autres machines et appareils pour la fabrication des fils textiles ; machines à bobiner (y compris les canetières) ou à dévider les matières textiles et machines pour la préparation des fils textiles en vue de leur utilisation sur les machines des n°s84.46 ou 84.47 :",1,équipements importés n’ayant pas de similaires fabriqués localement,secteurs économiques généraux,False
,84.45,"Machines pour la préparation des matières textiles ; machines pour la filature, le doublage ou le retordage des matières textiles et autres machines et appareils pour la fabrication des fils textiles ; machines à bobiner (y compris les canetières) ou à dévider les matières textiles et machines pour la préparation des fils textiles en vue de leur utilisation sur les machines des n°s84.46 ou 84.47 : > Machines pour la préparation des matières textiles :",1,équipements importés n’ayant pas de similaires fabriqués localement,secteurs économiques généraux,False
844511 0 0 0,84.45,"Machines pour la préparation des matières textiles ; machines pour la filature, le doublage ou le retordage des matières textiles et autres machines et appareils pour la fabrication des fils textiles ; machines à bobiner (y compris les canetières) ou à dévider les matières textiles et machines pour la préparation des fils textiles en vue de leur utilisation sur les machines des n°s84.46 ou 84.47 : > Machines pour la préparation des matières textiles : > Cardes.",1,équipements importés n’ayant pas de similaires fabriqués localement,secteurs économiques généraux,False
844512 0 0 0,84.45,"Machines pour la préparation des matières textiles ; machines pour la filature, le doublage ou le retordage des matières textiles et autres machines et appareils pour la fabrication des fils textiles ; machines à bobiner (y compris les canetières) ou à dévider les matières textiles et machines pour la préparation des fils textiles en vue de leur utilisation sur les machines des n°s84.46 ou 84.47 : > Machines pour la préparation des matières textiles : > Peigneuses",1,équipements importés n’ayant pas de similaires fabriqués localement,secteurs économiques généraux,False
844513 0 0 0,84.45,"Machines pour la préparation des matières textiles ; machines pour la filature, le doublage ou le retordage des matières textiles et autres machines et appareils pour la fabrication des fils textiles ; machines à bobiner (y compris les canetières) ou à dévider les matières textiles et machines pour la préparation des fils textiles en vue de leur utilisation sur les machines des n°s84.46 ou 84.47 : > Machines pour la préparation des matières textiles : > Bancs à broches",1,équipements importés n’ayant pas de similaires fabriqués localement,secteurs économiques généraux,False
844519 0 0 0,84.45,"Machines pour la préparation des matières textiles ; machines pour la filature, le doublage ou le retordage des matières textiles et autres machines et appareils pour la fabrication des fils textiles ; machines à bobiner (y compris les canetières) ou à dévider les matières textiles et machines pour la préparation des fils textiles en vue de leur utilisation sur les machines des n°s84.46 ou 84.47 : > Machines pour la préparation des matières textiles : > Autres",1,équipements importés n’ayant pas de similaires fabriqués localement,secteurs économiques généraux,False
844520 0 0 0,84.45,"Machines pour la préparation des matières textiles ; machines pour la filature, le doublage ou le retordage des matières textiles et autres machines et appareils pour la fabrication des fils textiles ; machines à bobiner (y compris les canetières) ou à dévider les matières textiles et machines pour la préparation des fils textiles en vue de leur utilisation sur les machines des n°s84.46 ou 84.47 : > Machines pour la filature des matières textiles",1,équipements importés n’ayant pas de similaires fabriqués localement,secteurs économiques généraux,False
844530 0 0 0,84.45,"Machines pour la préparation des matières textiles ; machines pour la filature, le doublage ou le retordage des matières textiles et autres machines et appareils pour la fabrication des fils textiles ; machines à bobiner (y compris les canetières) ou à dévider les matières textiles et machines pour la préparation des fils textiles en vue de leur utilisation sur les machines des n°s84.46 ou 84.47 : > Machines pour le doublage ou le retordage des matières textiles",1,équipements importés n’ayant pas de similaires fabriqués localement,secteurs économiques généraux,False
844540 0 0 0,84.45,"Machines pour la préparation des matières textiles ; machines pour la filature, le doublage ou le retordage des matières textiles et autres machines et appareils pour la fabrication des fils textiles ; machines à bobiner (y compris les canetières) ou à dévider les matières textiles et machines pour la préparation des fils textiles en vue de leur utilisation sur les machines des n°s84.46 ou 84.47 : > Machines à bobiner (y compris les canetières) ou à dévider les matières textiles.",1,équipements importés n’ayant pas de similaires fabriqués localement,secteurs économiques généraux,False
844590 0 0 0,84.45,"Machines pour la préparation des matières textiles ; machines pour la filature, le doublage ou le retordage des matières textiles et autres machines et appareils pour la fabrication des fils textiles ; machines à bobiner (y compris les canetières) ou à dévider les matières textiles et machines pour la préparation des fils textiles en vue de leur utilisation sur les machines des n°s84.46 ou 84.47 : > Autres",1,équipements importés n’ayant pas de similaires fabriqués localement,secteurs économiques généraux,False
,84.46,Métiers à tisser.,1,équipements importés n’ayant pas de similaires fabriqués localement,secteurs économiques généraux,False
,84.47,"Machines et métiers à bonneterie,de couture-tricotage, à guipure,à tulle, à dentelle,à broderie, à passementerie, à tresses, à filet ou à touffeter.",1,équipements importés n’ayant pas de similaires fabriqués localement,secteurs économiques généraux,False
,84.48,"Machines et appareils auxiliaires pour les machines desn°s 84.44, 84.45, 84.46 ou 84.47 (ratières, mécaniques Jacquard, casse-chaînes et casse-trames, mécanismes de changement de navettes, par exemple); parties et accessoires reconnaissables comme étant exclusive- ment ou principalement destinés aux machines de la présente position ou des n°s 84.44, 84.45, 84.46 ou 84.47(broches, ailettes, garnitures de cardes, peignes, barrettes, filières, navettes, lisses et cadres de lisses, aiguilles, platines, crochets, par exemple) :",1,équipements importés n’ayant pas de similaires fabriqués localement,secteurs économiques généraux,False
,84.48,"Machines et appareils auxiliaires pour les machines desn°s 84.44, 84.45, 84.46 ou 84.47 (ratières, mécaniques Jacquard, casse-chaînes et casse-trames, mécanismes de changement de navettes, par exemple); parties et accessoires reconnaissables comme étant exclusive- ment ou principalement destinés aux machines de la présente position ou des n°s 84.44, 84.45, 84.46 ou 84.47(broches, ailettes, garnitures de cardes, peignes, barrettes, filières, navettes, lisses et cadres de lisses, aiguilles, platines, crochets, par exemple) : > Machines et appareils auxiliaires pour les machines des n°s 84.44, 84.45, 84.46 ou 84.47 :",1,équipements importés n’ayant pas de similaires fabriqués localement,secteurs économiques généraux,False
844811 0 0 0,84.48,"Machines et appareils auxiliaires pour les machines desn°s 84.44, 84.45, 84.46 ou 84.47 (ratières, mécaniques Jacquard, casse-chaînes et casse-trames, mécanismes de changement de navettes, par exemple); parties et accessoires reconnaissables comme étant exclusive- ment ou principalement destinés aux machines de la présente position ou des n°s 84.44, 84.45, 84.46 ou 84.47(broches, ailettes, garnitures de cardes, peignes, barrettes, filières, navettes, lisses et cadres de lisses, aiguilles, platines, crochets, par exemple) : > Machines et appareils auxiliaires pour les machines des n°s 84.44, 84.45, 84.46 ou 84.47 : > Ratières (mécaniques d'armures) et mécaniques Jacquard ; réducteurs, perforatrices et copieuses de cartons ; machines à lacer les cartons après perforation..",1,équipements importés n’ayant pas de similaires fabriqués localement,secteurs économiques généraux,False
844819 0 0 0,84.48,"Machines et appareils auxiliaires pour les machines desn°s 84.44, 84.45, 84.46 ou 84.47 (ratières, mécaniques Jacquard, casse-chaînes et casse-trames, mécanismes de changement de navettes, par exemple); parties et accessoires reconnaissables comme étant exclusive- ment ou principalement destinés aux machines de la présente position ou des n°s 84.44, 84.45, 84.46 ou 84.47(broches, ailettes, garnitures de cardes, peignes, barrettes, filières, navettes, lisses et cadres de lisses, aiguilles, platines, crochets, par exemple) : > Machines et appareils auxiliaires pour les machines des n°s 84.44, 84.45, 84.46 ou 84.47 : > Autres",1,équipements importés n’ayant pas de similaires fabriqués localement,secteurs économiques généraux,False
844820 0 0 0,84.48,"Machines et appareils auxiliaires pour les machines desn°s 84.44, 84.45, 84.46 ou 84.47 (ratières, mécaniques Jacquard, casse-chaînes et casse-trames, mécanismes de changement de navettes, par exemple); parties et accessoires reconnaissables comme étant exclusive- ment ou principalement destinés aux machines de la présente position ou des n°s 84.44, 84.45, 84.46 ou 84.47(broches, ailettes, garnitures de cardes, peignes, barrettes, filières, navettes, lisses et cadres de lisses, aiguilles, platines, crochets, par exemple) : > Parties et accessoires des machines du n° 84.44 ou de leurs machines ou appareils auxiliaires",1,équipements importés n’ayant pas de similaires fabriqués localement,secteurs économiques généraux,False
,84.48,"Machines et appareils auxiliaires pour les machines desn°s 84.44, 84.45, 84.46 ou 84.47 (ratières, mécaniques Jacquard, casse-chaînes et casse-trames, mécanismes de changement de navettes, par exemple); parties et accessoires reconnaissables comme étant exclusive- ment ou principalement destinés aux machines de la présente position ou des n°s 84.44, 84.45, 84.46 ou 84.47(broches, ailettes, garnitures de cardes, peignes, barrettes, filières, navettes, lisses et cadres de lisses, aiguilles, platines, crochets, par exemple) : > Parties et accessoires des machines du n° 84.45 ou de leurs machines ou appareils auxiliaires :",1,équipements importés n’ayant pas de similaires fabriqués localement,secteurs économiques généraux,False
844831 0 0 0,84.48,"Machines et appareils auxiliaires pour les machines desn°s 84.44, 84.45, 84.46 ou 84.47 (ratières, mécaniques Jacquard, casse-chaînes et casse-trames, mécanismes de changement de navettes, par exemple); parties et accessoires reconnaissables comme étant exclusive- ment ou principalement destinés aux machines de la présente position ou des n°s 84.44, 84.45, 84.46 ou 84.47(broches, ailettes, garnitures de cardes, peignes, barrettes, filières, navettes, lisses et cadres de lisses, aiguilles, platines, crochets, par exemple) : > Parties et accessoires des machines du n° 84.45 ou de leurs machines ou appareils auxiliaires : > Garnitures de cardes....",1,équipements importés n’ayant pas de similaires fabriqués localement,secteurs économiques généraux,False
844832 0 0 0,84.48,"Machines et appareils auxiliaires pour les machines desn°s 84.44, 84.45, 84.46 ou 84.47 (ratières, mécaniques Jacquard, casse-chaînes et casse-trames, mécanismes de changement de navettes, par exemple); parties et accessoires reconnaissables comme étant exclusive- ment ou principalement destinés aux machines de la présente position ou des n°s 84.44, 84.45, 84.46 ou 84.47(broches, ailettes, garnitures de cardes, peignes, barrettes, filières, navettes, lisses et cadres de lisses, aiguilles, platines, crochets, par exemple) : > Parties et accessoires des machines du n° 84.45 ou de leurs machines ou appareils auxiliaires : > De machines pour la préparation des matières textiles, autres que les garnitures de cardes.",1,équipements importés n’ayant pas de similaires fabriqués localement,secteurs économiques généraux,False
EX 844839 0 0,84.48,"Machines et appareils auxiliaires pour les machines desn°s 84.44, 84.45, 84.46 ou 84.47 (ratières, mécaniques Jacquard, casse-chaînes et casse-trames, mécanismes de changement de navettes, par exemple); parties et accessoires reconnaissables comme étant exclusive- ment ou principalement destinés aux machines de la présente position ou des n°s 84.44, 84.45, 84.46 ou 84.47(broches, ailettes, garnitures de cardes, peignes, barrettes, filières, navettes, lisses et cadres de lisses, aiguilles, platines, crochets, par exemple) : > Parties et accessoires des machines du n° 84.45 ou de leurs machines ou appareils auxiliaires : > Autres :",1,équipements importés n’ayant pas de similaires fabriqués localement,secteurs économiques généraux,False
844839 0 0 1,84.48,"Machines et appareils auxiliaires pour les machines desn°s 84.44, 84.45, 84.46 ou 84.47 (ratières, mécaniques Jacquard, casse-chaînes et casse-trames, mécanismes de changement de navettes, par exemple); parties et accessoires reconnaissables comme étant exclusive- ment ou principalement destinés aux machines de la présente position ou des n°s 84.44, 84.45, 84.46 ou 84.47(broches, ailettes, garnitures de cardes, peignes, barrettes, filières, navettes, lisses et cadres de lisses, aiguilles, platines, crochets, par exemple) : > Parties et accessoires des machines du n° 84.45 ou de leurs machines ou appareils auxiliaires : > Autres : > Pots de filature.",1,équipements importés n’ayant pas de similaires fabriqués localement,secteurs économiques généraux,False
,84.48,"Machines et appareils auxiliaires pour les machines desn°s 84.44, 84.45, 84.46 ou 84.47 (ratières, mécaniques Jacquard, casse-chaînes et casse-trames, mécanismes de changement de navettes, par exemple); parties et accessoires reconnaissables comme étant exclusive- ment ou principalement destinés aux machines de la présente position ou des n°s 84.44, 84.45, 84.46 ou 84.47(broches, ailettes, garnitures de cardes, peignes, barrettes, filières, navettes, lisses et cadres de lisses, aiguilles, platines, crochets, par exemple) : > Parties et accessoires des métiers à tisser ou de leurs machines ou appareils auxiliaires :",1,équipements importés n’ayant pas de similaires fabriqués localement,secteurs économiques généraux,False
844849 0 0,84.48,"Machines et appareils auxiliaires pour les machines desn°s 84.44, 84.45, 84.46 ou 84.47 (ratières, mécaniques Jacquard, casse-chaînes et casse-trames, mécanismes de changement de navettes, par exemple); parties et accessoires reconnaissables comme étant exclusive- ment ou principalement destinés aux machines de la présente position ou des n°s 84.44, 84.45, 84.46 ou 84.47(broches, ailettes, garnitures de cardes, peignes, barrettes, filières, navettes, lisses et cadres de lisses, aiguilles, platines, crochets, par exemple) : > Parties et accessoires des métiers à tisser ou de leurs machines ou appareils auxiliaires : > Autres:",1,équipements importés n’ayant pas de similaires fabriqués localement,secteurs économiques généraux,False
844849 0 0 1,84.48,"Machines et appareils auxiliaires pour les machines desn°s 84.44, 84.45, 84.46 ou 84.47 (ratières, mécaniques Jacquard, casse-chaînes et casse-trames, mécanismes de changement de navettes, par exemple); parties et accessoires reconnaissables comme étant exclusive- ment ou principalement destinés aux machines de la présente position ou des n°s 84.44, 84.45, 84.46 ou 84.47(broches, ailettes, garnitures de cardes, peignes, barrettes, filières, navettes, lisses et cadres de lisses, aiguilles, platines, crochets, par exemple) : > Parties et accessoires des métiers à tisser ou de leurs machines ou appareils auxiliaires : > Autres: > Navettes.",1,équipements importés n’ayant pas de similaires fabriqués localement,secteurs économiques généraux,False
844849 0 0 9,84.48,"Machines et appareils auxiliaires pour les machines desn°s 84.44, 84.45, 84.46 ou 84.47 (ratières, mécaniques Jacquard, casse-chaînes et casse-trames, mécanismes de changement de navettes, par exemple); parties et accessoires reconnaissables comme étant exclusive- ment ou principalement destinés aux machines de la présente position ou des n°s 84.44, 84.45, 84.46 ou 84.47(broches, ailettes, garnitures de cardes, peignes, barrettes, filières, navettes, lisses et cadres de lisses, aiguilles, platines, crochets, par exemple) : > Parties et accessoires des métiers à tisser ou de leurs machines ou appareils auxiliaires : > Autres: > Autres.",1,équipements importés n’ayant pas de similaires fabriqués localement,secteurs économiques généraux,False
,84.48,"Machines et appareils auxiliaires pour les machines desn°s 84.44, 84.45, 84.46 ou 84.47 (ratières, mécaniques Jacquard, casse-chaînes et casse-trames, mécanismes de changement de navettes, par exemple); parties et accessoires reconnaissables comme étant exclusive- ment ou principalement destinés aux machines de la présente position ou des n°s 84.44, 84.45, 84.46 ou 84.47(broches, ailettes, garnitures de cardes, peignes, barrettes, filières, navettes, lisses et cadres de lisses, aiguilles, platines, crochets, par exemple) : > Parties et accessoires des métiers, machines ou appareils du n° 84.47 ou de leurs machines ou appareils auxiliaires :",1,équipements importés n’ayant pas de similaires fabriqués localement,secteurs économiques généraux,False
844851,84.48,"Machines et appareils auxiliaires pour les machines desn°s 84.44, 84.45, 84.46 ou 84.47 (ratières, mécaniques Jacquard, casse-chaînes et casse-trames, mécanismes de changement de navettes, par exemple); parties et accessoires reconnaissables comme étant exclusive- ment ou principalement destinés aux machines de la présente position ou des n°s 84.44, 84.45, 84.46 ou 84.47(broches, ailettes, garnitures de cardes, peignes, barrettes, filières, navettes, lisses et cadres de lisses, aiguilles, platines, crochets, par exemple) : > Parties et accessoires des métiers, machines ou appareils du n° 84.47 ou de leurs machines ou appareils auxiliaires : > Platines, aiguilles et autres articles participant à la formation des mailles :",1,équipements importés n’ayant pas de similaires fabriqués localement,secteurs économiques généraux,False
844851 1 0 0,84.48,"Machines et appareils auxiliaires pour les machines desn°s 84.44, 84.45, 84.46 ou 84.47 (ratières, mécaniques Jacquard, casse-chaînes et casse-trames, mécanismes de changement de navettes, par exemple); parties et accessoires reconnaissables comme étant exclusive- ment ou principalement destinés aux machines de la présente position ou des n°s 84.44, 84.45, 84.46 ou 84.47(broches, ailettes, garnitures de cardes, peignes, barrettes, filières, navettes, lisses et cadres de lisses, aiguilles, platines, crochets, par exemple) : > Parties et accessoires des métiers, machines ou appareils du n° 84.47 ou de leurs machines ou appareils auxiliaires : > Platines, aiguilles et autres articles participant à la formation des mailles : > Platines",1,équipements importés n’ayant pas de similaires fabriqués localement,secteurs économiques généraux,False
844851 9 0 0,84.48,"Machines et appareils auxiliaires pour les machines desn°s 84.44, 84.45, 84.46 ou 84.47 (ratières, mécaniques Jacquard, casse-chaînes et casse-trames, mécanismes de changement de navettes, par exemple); parties et accessoires reconnaissables comme étant exclusive- ment ou principalement destinés aux machines de la présente position ou des n°s 84.44, 84.45, 84.46 ou 84.47(broches, ailettes, garnitures de cardes, peignes, barrettes, filières, navettes, lisses et cadres de lisses, aiguilles, platines, crochets, par exemple) : > Parties et accessoires des métiers, machines ou appareils du n° 84.47 ou de leurs machines ou appareils auxiliaires : > Platines, aiguilles et autres articles participant à la formation des mailles : > autres",1,équipements importés n’ayant pas de similaires fabriqués localement,secteurs économiques généraux,False
844859 0 0 0,84.48,"Machines et appareils auxiliaires pour les machines desn°s 84.44, 84.45, 84.46 ou 84.47 (ratières, mécaniques Jacquard, casse-chaînes et casse-trames, mécanismes de changement de navettes, par exemple); parties et accessoires reconnaissables comme étant exclusive- ment ou principalement destinés aux machines de la présente position ou des n°s 84.44, 84.45, 84.46 ou 84.47(broches, ailettes, garnitures de cardes, peignes, barrettes, filières, navettes, lisses et cadres de lisses, aiguilles, platines, crochets, par exemple) : > Parties et accessoires des métiers, machines ou appareils du n° 84.47 ou de leurs machines ou appareils auxiliaires : > Autres.",1,équipements importés n’ayant pas de similaires fabriqués localement,secteurs économiques généraux,False
844900 0 0 0,84.49,"Machines et appareils pour la fabrication ou le finissage du feutre ou des non-tissés, en pièce ou en forme y compris les machines et appareils pour la fabrication de chapeaux en feutre ; formes de chapellerie",1,équipements importés n’ayant pas de similaires fabriqués localement,secteurs économiques généraux,False
,84.51,"Machines et appareils (autres que les machines du n° 84.50) pour le lavage,le nettoyage, l'essorage, le séchage, le repassage, le pressage (y compris les presses à fixer), le blanchiment, la teinture, l'apprêt, le finissage, l'enduction ou l'imprégnation des fils, tissus ou ouvrages en matières textiles et machines pour le revêtement des tissus ou autres supports utilisés pour a fabrication de couvre-parquets tels que le linoléum ; machines à enrouler,déroulé, plié, coupé ou denteler les tissus:",1,équipements importés n’ayant pas de similaires fabriqués localement,secteurs économiques généraux,False
,84.51,"Machines et appareils (autres que les machines du n° 84.50) pour le lavage,le nettoyage, l'essorage, le séchage, le repassage, le pressage (y compris les presses à fixer), le blanchiment, la teinture, l'apprêt, le finissage, l'enduction ou l'imprégnation des fils, tissus ou ouvrages en matières textiles et machines pour le revêtement des tissus ou autres supports utilisés pour a fabrication de couvre-parquets tels que le linoléum ; machines à enrouler,déroulé, plié, coupé ou denteler les tissus: > le pressage (y compris les presses à fixer), le blanchiment, la teinture, l'apprêt, le finissage, l'enduction ou l'imprégnation des fils, tissus ou ouvrages en matières textiles et machines pour le revêtement des tissus ou autres supports utilisés pour a fabrication de couvre-parquets tels que le linoléum ; machines à enrouler,déroulé, plié, coupé ou denteler les tissus:",1,équipements importés n’ayant pas de similaires fabriqués localement,secteurs économiques généraux,False
845110 0 0 0,84.51,"Machines et appareils (autres que les machines du n° 84.50) pour le lavage,le nettoyage, l'essorage, le séchage, le repassage, le pressage (y compris les presses à fixer), le blanchiment, la teinture, l'apprêt, le finissage, l'enduction ou l'imprégnation des fils, tissus ou ouvrages en matières textiles et machines pour le revêtement des tissus ou autres supports utilisés pour a fabrication de couvre-parquets tels que le linoléum ; machines à enrouler,déroulé, plié, coupé ou denteler les tissus: > Machines pour le nettoyage à sec",1,équipements importés n’ayant pas de similaires fabriqués localement,secteurs économiques généraux,False
,84.51,"Machines et appareils (autres que les machines du n° 84.50) pour le lavage,le nettoyage, l'essorage, le séchage, le repassage, le pressage (y compris les presses à fixer), le blanchiment, la teinture, l'apprêt, le finissage, l'enduction ou l'imprégnation des fils, tissus ou ouvrages en matières textiles et machines pour le revêtement des tissus ou autres supports utilisés pour a fabrication de couvre-parquets tels que le linoléum ; machines à enrouler,déroulé, plié, coupé ou denteler les tissus: > Machines à sécher :",1,équipements importés n’ayant pas de similaires fabriqués localement,secteurs économiques généraux,False
845129 0 0,84.51,"Machines et appareils (autres que les machines du n° 84.50) pour le lavage,le nettoyage, l'essorage, le séchage, le repassage, le pressage (y compris les presses à fixer), le blanchiment, la teinture, l'apprêt, le finissage, l'enduction ou l'imprégnation des fils, tissus ou ouvrages en matières textiles et machines pour le revêtement des tissus ou autres supports utilisés pour a fabrication de couvre-parquets tels que le linoléum ; machines à enrouler,déroulé, plié, coupé ou denteler les tissus: > Machines à sécher : > Autres :",1,équipements importés n’ayant pas de similaires fabriqués localement,secteurs économiques généraux,False
845129 0 0 1,84.51,"Machines et appareils (autres que les machines du n° 84.50) pour le lavage,le nettoyage, l'essorage, le séchage, le repassage, le pressage (y compris les presses à fixer), le blanchiment, la teinture, l'apprêt, le finissage, l'enduction ou l'imprégnation des fils, tissus ou ouvrages en matières textiles et machines pour le revêtement des tissus ou autres supports utilisés pour a fabrication de couvre-parquets tels que le linoléum ; machines à enrouler,déroulé, plié, coupé ou denteler les tissus: > Machines à sécher : > Autres : > à usage industriel",1,équipements importés n’ayant pas de similaires fabriqués localement,secteurs économiques généraux,False
845129 0 0 9,84.51,"Machines et appareils (autres que les machines du n° 84.50) pour le lavage,le nettoyage, l'essorage, le séchage, le repassage, le pressage (y compris les presses à fixer), le blanchiment, la teinture, l'apprêt, le finissage, l'enduction ou l'imprégnation des fils, tissus ou ouvrages en matières textiles et machines pour le revêtement des tissus ou autres supports utilisés pour a fabrication de couvre-parquets tels que le linoléum ; machines à enrouler,déroulé, plié, coupé ou denteler les tissus: > Machines à sécher : > Autres : > autres",1,équipements importés n’ayant pas de similaires fabriqués localement,secteurs économiques généraux,False
845130 0 0 0,84.51,"Machines et appareils (autres que les machines du n° 84.50) pour le lavage,le nettoyage, l'essorage, le séchage, le repassage, le pressage (y compris les presses à fixer), le blanchiment, la teinture, l'apprêt, le finissage, l'enduction ou l'imprégnation des fils, tissus ou ouvrages en matières textiles et machines pour le revêtement des tissus ou autres supports utilisés pour a fabrication de couvre-parquets tels que le linoléum ; machines à enrouler,déroulé, plié, coupé ou denteler les tissus: > Machines et presses à repasser, y compris les presses à fixer",1,équipements importés n’ayant pas de similaires fabriqués localement,secteurs économiques généraux,False
845140 0 0 0,84.51,"Machines et appareils (autres que les machines du n° 84.50) pour le lavage,le nettoyage, l'essorage, le séchage, le repassage, le pressage (y compris les presses à fixer), le blanchiment, la teinture, l'apprêt, le finissage, l'enduction ou l'imprégnation des fils, tissus ou ouvrages en matières textiles et machines pour le revêtement des tissus ou autres supports utilisés pour a fabrication de couvre-parquets tels que le linoléum ; machines à enrouler,déroulé, plié, coupé ou denteler les tissus: > Machines pour le lavage, le blanchiment ou la teinture",1,équipements importés n’ayant pas de similaires fabriqués localement,secteurs économiques généraux,False
845150 0 0 0,84.51,"Machines et appareils (autres que les machines du n° 84.50) pour le lavage,le nettoyage, l'essorage, le séchage, le repassage, le pressage (y compris les presses à fixer), le blanchiment, la teinture, l'apprêt, le finissage, l'enduction ou l'imprégnation des fils, tissus ou ouvrages en matières textiles et machines pour le revêtement des tissus ou autres supports utilisés pour a fabrication de couvre-parquets tels que le linoléum ; machines à enrouler,déroulé, plié, coupé ou denteler les tissus: > Machines à enrouler, dérouler, plier, couper ou denteler les tissus",1,équipements importés n’ayant pas de similaires fabriqués localement,secteurs économiques généraux,False
845180,84.51,"Machines et appareils (autres que les machines du n° 84.50) pour le lavage,le nettoyage, l'essorage, le séchage, le repassage, le pressage (y compris les presses à fixer), le blanchiment, la teinture, l'apprêt, le finissage, l'enduction ou l'imprégnation des fils, tissus ou ouvrages en matières textiles et machines pour le revêtement des tissus ou autres supports utilisés pour a fabrication de couvre-parquets tels que le linoléum ; machines à enrouler,déroulé, plié, coupé ou denteler les tissus: > Autres machines et appareils :",1,équipements importés n’ayant pas de similaires fabriqués localement,secteurs économiques généraux,False
845180 1 0 0,84.51,"Machines et appareils (autres que les machines du n° 84.50) pour le lavage,le nettoyage, l'essorage, le séchage, le repassage, le pressage (y compris les presses à fixer), le blanchiment, la teinture, l'apprêt, le finissage, l'enduction ou l'imprégnation des fils, tissus ou ouvrages en matières textiles et machines pour le revêtement des tissus ou autres supports utilisés pour a fabrication de couvre-parquets tels que le linoléum ; machines à enrouler,déroulé, plié, coupé ou denteler les tissus: > Autres machines et appareils : > Machines pour le revêtement des tissus et autres supports en vue de la fabrication de couvre-parquets, tels que linoléum, etc.",1,équipements importés n’ayant pas de similaires fabriqués localement,secteurs économiques généraux,False
845180 3 0 0,84.51,"Machines et appareils (autres que les machines du n° 84.50) pour le lavage,le nettoyage, l'essorage, le séchage, le repassage, le pressage (y compris les presses à fixer), le blanchiment, la teinture, l'apprêt, le finissage, l'enduction ou l'imprégnation des fils, tissus ou ouvrages en matières textiles et machines pour le revêtement des tissus ou autres supports utilisés pour a fabrication de couvre-parquets tels que le linoléum ; machines à enrouler,déroulé, plié, coupé ou denteler les tissus: > Autres machines et appareils : > Machines pour l'apprêt ou le finissage",1,équipements importés n’ayant pas de similaires fabriqués localement,secteurs économiques généraux,False
845180 8 0 0,84.51,"Machines et appareils (autres que les machines du n° 84.50) pour le lavage,le nettoyage, l'essorage, le séchage, le repassage, le pressage (y compris les presses à fixer), le blanchiment, la teinture, l'apprêt, le finissage, l'enduction ou l'imprégnation des fils, tissus ou ouvrages en matières textiles et machines pour le revêtement des tissus ou autres supports utilisés pour a fabrication de couvre-parquets tels que le linoléum ; machines à enrouler,déroulé, plié, coupé ou denteler les tissus: > Autres machines et appareils : > autres",1,équipements importés n’ayant pas de similaires fabriqués localement,secteurs économiques généraux,False
,84.52,"Machines à coudre, autres que les machines à coudre les feuillets du n° 84.40 ; meubles,embases et couvercles spécialement conçus pour machines à coudre;aiguilles pour machines à coudre :",1,équipements importés n’ayant pas de similaires fabriqués localement,secteurs économiques généraux,False
,84.52,"Machines à coudre, autres que les machines à coudre les feuillets du n° 84.40 ; meubles,embases et couvercles spécialement conçus pour machines à coudre;aiguilles pour machines à coudre : > Autres machines à coudre :",1,équipements importés n’ayant pas de similaires fabriqués localement,secteurs économiques généraux,False
845221 0 0 0,84.52,"Machines à coudre, autres que les machines à coudre les feuillets du n° 84.40 ; meubles,embases et couvercles spécialement conçus pour machines à coudre;aiguilles pour machines à coudre : > Autres machines à coudre : > Unités automatiques.",1,équipements importés n’ayant pas de similaires fabriqués localement,secteurs économiques généraux,False
845229 0 0 0,84.52,"Machines à coudre, autres que les machines à coudre les feuillets du n° 84.40 ; meubles,embases et couvercles spécialement conçus pour machines à coudre;aiguilles pour machines à coudre : > Autres machines à coudre : > Autres.",1,équipements importés n’ayant pas de similaires fabriqués localement,secteurs économiques généraux,False
,84.53,"Machines et appareils pour la préparation, le tannage ou le travail des cuirs ou peaux ou pour la fabrication ou la réparation des chaussures ou autres ouvrages en cuir ou en peau, autres que les machines à coudre :",1,équipements importés n’ayant pas de similaires fabriqués localement,secteurs économiques généraux,False
845310 0 0 0,84.53,"Machines et appareils pour la préparation, le tannage ou le travail des cuirs ou peaux ou pour la fabrication ou la réparation des chaussures ou autres ouvrages en cuir ou en peau, autres que les machines à coudre : > Machines et appareils pour la préparation, le tannage ou le travail des cuirs ou peaux.",1,équipements importés n’ayant pas de similaires fabriqués localement,secteurs économiques généraux,False
845320 0 0 0,84.53,"Machines et appareils pour la préparation, le tannage ou le travail des cuirs ou peaux ou pour la fabrication ou la réparation des chaussures ou autres ouvrages en cuir ou en peau, autres que les machines à coudre : > Machines et appareils pour la fabrication ou la réparation des chaussures",1,équipements importés n’ayant pas de similaires fabriqués localement,secteurs économiques généraux,False
845380 0 0 0,84.53,"Machines et appareils pour la préparation, le tannage ou le travail des cuirs ou peaux ou pour la fabrication ou la réparation des chaussures ou autres ouvrages en cuir ou en peau, autres que les machines à coudre : > Autres machines et appareils",1,équipements importés n’ayant pas de similaires fabriqués localement,secteurs économiques généraux,False
,84.54,"Convertisseurs, poches de coulée, lingotières et machines à couler (mouler) pour métallurgie, aciérie ou fonderie :",1,équipements importés n’ayant pas de similaires fabriqués localement,secteurs économiques généraux,False
845410 0 0 0,84.54,"Convertisseurs, poches de coulée, lingotières et machines à couler (mouler) pour métallurgie, aciérie ou fonderie : > Convertisseurs",1,équipements importés n’ayant pas de similaires fabriqués localement,secteurs économiques généraux,False
845420 0 0 0,84.54,"Convertisseurs, poches de coulée, lingotières et machines à couler (mouler) pour métallurgie, aciérie ou fonderie : > Lingotières et poches de coulée.",1,équipements importés n’ayant pas de similaires fabriqués localement,secteurs économiques généraux,False
845430,84.54,"Convertisseurs, poches de coulée, lingotières et machines à couler (mouler) pour métallurgie, aciérie ou fonderie : > Machines à couler (mouler) :",1,équipements importés n’ayant pas de similaires fabriqués localement,secteurs économiques généraux,False
845430 1 0 0,84.54,"Convertisseurs, poches de coulée, lingotières et machines à couler (mouler) pour métallurgie, aciérie ou fonderie : > Machines à couler (mouler) : > Machines à couler sous pression.",1,équipements importés n’ayant pas de similaires fabriqués localement,secteurs économiques généraux,False
845430 9 0 0,84.54,"Convertisseurs, poches de coulée, lingotières et machines à couler (mouler) pour métallurgie, aciérie ou fonderie : > Machines à couler (mouler) : > autres",1,équipements importés n’ayant pas de similaires fabriqués localement,secteurs économiques généraux,False
,84.55,Laminoirs à métaux et leurs cylindres :,1,équipements importés n’ayant pas de similaires fabriqués localement,secteurs économiques généraux,False
845510 0 0 0,84.55,Laminoirs à métaux et leurs cylindres : > Laminoirs à tubes.,1,équipements importés n’ayant pas de similaires fabriqués localement,secteurs économiques généraux,False
,84.55,Laminoirs à métaux et leurs cylindres : > Autres laminoirs :,1,équipements importés n’ayant pas de similaires fabriqués localement,secteurs économiques généraux,False
845521 0 0 0,84.55,Laminoirs à métaux et leurs cylindres : > Autres laminoirs : > Laminoirs à chaud et laminoirs combinés à chaud et à froid..,1,équipements importés n’ayant pas de similaires fabriqués localement,secteurs économiques généraux,False
845522 0 0 0,84.55,Laminoirs à métaux et leurs cylindres : > Autres laminoirs : > Laminoirs à froid.,1,équipements importés n’ayant pas de similaires fabriqués localement,secteurs économiques généraux,False
845530,84.55,Laminoirs à métaux et leurs cylindres : > Cylindres de laminoirs :,1,équipements importés n’ayant pas de similaires fabriqués localement,secteurs économiques généraux,False
845530 1 0 0,84.55,Laminoirs à métaux et leurs cylindres : > Cylindres de laminoirs : > en fonte,1,équipements importés n’ayant pas de similaires fabriqués localement,secteurs économiques généraux,False
,84.55,Laminoirs à métaux et leurs cylindres : > Cylindres de laminoirs : > en acier forgé :,1,équipements importés n’ayant pas de similaires fabriqués localement,secteurs économiques généraux,False
845530 3 1 0,84.55,Laminoirs à métaux et leurs cylindres : > Cylindres de laminoirs : > en acier forgé : > Cylindres de travail à chaud ; cylindres d'appui à chaud et à froid.,1,équipements importés n’ayant pas de similaires fabriqués localement,secteurs économiques généraux,False
845530 3 9 0,84.55,Laminoirs à métaux et leurs cylindres : > Cylindres de laminoirs : > en acier forgé : > Cylindres de travail à froid,1,équipements importés n’ayant pas de similaires fabriqués localement,secteurs économiques généraux,False
845530 9 0 0,84.55,Laminoirs à métaux et leurs cylindres : > Cylindres de laminoirs : > autres,1,équipements importés n’ayant pas de similaires fabriqués localement,secteurs économiques généraux,False
,84.56,"Machines-outils travaillant par enlèvement de toute matière > et opérant par laser ou autre faisceau de lumière ou de photons, par ultra-sons, par électroérosion, par procédés électrochimiques, par faisceaux d'électrons, par faisceaux ioniques ou par jet de plasma :",1,équipements importés n’ayant pas de similaires fabriqués localement,secteurs économiques généraux,False
,84.56,Machines-outils travaillant par enlèvement de toute matière > Opérant par laser ou autre faisceau de lumière ou de photons :,1,équipements importés n’ayant pas de similaires fabriqués localement,secteurs économiques généraux,False
845611 0 0 0,84.56,"Machines-outils travaillant par enlèvement de toute matière et opérant par laser ou autre faisceau de lumière ou de photons, par ultra-sons, par électroérosion, par procédés électrochimiques, par faisceaux d'électrons, par faisceaux ioniques ou par jet de plasma : > Opérant par laser ou autre faisceau de lumière ou de photons : > Opérant par laser :",1,équipements importés n’ayant pas de similaires fabriqués localement,secteurs économiques généraux,False
845612 0 0 0,84.56,"Machines-outils travaillant par enlèvement de toute matière et opérant par laser ou autre faisceau de lumière ou de photons, par ultra-sons, par électroérosion, par procédés électrochimiques, par faisceaux d'électrons, par faisceaux ioniques ou par jet de plasma : > Opérant par laser ou autre faisceau de lumière ou de photons : > Opérant par autres faisceaux de lumière ou de photons :",1,équipements importés n’ayant pas de similaires fabriqués localement,secteurs économiques généraux,False
845620 0 0 0,84.56,"Machines-outils travaillant par enlèvement de toute matière et opérant par laser ou autre faisceau de lumière ou de photons, par ultra-sons, par électroérosion, par procédés électrochimiques, par faisceaux d'électrons, par faisceaux ioniques ou par jet de plasma : > Opérant par ultrasons",1,équipements importés n’ayant pas de similaires fabriqués localement,secteurs économiques généraux,False
845630,84.56,"Machines-outils travaillant par enlèvement de toute matière et opérant par laser ou autre faisceau de lumière ou de photons, par ultra-sons, par électroérosion, par procédés électrochimiques, par faisceaux d'électrons, par faisceaux ioniques ou par jet de plasma : > Opérant par électro-érosion :",1,équipements importés n’ayant pas de similaires fabriqués localement,secteurs économiques généraux,False
,84.56,Machines-outils travaillant par enlèvement de toute matière > Opérant par électro-érosion : > à commande numérique :,1,équipements importés n’ayant pas de similaires fabriqués localement,secteurs économiques généraux,False
845630 1 1 0,84.56,"Machines-outils travaillant par enlèvement de toute matière et opérant par laser ou autre faisceau de lumière ou de photons, par ultra-sons, par électroérosion, par procédés électrochimiques, par faisceaux d'électrons, par faisceaux ioniques ou par jet de plasma : > Opérant par électro-érosion : > à commande numérique : > Par fil",1,équipements importés n’ayant pas de similaires fabriqués localement,secteurs économiques généraux,False
845630 1 9 0,84.56,"Machines-outils travaillant par enlèvement de toute matière et opérant par laser ou autre faisceau de lumière ou de photons, par ultra-sons, par électroérosion, par procédés électrochimiques, par faisceaux d'électrons, par faisceaux ioniques ou par jet de plasma : > Opérant par électro-érosion : > à commande numérique : > Autres",1,équipements importés n’ayant pas de similaires fabriqués localement,secteurs économiques généraux,False
845630 9 0 0,84.56,"Machines-outils travaillant par enlèvement de toute matière et opérant par laser ou autre faisceau de lumière ou de photons, par ultra-sons, par électroérosion, par procédés électrochimiques, par faisceaux d'électrons, par faisceaux ioniques ou par jet de plasma : > Opérant par électro-érosion : > Autres.",1,équipements importés n’ayant pas de similaires fabriqués localement,secteurs économiques généraux,False
845640 0 0 0,84.56,"Machines-outils travaillant par enlèvement de toute matière et opérant par laser ou autre faisceau de lumière ou de photons, par ultra-sons, par électroérosion, par procédés électrochimiques, par faisceaux d'électrons, par faisceaux ioniques ou par jet de plasma : > Opérant par jet de plasma",1,équipements importés n’ayant pas de similaires fabriqués localement,secteurs économiques généraux,False
845650 0 0 0,84.56,"Machines-outils travaillant par enlèvement de toute matière et opérant par laser ou autre faisceau de lumière ou de photons, par ultra-sons, par électroérosion, par procédés électrochimiques, par faisceaux d'électrons, par faisceaux ioniques ou par jet de plasma : > Machines à découper par jet d'eau",1,équipements importés n’ayant pas de similaires fabriqués localement,secteurs économiques généraux,False
845690,84.56,"Machines-outils travaillant par enlèvement de toute matière et opérant par laser ou autre faisceau de lumière ou de photons, par ultra-sons, par électroérosion, par procédés électrochimiques, par faisceaux d'électrons, par faisceaux ioniques ou par jet de plasma : > Autres :",1,équipements importés n’ayant pas de similaires fabriqués localement,secteurs économiques généraux,False
,84.57,"Centres d'usinage, machines à poste fixe et machines > à stations multiples, pour le travail des métaux :",1,équipements importés n’ayant pas de similaires fabriqués localement,secteurs économiques généraux,False
,84.58,Tours (y compris les centres de tournage) travaillant > par enlèvement de métal :,1,équipements importés n’ayant pas de similaires fabriqués localement,secteurs économiques généraux,False
,84.59,"Machines (y compris les unités d'usinage à glissières) > à percer, aléser, fraiser, fileter ou tarauder les métaux par enlèvement de matière, autres que les tours (y compris les centres de tournage) du n° 84.58 :",1,équipements importés n’ayant pas de similaires fabriqués localement,secteurs économiques généraux,False
845910 0 0 0,84.59,"Machines (y compris les unités d'usinage à glissières) à percer, aléser, fraiser, fileter ou tarauder les métaux par enlèvement de matière, autres que les tours (y compris les centres de tournage) du n° 84.58 : > Unités d'usinage à glissières",1,équipements importés n’ayant pas de similaires fabriqués localement,secteurs économiques généraux,False
,84.59,Machines (y compris les unités d'usinage à glissières) > Autres machines à percer :,1,équipements importés n’ayant pas de similaires fabriqués localement,secteurs économiques généraux,False
845921 0 0 0,84.59,"Machines (y compris les unités d'usinage à glissières) à percer, aléser, fraiser, fileter ou tarauder les métaux par enlèvement de matière, autres que les tours (y compris les centres de tournage) du n° 84.58 : > Autres machines à percer : > A commande numérique.",1,équipements importés n’ayant pas de similaires fabriqués localement,secteurs économiques généraux,False
845929 0 0 0,84.59,"Machines (y compris les unités d'usinage à glissières) à percer, aléser, fraiser, fileter ou tarauder les métaux par enlèvement de matière, autres que les tours (y compris les centres de tournage) du n° 84.58 : > Autres machines à percer : > Autres...",1,équipements importés n’ayant pas de similaires fabriqués localement,secteurs économiques généraux,False
,84.59,Machines (y compris les unités d'usinage à glissières) > Autres aléseuses-fraiseuses :,1,équipements importés n’ayant pas de similaires fabriqués localement,secteurs économiques généraux,False
845931 0 0 0,84.59,"Machines (y compris les unités d'usinage à glissières) à percer, aléser, fraiser, fileter ou tarauder les métaux par enlèvement de matière, autres que les tours (y compris les centres de tournage) du n° 84.58 : > Autres aléseuses-fraiseuses : > A commande numérique.",1,équipements importés n’ayant pas de similaires fabriqués localement,secteurs économiques généraux,False
845939 0 0 0,84.59,"Machines (y compris les unités d'usinage à glissières) à percer, aléser, fraiser, fileter ou tarauder les métaux par enlèvement de matière, autres que les tours (y compris les centres de tournage) du n° 84.58 : > Autres aléseuses-fraiseuses : > Autres.",1,équipements importés n’ayant pas de similaires fabriqués localement,secteurs économiques généraux,False
,84.59,Machines (y compris les unités d'usinage à glissières) > Autres machines à aléser :,1,équipements importés n’ayant pas de similaires fabriqués localement,secteurs économiques généraux,False
845941 0 0 0,84.59,"Machines (y compris les unités d'usinage à glissières) à percer, aléser, fraiser, fileter ou tarauder les métaux par enlèvement de matière, autres que les tours (y compris les centres de tournage) du n° 84.58 : > Autres machines à aléser : > A commande numérique",1,équipements importés n’ayant pas de similaires fabriqués localement,secteurs économiques généraux,False
845949 0 0 0,84.59,"Machines (y compris les unités d'usinage à glissières) à percer, aléser, fraiser, fileter ou tarauder les métaux par enlèvement de matière, autres que les tours (y compris les centres de tournage) du n° 84.58 : > Autres machines à aléser : > Autres",1,équipements importés n’ayant pas de similaires fabriqués localement,secteurs économiques généraux,False
,84.59,"Machines (y compris les unités d'usinage à glissières) > Machines à fraiser, à console :",1,équipements importés n’ayant pas de similaires fabriqués localement,secteurs économiques généraux,False
845951 0 0 0,84.59,"Machines (y compris les unités d'usinage à glissières) à percer, aléser, fraiser, fileter ou tarauder les métaux par enlèvement de matière, autres que les tours (y compris les centres de tournage) du n° 84.58 : > Machines à fraiser, à console : > A commande numérique....",1,équipements importés n’ayant pas de similaires fabriqués localement,secteurs économiques généraux,False
845959 0 0 0,84.59,"Machines (y compris les unités d'usinage à glissières) à percer, aléser, fraiser, fileter ou tarauder les métaux par enlèvement de matière, autres que les tours (y compris les centres de tournage) du n° 84.58 : > Machines à fraiser, à console : > Autres.",1,équipements importés n’ayant pas de similaires fabriqués localement,secteurs économiques généraux,False
,84.59,Machines (y compris les unités d'usinage à glissières) > Autres machines à fraiser :,1,équipements importés n’ayant pas de similaires fabriqués localement,secteurs économiques généraux,False
845961,84.59,"Machines (y compris les unités d'usinage à glissières) à percer, aléser, fraiser, fileter ou tarauder les métaux par enlèvement de matière, autres que les tours (y compris les centres de tournage) du n° 84.58 : > Autres machines à fraiser : > A commande numérique :",1,équipements importés n’ayant pas de similaires fabriqués localement,secteurs économiques généraux,False
845961 1 0 0,84.59,"Machines (y compris les unités d'usinage à glissières) à percer, aléser, fraiser, fileter ou tarauder les métaux par enlèvement de matière, autres que les tours (y compris les centres de tournage) du n° 84.58 : > Autres machines à fraiser : > A commande numérique : > Machines à fraiser les outils",1,équipements importés n’ayant pas de similaires fabriqués localement,secteurs économiques généraux,False
845961 9 0 0,84.59,"Machines (y compris les unités d'usinage à glissières) à percer, aléser, fraiser, fileter ou tarauder les métaux par enlèvement de matière, autres que les tours (y compris les centres de tournage) du n° 84.58 : > Autres machines à fraiser : > A commande numérique : > Autres.",1,équipements importés n’ayant pas de similaires fabriqués localement,secteurs économiques généraux,False
845969,84.59,"Machines (y compris les unités d'usinage à glissières) à percer, aléser, fraiser, fileter ou tarauder les métaux par enlèvement de matière, autres que les tours (y compris les centres de tournage) du n° 84.58 : > Autres machines à fraiser : > Autres :",1,équipements importés n’ayant pas de similaires fabriqués localement,secteurs économiques généraux,False
845969 1 0 0,84.59,"Machines (y compris les unités d'usinage à glissières) à percer, aléser, fraiser, fileter ou tarauder les métaux par enlèvement de matière, autres que les tours (y compris les centres de tournage) du n° 84.58 : > Autres machines à fraiser : > Autres : > Machines à fraiser les outils.",1,équipements importés n’ayant pas de similaires fabriqués localement,secteurs économiques généraux,False
845969 9 0 0,84.59,"Machines (y compris les unités d'usinage à glissières) à percer, aléser, fraiser, fileter ou tarauder les métaux par enlèvement de matière, autres que les tours (y compris les centres de tournage) du n° 84.58 : > Autres machines à fraiser : > Autres : > Autres.",1,équipements importés n’ayant pas de similaires fabriqués localement,secteurs économiques généraux,False
845970 0 0 0,84.59,"Machines (y compris les unités d'usinage à glissières) à percer, aléser, fraiser, fileter ou tarauder les métaux par enlèvement de matière, autres que les tours (y compris les centres de tournage) du n° 84.58 : > Autres machines à fileter ou à tarauder",1,équipements importés n’ayant pas de similaires fabriqués localement,secteurs économiques généraux,False
,84.60,"Machines à ébarber, affûter, meuler, rectifier,roder, polir ou à faire d'autres opérations de finissage travaillant des métaux ou des cermets à l'aide de meules, d'abrasifs ou de produits de polissage, autres que les machines à tailler ou à finir les engrenages du n° 84.61 :",1,équipements importés n’ayant pas de similaires fabriqués localement,secteurs économiques généraux,False
,84.61,"Machines à raboter, étaux-limeurs, machines à mortaiser, brocher, tailler les engrenages, finir les engrenages, scié, tronçonner et autres machines-outils travaillant par enlèvement de métal ou de cermets, non dénommées ni comprises ailleurs :",1,équipements importés n’ayant pas de similaires fabriqués localement,secteurs économiques généraux,False
,84.62,"Machines (y compris les presses) à forger ou à estamper, moutons, marteau-pilon et martinets pour le travail des métaux ; machines ( y compris les presses) à rouler, cintrer, plier, dresser, planer, cisailler, poinçonner ou gruger les métaux ; presses pour le travail des métaux ou des carbures métalliques, autres que celles visées ci-dessus :",1,équipements importés n’ayant pas de similaires fabriqués localement,secteurs économiques généraux,False
,84.63,"Autres machines-outils pour le travail des métaux ou des cermets, travaillant sans enlèvement de matière :",1,équipements importés n’ayant pas de similaires fabriqués localement,secteurs économiques généraux,False
,84.64,"Machines-outils pour le travail de la pierre, des produits céramiques, du béton, de l'amiante-ciment ou de matières minérales similaires, ou pour le travail à froid du verre :",1,équipements importés n’ayant pas de similaires fabriqués localement,secteurs économiques généraux,False
,84.64,"Machines-outils pour le travail de la pierre, des produits céramiques, du béton, de l'amiante-ciment ou de matières minérales similaires, ou pour le travail à froid du verre : > Machines à scier :",1,équipements importés n’ayant pas de similaires fabriqués localement,secteurs économiques généraux,False
EX 846410 0 0,84.64,"Machines-outils pour le travail de la pierre, des produits céramiques, du béton, de l'amiante-ciment ou de ma- tières minérales similaires, ou pour le travail à froid du verre : > Machines à scier : > Machines à scier le marbre",1,équipements importés n’ayant pas de similaires fabriqués localement,secteurs économiques généraux,False
846410 0 0 2,84.64,"Machines-outils pour le travail de la pierre, des produits céramiques, du béton, de l'amiante-ciment ou de ma- tières minérales similaires, ou pour le travail à froid du verre : > Machines à scier : > Machines à scier le marbre > Autres...",1,équipements importés n’ayant pas de similaires fabriqués localement,secteurs économiques généraux,False
846410 0 0 9,84.64,"Machines-outils pour le travail de la pierre, des produits céramiques, du béton, de l'amiante-ciment ou de ma- tières minérales similaires, ou pour le travail à froid du verre : > Machines à scier : > Autres....",1,équipements importés n’ayant pas de similaires fabriqués localement,secteurs économiques généraux,False
,84.64,"Machines-outils pour le travail de la pierre, des produits céramiques, du béton, de l'amiante-ciment ou de matières minérales similaires, ou pour le travail à froid du verre : > Machines à meuler ou à polir :",1,équipements importés n’ayant pas de similaires fabriqués localement,secteurs économiques généraux,False
EX 846420,84.64,"Machines-outils pour le travail de la pierre, des produits céramiques, du béton, de l'amiante-ciment ou de ma- tières minérales similaires, ou pour le travail à froid du verre : > Machines à meuler ou à polir : > Pour le travail du verre :",1,équipements importés n’ayant pas de similaires fabriqués localement,secteurs économiques généraux,False
846420 1 1 0,84.64,"Machines-outils pour le travail de la pierre, des produits céramiques, du béton, de l'amiante-ciment ou de ma- tières minérales similaires, ou pour le travail à froid du verre : > Machines à meuler ou à polir : > Pour le travail du verre : > Des verres d'optique.",1,équipements importés n’ayant pas de similaires fabriqués localement,secteurs économiques généraux,False
846420 1 9 0,84.64,"Machines-outils pour le travail de la pierre, des produits céramiques, du béton, de l'amiante-ciment ou de ma- tières minérales similaires, ou pour le travail à froid du verre : > Machines à meuler ou à polir : > Pour le travail du verre : > Autres.",1,équipements importés n’ayant pas de similaires fabriqués localement,secteurs économiques généraux,False
,84.64,"Machines-outils pour le travail de la pierre, des produits céramiques, du béton, de l'amiante-ciment ou de matières minérales similaires, ou pour le travail à froid du verre : > Machines à meuler ou à polir : > Autres :",1,équipements importés n’ayant pas de similaires fabriqués localement,secteurs économiques généraux,False
,84.64,"Machines-outils pour le travail de la pierre, des produits céramiques, du béton, de l'amiante-ciment ou de matières minérales similaires, ou pour le travail à froid du verre : > Machines à meuler ou à polir : > Autres : > Machines à meuler ou à polir le marbre :",1,équipements importés n’ayant pas de similaires fabriqués localement,secteurs économiques généraux,False
846420 8 0 2,84.64,"Machines-outils pour le travail de la pierre, des produits céramiques, du béton, de l'amiante-ciment ou de ma- tières minérales similaires, ou pour le travail à froid du verre : > Machines à meuler ou à polir : > Autres : > Machines à meuler ou à polir le marbre : > Autres (autres que manuelles du n° 846420801).",1,équipements importés n’ayant pas de similaires fabriqués localement,secteurs économiques généraux,False
846420 8 0 9,84.64,"Machines-outils pour le travail de la pierre, des produits céramiques, du béton, de l'amiante-ciment ou de ma- tières minérales similaires, ou pour le travail à froid du verre : > Machines à meuler ou à polir : > Autres : > Autres.",1,équipements importés n’ayant pas de similaires fabriqués localement,secteurs économiques généraux,False
846490 0 0 0,84.64,"Machines-outils pour le travail de la pierre, des produits céramiques, du béton, de l'amiante-ciment ou de ma- tières minérales similaires, ou pour le travail à froid du verre : > Autres",1,équipements importés n’ayant pas de similaires fabriqués localement,secteurs économiques généraux,False
,84.65,"Machines-outils (y compris les machines à clouer, agrafer, coller ou autrement assembler) pour le travail du bois, du liège, de l'os, du caoutchouc durci, des matières plastiques dures ou matières dures similaires :",1,équipements importés n’ayant pas de similaires fabriqués localement,secteurs économiques généraux,False
,84.65,"Machines-outils (y compris les machines à clouer, agrafer, coller ou autrement assembler) pour le travail du bois, du liège, de l'os, du caoutchouc durci, des matières plastiques dures ou matières dures similaires : > Machines pouvant effectuer différents types d'opérations d'usinage, sans changement d'outils entre ces opérations :",1,équipements importés n’ayant pas de similaires fabriqués localement,secteurs économiques généraux,False
EX 846510,84.65,"Machines-outils (y compris les machines à clouer, agrafer, coller ou autrement assembler) pour le travail du bois, du liège, de l'os, du caoutchouc durci, des matières plastiques dures ou matières dures similaires : > Machines pouvant effectuer différents types d'opérations d'usinage, sans changement d'outils entre ces opérations : > avec reprise manuelle de la pièce entre chaque opération :",1,équipements importés n’ayant pas de similaires fabriqués localement,secteurs économiques généraux,False
846510 1 0 9,84.65,"Machines-outils (y compris les machines à clouer, agrafer, coller ou autrement assembler) pour le travail du bois, du liège, de l'os, du caoutchouc durci, des matières plastiques dures ou matières dures similaires : > Machines pouvant effectuer différents types d'opérations d'usinage, sans changement d'outils entre ces opérations : > avec reprise manuelle de la pièce entre chaque opération : > Autres",1,équipements importés n’ayant pas de similaires fabriqués localement,secteurs économiques généraux,False
,84.65,"Machines-outils (y compris les machines à clouer, agrafer, coller ou autrement assembler) pour le travail du bois, du liège, de l'os, du caoutchouc durci, des matières plastiques dures ou matières dures similaires : > Machines pouvant effectuer différents types d'opérations d'usinage, sans changement d'outils entre ces opérations : > sans reprise manuelle de la pièce entre chaque opération :",1,équipements importés n’ayant pas de similaires fabriqués localement,secteurs économiques généraux,False
846510 9 0 9,84.65,"Machines-outils (y compris les machines à clouer, agrafer, coller ou autrement assembler) pour le travail du bois, du liège, de l'os, du caoutchouc durci, des matières plastiques dures ou matières dures similaires : > Machines pouvant effectuer différents types d'opérations d'usinage, sans changement d'outils entre ces opérations : > sans reprise manuelle de la pièce entre chaque opération : > Autres",1,équipements importés n’ayant pas de similaires fabriqués localement,secteurs économiques généraux,False
846520 0 0 0,84.65,"Machines-outils (y compris les machines à clouer, agrafer, coller ou autrement assembler) pour le travail du bois, du liège, de l'os, du caoutchouc durci, des matières plastiques dures ou matières dures similaires : > Centres d'usinage",1,équipements importés n’ayant pas de similaires fabriqués localement,secteurs économiques généraux,False
846591,84.65,"Machines-outils (y compris les machines à clouer, agrafer, coller ou autrement assembler) pour le travail du bois, du liège, de l'os, du caoutchouc durci, des matières plastiques dures ou matières dures similaires : > Centres d'usinage > Machines à scier : > A ruban :",1,équipements importés n’ayant pas de similaires fabriqués localement,secteurs économiques généraux,False
846591 1 0 1,84.65,"Machines-outils (y compris les machines à clouer, agrafer, coller ou autrement assembler) pour le travail du bois, du liège, de l'os, du caoutchouc durci, des matières plastiques dures ou matières dures similaires : > Centres d'usinage > Machines à scier : > A ruban : > A commande numérique...",1,équipements importés n’ayant pas de similaires fabriqués localement,secteurs économiques généraux,False
,84.65,"Machines-outils (y compris les machines à clouer, agrafer, coller ou autrement assembler) pour le travail du bois, du liège, de l'os, du caoutchouc durci, des matières plastiques dures ou matières dures similaires : > Centres d'usinage > Machines à scier : > A ruban : > Autres :",1,équipements importés n’ayant pas de similaires fabriqués localement,secteurs économiques généraux,False
846591 1 0 8,84.65,"Machines-outils (y compris les machines à clouer, agrafer, coller ou autrement assembler) pour le travail du bois, du liège, de l'os, du caoutchouc durci, des matières plastiques dures ou matières dures similaires : > Centres d'usinage > Machines à scier : > A ruban : > Autres : > Autres",1,équipements importés n’ayant pas de similaires fabriqués localement,secteurs économiques généraux,False
,84.65,"Machines-outils (y compris les machines à clouer, agrafer, coller ou autrement assembler) pour le travail du bois, du liège, de l'os, du caoutchouc durci, des matières plastiques dures ou matières dures similaires : > Centres d'usinage > Machines à scier : > Scies circulaires :",1,équipements importés n’ayant pas de similaires fabriqués localement,secteurs économiques généraux,False
,84.65,"Machines-outils (y compris les machines à clouer, agrafer, coller ou autrement assembler) pour le travail du bois, du liège, de l'os, du caoutchouc durci, des matières plastiques dures ou matières dures similaires : > Centres d'usinage > Machines à scier : > Scies circulaires : > A commande numérique :",1,équipements importés n’ayant pas de similaires fabriqués localement,secteurs économiques généraux,False
846591 2 0 1,84.65,"Machines-outils (y compris les machines à clouer, agrafer, coller ou autrement assembler) pour le travail du bois, du liège, de l'os, du caoutchouc durci, des matières plastiques dures ou matières dures similaires : > Centres d'usinage > Machines à scier : > Scies circulaires : > A commande numérique : > Pour le sciage du bois",1,équipements importés n’ayant pas de similaires fabriqués localement,secteurs économiques généraux,False
846591 2 0 2,84.65,"Machines-outils (y compris les machines à clouer, agrafer, coller ou autrement assembler) pour le travail du bois, du liège, de l'os, du caoutchouc durci, des matières plastiques dures ou matières dures similaires : > Centres d'usinage > Machines à scier : > Scies circulaires : > A commande numérique : > Autres",1,équipements importés n’ayant pas de similaires fabriqués localement,secteurs économiques généraux,False
846591 2 0 9,84.65,"Machines-outils (y compris les machines à clouer, agrafer, coller ou autrement assembler) pour le travail du bois, du liège, de l'os, du caoutchouc durci, des matières plastiques dures ou matières dures similaires : > Centres d'usinage > Machines à scier : > Scies circulaires : > Autres",1,équipements importés n’ayant pas de similaires fabriqués localement,secteurs économiques généraux,False
,84.65,"Machines-outils (y compris les machines à clouer, agrafer, coller ou autrement assembler) pour le travail du bois, du liège, de l'os, du caoutchouc durci, des matières plastiques dures ou matières dures similaires : > Centres d'usinage > Machines à scier : > Autres :",1,équipements importés n’ayant pas de similaires fabriqués localement,secteurs économiques généraux,False
846591 9 0 1,84.65,"Machines-outils (y compris les machines à clouer, agrafer, coller ou autrement assembler) pour le travail du bois, du liège, de l'os, du caoutchouc durci, des matières plastiques dures ou matières dures similaires : > Centres d'usinage > Machines à scier : > Autres : > Machines à scier horizontalement, à lames inclinables, de longueur de table excédant 2000 mm",1,équipements importés n’ayant pas de similaires fabriqués localement,secteurs économiques généraux,False
846591 9 0 9,84.65,"Machines-outils (y compris les machines à clouer, agrafer, coller ou autrement assembler) pour le travail du bois, du liège, de l'os, du caoutchouc durci, des matières plastiques dures ou matières dures similaires : > Centres d'usinage > Machines à scier : > Autres : > Autres...",1,équipements importés n’ayant pas de similaires fabriqués localement,secteurs économiques généraux,False
846592 0 0,84.65,"Machines-outils (y compris les machines à clouer, agrafer, coller ou autrement assembler) pour le travail du bois, du liège, de l'os, du caoutchouc durci, des matières plastiques dures ou matières dures similaires : > Centres d'usinage > Machines à dégauchir ou à raboter ; machines à fraiser ou à moulurer :",1,équipements importés n’ayant pas de similaires fabriqués localement,secteurs économiques généraux,False
846592 0 0 9,84.65,"Machines-outils (y compris les machines à clouer, agrafer, coller ou autrement assembler) pour le travail du bois, du liège, de l'os, du caoutchouc durci, des matières plastiques dures ou matières dures similaires : > Centres d'usinage > Machines à dégauchir ou à raboter ; machines à fraiser ou à moulurer : > Autres",1,équipements importés n’ayant pas de similaires fabriqués localement,secteurs économiques généraux,False
846593 0 0 0,84.65,"Machines-outils (y compris les machines à clouer, agrafer, coller ou autrement assembler) pour le travail du bois, du liège, de l'os, du caoutchouc durci, des matières plastiques dures ou matières dures similaires : > Centres d'usinage > Machines à meuler, à poncer ou à polir.",1,équipements importés n’ayant pas de similaires fabriqués localement,secteurs économiques généraux,False
846594 0 0 0,84.65,"Machines-outils (y compris les machines à clouer, agrafer, coller ou autrement assembler) pour le travail du bois, du liège, de l'os, du caoutchouc durci, des matières plastiques dures ou matières dures similaires : > Centres d'usinage > Machines à cintrer ou à assembler...",1,équipements importés n’ayant pas de similaires fabriqués localement,secteurs économiques généraux,False
846595 0 0,84.65,"Machines-outils (y compris les machines à clouer, agrafer, coller ou autrement assembler) pour le travail du bois, du liège, de l'os, du caoutchouc durci, des matières plastiques dures ou matières dures similaires : > Centres d'usinage > Machines à percer ou à mortaiser :",1,équipements importés n’ayant pas de similaires fabriqués localement,secteurs économiques généraux,False
846595 0 0 8,84.65,"Machines-outils (y compris les machines à clouer, agrafer, coller ou autrement assembler) pour le travail du bois, du liège, de l'os, du caoutchouc durci, des matières plastiques dures ou matières dures similaires : > Centres d'usinage > Machines à percer ou à mortaiser : > Autres",1,équipements importés n’ayant pas de similaires fabriqués localement,secteurs économiques généraux,False
846596 0 0,84.65,"Machines-outils (y compris les machines à clouer, agrafer, coller ou autrement assembler) pour le travail du bois, du liège, de l'os, du caoutchouc durci, des matières plastiques dures ou matières dures similaires : > Centres d'usinage > Machines à fendre, à trancher ou à dérouler :",1,équipements importés n’ayant pas de similaires fabriqués localement,secteurs économiques généraux,False
846596 0 0 1,84.65,"Machines-outils (y compris les machines à clouer, agrafer, coller ou autrement assembler) pour le travail du bois, du liège, de l'os, du caoutchouc durci, des matières plastiques dures ou matières dures similaires : > Centres d'usinage > Machines à fendre, à trancher ou à dérouler : > à commande numérique. . . .",1,équipements importés n’ayant pas de similaires fabriqués localement,secteurs économiques généraux,False
846596 0 0 9,84.65,"Machines-outils (y compris les machines à clouer, agrafer, coller ou autrement assembler) pour le travail du bois, du liège, de l'os, du caoutchouc durci, des matières plastiques dures ou matières dures similaires : > Centres d'usinage > Machines à fendre, à trancher ou à dérouler : > Autres.",1,équipements importés n’ayant pas de similaires fabriqués localement,secteurs économiques généraux,False
846599 0 0 0,84.65,"Machines-outils (y compris les machines à clouer, agrafer, coller ou autrement assembler) pour le travail du bois, du liège, de l'os, du caoutchouc durci, des matières plastiques dures ou matières dures similaires : > Centres d'usinage > Autre",1,équipements importés n’ayant pas de similaires fabriqués localement,secteurs économiques généraux,False
,84.66,"Parties et accessoires reconnaissables comme étant exclusivement ou > principalement destinés aux machines des n°s 84.56 à 84.65, y compris les portes pièces et porte outils, les filières à déclenchement automatique, les dispositifs diviseurs et autres dispositifs spéciaux se montant sur ces machines ; porte outils pour outils ou outillage à main, dé tous types :",1,équipements importés n’ayant pas de similaires fabriqués localement,secteurs économiques généraux,False
846610,84.66,"Parties et accessoires reconnaissables comme étant exclusivement ou principalement destinés aux machines des n°s 84.56 à 84.65, y compris les portes pièces et porte outils, les filières à déclenchement automatique, les dispositifs diviseurs et autres dispositifs spéciaux se montant sur ces machines ; porte outils pour outils ou outillage à main, dé tous types : > Porte-outils et filières à déclenchement automatique :",1,équipements importés n’ayant pas de similaires fabriqués localement,secteurs économiques généraux,False
,84.66,Parties et accessoires reconnaissables comme étant exclusivement ou > Porte-outils et filières à déclenchement automatique : > Porte-outils :,1,équipements importés n’ayant pas de similaires fabriqués localement,secteurs économiques généraux,False
846620,84.66,"Parties et accessoires reconnaissables comme étant exclusivement ou principalement destinés aux machines des n°s 84.56 à 84.65, y compris les portes pièces et porte outils, les filières à déclenchement automatique, les dispositifs diviseurs et autres dispositifs spéciaux se montant sur ces machines ; porte outils pour outils ou outillage à main, dé tous types : > Porte-pièces :",1,équipements importés n’ayant pas de similaires fabriqués localement,secteurs économiques généraux,False
846620 2 0 0,84.66,"Parties et accessoires reconnaissables comme étant exclusivement ou principalement destinés aux machines des n°s 84.56 à 84.65, y compris les portes pièces et porte outils, les filières à déclenchement automatique, les dispositifs diviseurs et autres dispositifs spéciaux se montant sur ces machines ; porte outils pour outils ou outillage à main, dé tous types : > Porte-pièces : > Montages d'usinage et leurs ensembles de composants standard.",1,équipements importés n’ayant pas de similaires fabriqués localement,secteurs économiques généraux,False
,84.66,Parties et accessoires reconnaissables comme étant exclusivement ou > Porte-pièces : > autres :,1,équipements importés n’ayant pas de similaires fabriqués localement,secteurs économiques généraux,False
846620 9 1 0,84.66,"Parties et accessoires reconnaissables comme étant exclusivement ou principalement destinés aux machines des n°s 84.56 à 84.65, y compris les portes pièces et porte outils, les filières à déclenchement automatique, les dispositifs diviseurs et autres dispositifs spéciaux se montant sur ces machines ; porte outils pour outils ou outillage à main, dé tous types : > Porte-pièces : > autres : > pour tours.",1,équipements importés n’ayant pas de similaires fabriqués localement,secteurs économiques généraux,False
846620 9 8 0,84.66,"Parties et accessoires reconnaissables comme étant exclusivement ou principalement destinés aux machines des n°s 84.56 à 84.65, y compris les portes pièces et porte outils, les filières à déclenchement automatique, les dispositifs diviseurs et autres dispositifs spéciaux se montant sur ces machines ; porte outils pour outils ou outillage à main, dé tous types : > Porte-pièces : > autres : > Autres.",1,équipements importés n’ayant pas de similaires fabriqués localement,secteurs économiques généraux,False
846630 0 0 0,84.66,"Parties et accessoires reconnaissables comme étant exclusivement ou principalement destinés aux machines des n°s 84.56 à 84.65, y compris les portes pièces et porte outils, les filières à déclenchement automatique, les dispositifs diviseurs et autres dispositifs spéciaux se montant sur ces machines ; porte outils pour outils ou outillage à main, dé tous types : > Dispositifs diviseurs et autres dispositifs spéciaux se montant sur les machines :",1,équipements importés n’ayant pas de similaires fabriqués localement,secteurs économiques généraux,False
846781,84.67,Tronçonneuses à chaines,1,équipements importés n’ayant pas de similaires fabriqués localement,secteurs économiques généraux,False
,84.68,"Machines et appareils pour le brasage ou le soudage, > même pouvant couper, autres que ceux du n° 85.15; machines et appareils aux gaz pour la trempe superficielle :",1,équipements importés n’ayant pas de similaires fabriqués localement,secteurs économiques généraux,False
846810 0 0 0,84.68,"Machines et appareils pour le brasage ou le soudage, même pouvant couper, autres que ceux du n° 85.15; machines et appareils aux gaz pour la trempe superficielle : > Chalumeaux guidés à la main.",1,équipements importés n’ayant pas de similaires fabriqués localement,secteurs économiques généraux,False
846820 0 0 0,84.68,"Machines et appareils pour le brasage ou le soudage, même pouvant couper, autres que ceux du n° 85.15; machines et appareils aux gaz pour la trempe superficielle : > Autres machines et appareils aux gaz.",1,équipements importés n’ayant pas de similaires fabriqués localement,secteurs économiques généraux,False
846880 0 0 0,84.68,"Machines et appareils pour le brasage ou le soudage, même pouvant couper, autres que ceux du n° 85.15; machines et appareils aux gaz pour la trempe superficielle : > Autres machines et appareils.",1,équipements importés n’ayant pas de similaires fabriqués localement,secteurs économiques généraux,False
,84.70,"Machines à calculer et machines de poche permettant d'enregistrer, de > reproduire et d'afficher des informations, comportant une fonction de calcul ; machinescomptables, machines à affranchir, à établir les tickets et machines similaires, comportant un dispositif de calcul; et machines similaires, comportant un dispositif de calcul; caisses enregistreuses :",1,équipements importés n’ayant pas de similaires fabriqués localement,secteurs économiques généraux,False
847050 0 0 0,84.70,"Machines à calculer et machines de poche permettant d'enregistrer, de reproduire et d'afficher des informations, comportant une fonction de calcul ; machinescomptables, machines à affranchir, à établir les tickets et machines similaires, comportant un dispositif de calcul; et machines similaires, comportant un dispositif de calcul; caisses enregistreuses : > Caisses enregistreuses",1,équipements importés n’ayant pas de similaires fabriqués localement,secteurs économiques généraux,False
,84.72,"Autres machines et appareils de bureau (duplicateurs hectographiques ou à > stencils, machines à imprimer les adresses, distributeurs automatiques de billets de banque, machines à trier,à compter ou à encartoucher les pièces de monnaie, appareils à tailler les crayons, appareils à perforer ou à agrafer, par exemple) :",1,équipements importés n’ayant pas de similaires fabriqués localement,secteurs économiques généraux,False
EX 847230 0 0,84.72,"Autres machines et appareils de bureau (duplicateurs hectographiques ou à stencils, machines à imprimer les adresses, distributeurs automatiques de billets de banque, machines à trier,à compter ou à encartoucher les pièces de monnaie, appareils à tailler les crayons, appareils à perforer ou à agrafer, par exemple) : > Machines pour le triage, le pliage, la mise sous enveloppe ou sous bande du courrier, machines à ouvrir, fermer ou sceller la correspondance et machines à apposer ou à oblitérer les timbre :",1,équipements importés n’ayant pas de similaires fabriqués localement,secteurs économiques généraux,False
847230 0 0 1,84.72,"Autres machines et appareils de bureau (duplicateurs hectographiques ou à stencils, machines à imprimer les adresses, distributeurs automatiques de billets de banque, machines à trier,à compter ou à encartoucher les pièces de monnaie, appareils à tailler les crayons, appareils à perforer ou à agrafer, par exemple) : > Machines pour le triage, le pliage, la mise sous enveloppe ou sous bande du courrier, machines à ouvrir, fermer ou sceller la correspondance et machines à apposer ou à oblitérer les timbre : > Machines pour le triage, lepliage, la mise sous enveloppe ou sous bande du courrier",1,équipements importés n’ayant pas de similaires fabriqués localement,secteurs économiques généraux,False
EX 847290,84.72,"Autres machines et appareils de bureau (duplicateurs hectographiques ou à stencils, machines à imprimer les adresses, distributeurs automatiques de billets de banque, machines à trier,à compter ou à encartoucher les pièces de monnaie, appareils à tailler les crayons, appareils à perforer ou à agrafer, par exemple) : > Autres :",1,équipements importés n’ayant pas de similaires fabriqués localement,secteurs économiques généraux,False
847290 3 0 0,84.72,"Autres machines et appareils de bureau (duplicateurs hectographiques ou à stencils, machines à imprimer les adresses, distributeurs automatiques de billets de banque, machines à trier,à compter ou à encartoucher les pièces de monnaie, appareils à tailler les crayons, appareils à perforer ou à agrafer, par exemple) : > Autres : > Guichets de banque automatiques",1,équipements importés n’ayant pas de similaires fabriqués localement,secteurs économiques généraux,False
,84.74,"Machines et appareils à trier, criblé, séparé, lavé, concasser, broyer, mélanger > ou malaxer les terres, pierres,minerais ou autres matières minérales solides(y compris les poudres et les pâtes) ; machines à agglomérer, former ou mouler les combustibles minéraux solides, les pâtes céramiques, le ciment, le plâtre ou autres matières minérales en poudre ou en pâte ; machines à former les moules de fonderie en sable :",1,équipements importés n’ayant pas de similaires fabriqués localement,secteurs économiques généraux,False
847410 0 0 0,84.74,"Machines et appareils à trier, criblé, séparé, lavé, concasser, broyer, mélanger ou malaxer les terres, pierres,minerais ou autres matières minérales solides(y compris les poudres et les pâtes) ; machines à agglomérer, former ou mouler les combustibles minéraux solides, les pâtes céramiques, le ciment, le plâtre ou autres matières minérales en poudre ou en pâte ; machines à former les moules de fonderie en sable : > Machines et appareils à trier, cribler, séparer ou laver.",1,équipements importés n’ayant pas de similaires fabriqués localement,secteurs économiques généraux,False
847420,84.74,"Machines et appareils à trier, criblé, séparé, lavé, concasser, broyer, mélanger ou malaxer les terres, pierres,minerais ou autres matières minérales solides(y compris les poudres et les pâtes) ; machines à agglomérer, former ou mouler les combustibles minéraux solides, les pâtes céramiques, le ciment, le plâtre ou autres matières minérales en poudre ou en pâte ; machines à former les moules de fonderie en sable : > Machines et appareils à concasser, broyer ou pulvériser :",1,équipements importés n’ayant pas de similaires fabriqués localement,secteurs économiques généraux,False
847420 0 0 9,84.74,"Machines et appareils à trier, criblé, séparé, lavé, concasser, broyer, mélanger ou malaxer les terres, pierres,minerais ou autres matières minérales solides(y compris les poudres et les pâtes) ; machines à agglomérer, former ou mouler les combustibles minéraux solides, les pâtes céramiques, le ciment, le plâtre ou autres matières minérales en poudre ou en pâte ; machines à former les moules de fonderie en sable : > Machines et appareils à concasser, broyer ou pulvériser : > Autres (à l'exclusion des désagrégateurs d'argile, à cylindre",1,équipements importés n’ayant pas de similaires fabriqués localement,secteurs économiques généraux,False
,84.74,"Machines et appareils à trier, criblé, séparé, lavé, concasser, broyer, mélanger ou malaxer les terres, pierres,minerais ou autres matières minérales solides(y compris les poudres et les pâtes) ; machines à agglomérer, former ou mouler les combustibles minéraux solides, les pâtes céramiques, le ciment, le plâtre ou autres matières minérales en poudre ou en pâte ; machines à former les moules de fonderie en sable : > Machines et appareils à mélanger ou à malaxer :",1,équipements importés n’ayant pas de similaires fabriqués localement,secteurs économiques généraux,False
EX 847431 0 0,84.74,"Machines et appareils à trier, criblé, séparé, lavé, concasser, broyer, mélanger ou malaxer les terres, pierres,minerais ou autres matières minérales solides(y compris les poudres et les pâtes) ; machines à agglomérer, former ou mouler les combustibles minéraux solides, les pâtes céramiques, le ciment, le plâtre ou autres matières minérales en poudre ou en pâte ; machines à former les moules de fonderie en sable : > Machines et appareils à mélanger ou à malaxer : > Bétonnières et appareils à gâcher le ciment :",1,équipements importés n’ayant pas de similaires fabriqués localement,secteurs économiques généraux,False
,84.74,"Machines et appareils à trier, criblé, séparé, lavé, concasser, broyer, mélanger ou malaxer les terres, pierres,minerais ou autres matières minérales solides(y compris les poudres et les pâtes) ; machines à agglomérer, former ou mouler les combustibles minéraux solides, les pâtes céramiques, le ciment, le plâtre ou autres matières minérales en poudre ou en pâte ; machines à former les moules de fonderie en sable : > Machines et appareils à mélanger ou à malaxer : > Bétonnières et appareils à gâcher le ciment : > D'une capacité n'excédant pas 600 litres:",1,équipements importés n’ayant pas de similaires fabriqués localement,secteurs économiques généraux,False
847431 0 0 2,84.74,"Machines et appareils à trier, criblé, séparé, lavé, concasser, broyer, mélanger ou malaxer les terres, pierres,minerais ou autres matières minérales solides(y compris les poudres et les pâtes) ; machines à agglomérer, former ou mouler les combustibles minéraux solides, les pâtes céramiques, le ciment, le plâtre ou autres matières minérales en poudre ou en pâte ; machines à former les moules de fonderie en sable : > Machines et appareils à mélanger ou à malaxer : > Bétonnières et appareils à gâcher le ciment : > D'une capacité n'excédant pas 600 litres: > à dosage automatique",1,équipements importés n’ayant pas de similaires fabriqués localement,secteurs économiques généraux,False
847431 0 0 9,84.74,"Machines et appareils à trier, criblé, séparé, lavé, concasser, broyer, mélanger ou malaxer les terres, pierres,minerais ou autres matières minérales solides(y compris les poudres et les pâtes) ; machines à agglomérer, former ou mouler les combustibles minéraux solides, les pâtes céramiques, le ciment, le plâtre ou autres matières minérales en poudre ou en pâte ; machines à former les moules de fonderie en sable : > Machines et appareils à mélanger ou à malaxer : > Bétonnières et appareils à gâcher le ciment : > D'une capacité excédant 600 litres.",1,équipements importés n’ayant pas de similaires fabriqués localement,secteurs économiques généraux,False
EX 847432 0 0,84.74,"Machines et appareils à trier, criblé, séparé, lavé, concasser, broyer, mélanger ou malaxer les terres, pierres,minerais ou autres matières minérales solides(y compris les poudres et les pâtes) ; machines à agglomérer, former ou mouler les combustibles minéraux solides, les pâtes céramiques, le ciment, le plâtre ou autres matières minérales en poudre ou en pâte ; machines à former les moules de fonderie en sable : > Machines et appareils à mélanger ou à malaxer : > Machines à mélanger les matières minérales au bitume :",1,équipements importés n’ayant pas de similaires fabriqués localement,secteurs économiques généraux,False
847432 0 0 1,84.74,"Machines et appareils à trier, criblé, séparé, lavé, concasser, broyer, mélanger ou malaxer les terres, pierres,minerais ou autres matières minérales solides(y compris les poudres et les pâtes) ; machines à agglomérer, former ou mouler les combustibles minéraux solides, les pâtes céramiques, le ciment, le plâtre ou autres matières minérales en poudre ou en pâte ; machines à former les moules de fonderie en sable : > Machines et appareils à mélanger ou à malaxer : > Machines à mélanger les matières minérales au bitume : > Centrale d'enrobage mobile de capacité excédant 40 tours par heure.",1,équipements importés n’ayant pas de similaires fabriqués localement,secteurs économiques généraux,False
EX 847439 0 0,84.74,"Machines et appareils à trier, criblé, séparé, lavé, concasser, broyer, mélanger ou malaxer les terres, pierres,minerais ou autres matières minérales solides(y compris les poudres et les pâtes) ; machines à agglomérer, former ou mouler les combustibles minéraux solides, les pâtes céramiques, le ciment, le plâtre ou autres matières minérales en poudre ou en pâte ; machines à former les moules de fonderie en sable : > Machines et appareils à mélanger ou à malaxer : > Autres :",1,équipements importés n’ayant pas de similaires fabriqués localement,secteurs économiques généraux,False
847439 0 0 9,84.74,"Machines et appareils à trier, criblé, séparé, lavé, concasser, broyer, mélanger ou malaxer les terres, pierres,minerais ou autres matières minérales solides(y compris les poudres et les pâtes) ; machines à agglomérer, former ou mouler les combustibles minéraux solides, les pâtes céramiques, le ciment, le plâtre ou autres matières minérales en poudre ou en pâte ; machines à former les moules de fonderie en sable : > Machines et appareils à mélanger ou à malaxer : > Autres : > Autres(à l'exclusion des mouilleurs mélangeurs d'argile et de sable du n° 847439001).",1,équipements importés n’ayant pas de similaires fabriqués localement,secteurs économiques généraux,False
EX 847480,84.74,"Machines et appareils à trier, criblé, séparé, lavé, concasser, broyer, mélanger ou malaxer les terres, pierres,minerais ou autres matières minérales solides(y compris les poudres et les pâtes) ; machines à agglomérer, former ou mouler les combustibles minéraux solides, les pâtes céramiques, le ciment, le plâtre ou autres matières minérales en poudre ou en pâte ; machines à former les moules de fonderie en sable : > Autres machines et appareils :",1,équipements importés n’ayant pas de similaires fabriqués localement,secteurs économiques généraux,False
,84.74,"Machines et appareils à trier, criblé, séparé, lavé, concasser, broyer, mélanger ou malaxer les terres, pierres,minerais ou autres matières minérales solides(y compris les poudres et les pâtes) ; machines à agglomérer, former ou mouler les combustibles minéraux solides, les pâtes céramiques, le ciment, le plâtre ou autres matières minérales en poudre ou en pâte ; machines à former les moules de fonderie en sable : > Autres machines et appareils : > Machines à agglomérer, former ou mouler les pâtes céramiques :",1,équipements importés n’ayant pas de similaires fabriqués localement,secteurs économiques généraux,False
847480 1 0 9,84.74,"Machines et appareils à trier, criblé, séparé, lavé, concasser, broyer, mélanger ou malaxer les terres, pierres,minerais ou autres matières minérales solides(y compris les poudres et les pâtes) ; machines à agglomérer, former ou mouler les combustibles minéraux solides, les pâtes céramiques, le ciment, le plâtre ou autres matières minérales en poudre ou en pâte ; machines à former les moules de fonderie en sable : > Autres machines et appareils : > Machines à agglomérer, former ou mouler les pâtes céramiques : > autres (à l'exclusion des groupes d'étirage ; coupeurs mono fils ou multi fils du n° 847480101).",1,équipements importés n’ayant pas de similaires fabriqués localement,secteurs économiques généraux,False
847480 9 0 0,84.74,"Machines et appareils à trier, criblé, séparé, lavé, concasser, broyer, mélanger ou malaxer les terres, pierres,minerais ou autres matières minérales solides(y compris les poudres et les pâtes) ; machines à agglomérer, former ou mouler les combustibles minéraux solides, les pâtes céramiques, le ciment, le plâtre ou autres matières minérales en poudre ou en pâte ; machines à former les moules de fonderie en sable : > Autres machines et appareils : > Autres.",1,équipements importés n’ayant pas de similaires fabriqués localement,secteurs économiques généraux,False
,84.75,"Machines pour l'assemblage des lampes, tubes ou valves électriques ou électroniques ou des lampes pour la production de la lumière-éclair,qui comportent une enveloppe en verre ; machines pour la fabrication ou le travail à chaud du verre ou des ouvrages en verre :",1,équipements importés n’ayant pas de similaires fabriqués localement,secteurs économiques généraux,False
847510 0 0 0,84.75,"Machines pour l'assemblage des lampes, tubes ou valves électriques ou électroniques ou des lampes pour la production de la lumière-éclair,qui comportent une enveloppe en verre ; machines pour la fabrication ou le travail à chaud du verre ou des ouvrages en verre : > Machines pour l'assemblage des lampes, tubes ou valves électriques ou électroniques ou des lampes pour la production de la lumière-éclair,qui comportent une enveloppe en verre.",1,équipements importés n’ayant pas de similaires fabriqués localement,secteurs économiques généraux,False
,84.75,Machines pour la fabrication ou le travail à chaud du verre ou des ouvrages en verre :,1,équipements importés n’ayant pas de similaires fabriqués localement,secteurs économiques généraux,False
847521 0 0 0,84.75,"Machines pour l'assemblage des lampes, tubes ou valves électriques ou électroniques ou des lampes pour la production de la lumière-éclair,qui comportent une enveloppe en verre ; machines pour la fabrication ou le travail à chaud du verre ou des ouvrages en verre : > Machines pour la fabrication ou le travail à chaud du verre ou des ouvrages en verre : > machines pour la fabrication des fibres optiques et de leurs ébauches.",1,équipements importés n’ayant pas de similaires fabriqués localement,secteurs économiques généraux,False
847529 0 0 0,84.75,"Machines pour l'assemblage des lampes, tubes ou valves électriques ou électroniques ou des lampes pour la production de la lumière-éclair,qui comportent une enveloppe en verre ; machines pour la fabrication ou le travail à chaud du verre ou des ouvrages en verre : > Machines pour la fabrication ou le travail à chaud du verre ou des ouvrages en verre : > Autres.",1,équipements importés n’ayant pas de similaires fabriqués localement,secteurs économiques généraux,False
,84.77,"Machines et appareils pour le travail du caoutchouc ou des matières plastiques ou pour la fabrication de produits en ces matières, non dénommés ni compris ailleurs dans le présent Chapitre :",1,équipements importés n’ayant pas de similaires fabriqués localement,secteurs économiques généraux,False
847710 0 0 0,84.77,"Machines et appareils pour le travail du caoutchouc ou des matières plastiques ou pour la fabrication de produits en ces matières, non dénommés ni compris ailleurs dans le présent Chapitre : > Machines à mouler par injection.",1,équipements importés n’ayant pas de similaires fabriqués localement,secteurs économiques généraux,False
847720 0 0 0,84.77,"Machines et appareils pour le travail du caoutchouc ou des matières plastiques ou pour la fabrication de produits en ces matières, non dénommés ni compris ailleurs dans le présent Chapitre : > Extrudeuses.",1,équipements importés n’ayant pas de similaires fabriqués localement,secteurs économiques généraux,False
847730 0 0 0,84.77,"Machines et appareils pour le travail du caoutchouc ou des matières plastiques ou pour la fabrication de produits en ces matières, non dénommés ni compris ailleurs dans le présent Chapitre : > Machines à mouler par soufflage.",1,équipements importés n’ayant pas de similaires fabriqués localement,secteurs économiques généraux,False
847740 0 0 0,84.77,"Machines et appareils pour le travail du caoutchouc ou des matières plastiques ou pour la fabrication de produits en ces matières, non dénommés ni compris ailleurs dans le présent Chapitre : > Machines à mouler sous vide et autres machines à thermoformer.",1,équipements importés n’ayant pas de similaires fabriqués localement,secteurs économiques généraux,False
,84.77,"Machines et appareils pour le travail du caoutchouc ou des matières plastiques ou pour la fabrication de produits en ces matières, non dénommés ni compris ailleurs dans le présent Chapitre : > Autres machines et appareils à mouler ou à former :",1,équipements importés n’ayant pas de similaires fabriqués localement,secteurs économiques généraux,False
847751 0 0 0,84.77,"Machines et appareils pour le travail du caoutchouc ou des matières plastiques ou pour la fabrication de produits en ces matières, non dénommés ni compris ailleurs dans le présent Chapitre : > Autres machines et appareils à mouler ou à former : > A mouler ou à rechaper les pneumatiques ou à mouler ou à former les chambres à air. . . .",1,équipements importés n’ayant pas de similaires fabriqués localement,secteurs économiques généraux,False
847759,84.77,"Machines et appareils pour le travail du caoutchouc ou des matières plastiques ou pour la fabrication de produits en ces matières, non dénommés ni compris ailleurs dans le présent Chapitre : > Autres machines et appareils à mouler ou à former : > Autres :",1,équipements importés n’ayant pas de similaires fabriqués localement,secteurs économiques généraux,False
847759 1 0 0,84.77,"Machines et appareils pour le travail du caoutchouc ou des matières plastiques ou pour la fabrication de produits en ces matières, non dénommés ni compris ailleurs dans le présent Chapitre : > Autres machines et appareils à mouler ou à former : > Autres : > Presses.",1,équipements importés n’ayant pas de similaires fabriqués localement,secteurs économiques généraux,False
847759 8 0 0,84.77,"Machines et appareils pour le travail du caoutchouc ou des matières plastiques ou pour la fabrication de produits en ces matières, non dénommés ni compris ailleurs dans le présent Chapitre : > Autres machines et appareils à mouler ou à former : > Autres : > Autres.",1,équipements importés n’ayant pas de similaires fabriqués localement,secteurs économiques généraux,False
,84.77,"Machines et appareils pour le travail du caoutchouc ou des matières plastiques ou pour la fabrication de produits en ces matières, non dénommés ni compris ailleurs dans le présent Chapitre : > Autres machines et appareils :",1,équipements importés n’ayant pas de similaires fabriqués localement,secteurs économiques généraux,False
847780,84.77,"Machines et appareils pour le travail du caoutchouc ou des matières plastiques ou pour la fabrication de produits en ces matières, non dénommés ni compris ailleurs dans le présent Chapitre : > Autres machines et appareils : > Machines pour la fabrication de produits spongieux ou cellulaires:",1,équipements importés n’ayant pas de similaires fabriqués localement,secteurs économiques généraux,False
847780 1 1 0,84.77,"Machines et appareils pour le travail du caoutchouc ou des matières plastiques ou pour la fabrication de produits en ces matières, non dénommés ni compris ailleurs dans le présent Chapitre : > Autres machines et appareils : > Machines pour la fabrication de produits spongieux ou cellulaires: > Machines pour la transformation des résines réactives.",1,équipements importés n’ayant pas de similaires fabriqués localement,secteurs économiques généraux,False
847780 1 9 0,84.77,"Machines et appareils pour le travail du caoutchouc ou des matières plastiques ou pour la fabrication de produits en ces matières, non dénommés ni compris ailleurs dans le présent Chapitre : > Autres machines et appareils : > Machines pour la fabrication de produits spongieux ou cellulaires: > Autres.",1,équipements importés n’ayant pas de similaires fabriqués localement,secteurs économiques généraux,False
,84.77,"Machines et appareils pour le travail du caoutchouc ou des matières plastiques ou pour la fabrication de produits en ces matières, non dénommés ni compris ailleurs dans le présent Chapitre : > Autres machines et appareils : > autres:",1,équipements importés n’ayant pas de similaires fabriqués localement,secteurs économiques généraux,False
847780 9 1 0,84.77,"Machines et appareils pour le travail du caoutchouc ou des matières plastiques ou pour la fabrication de produits en ces matières, non dénommés ni compris ailleurs dans le présent Chapitre : > Autres machines et appareils : > autres: > Machines à fragmenter.",1,équipements importés n’ayant pas de similaires fabriqués localement,secteurs économiques généraux,False
847780 9 3 0,84.77,"Machines et appareils pour le travail du caoutchouc ou des matières plastiques ou pour la fabrication de produits en ces matières, non dénommés ni compris ailleurs dans le présent Chapitre : > Autres machines et appareils : > autres: > Mélangeurs, malaxeurs et agitateurs.",1,équipements importés n’ayant pas de similaires fabriqués localement,secteurs économiques généraux,False
847780 9 5 0,84.77,"Machines et appareils pour le travail du caoutchouc ou des matières plastiques ou pour la fabrication de produits en ces matières, non dénommés ni compris ailleurs dans le présent Chapitre : > Autres machines et appareils : > autres: > Machines de découpage et machines à refendre.",1,équipements importés n’ayant pas de similaires fabriqués localement,secteurs économiques généraux,False
847780 9 9 0,84.77,"Machines et appareils pour le travail du caoutchouc ou des matières plastiques ou pour la fabrication de produits en ces matières, non dénommés ni compris ailleurs dans le présent Chapitre : > Autres machines et appareils : > autres: > Autres.",1,équipements importés n’ayant pas de similaires fabriqués localement,secteurs économiques généraux,False
,84.78,"Machines et appareils pour la préparation ou la transformation du tabac, non dénommés ni compris ailleurs dans le présent Chapitre :",1,équipements importés n’ayant pas de similaires fabriqués localement,secteurs économiques généraux,False
847810 0 0 0,84.78,"Machines et appareils pour la préparation ou la transformation du tabac, non dénommés ni compris ailleurs dans le présent Chapitre : > Machines et appareils.",1,équipements importés n’ayant pas de similaires fabriqués localement,secteurs économiques généraux,False
,84.79,"Machines et appareils mécaniques ayant une fonction propre, non dénommés ni compris ailleurs dans le présent Chapitre :",1,équipements importés n’ayant pas de similaires fabriqués localement,secteurs économiques généraux,False
847910 0 0 0,84.79,"Machines et appareils mécaniques ayant une fonction propre, non dénommés ni compris ailleurs dans le présent Chapitre : > Machines et appareils pour les travaux publics, le bâtiment ou les travaux analogues. . . .",1,équipements importés n’ayant pas de similaires fabriqués localement,secteurs économiques généraux,False
847920 0 0 0,84.79,"Machines et appareils mécaniques ayant une fonction propre, non dénommés ni compris ailleurs dans le présent Chapitre : > Machines et appareils pour l'extraction ou la préparation des huiles ou graisses végétales fixes ou animales. . . .",1,équipements importés n’ayant pas de similaires fabriqués localement,secteurs économiques généraux,False
847930,84.79,"Machines et appareils mécaniques ayant une fonction propre, non dénommés ni compris ailleurs dans le présent Chapitre : > Presses pour la fabrication de panneaux de particules ou de fibres de bois ou d'autres matières ligneuses et autres machines et appareils pour le traitement du bois ou du liège :",1,équipements importés n’ayant pas de similaires fabriqués localement,secteurs économiques généraux,False
847930 1 0 0,84.79,"Machines et appareils mécaniques ayant une fonction propre, non dénommés ni compris ailleurs dans le présent Chapitre : > Presses pour la fabrication de panneaux de particules ou de fibres de bois ou d'autres matières ligneuses et autres machines et appareils pour le traitement du bois ou du liège : > Presses.",1,équipements importés n’ayant pas de similaires fabriqués localement,secteurs économiques généraux,False
847930 9 0 0,84.79,"Machines et appareils mécaniques ayant une fonction propre, non dénommés ni compris ailleurs dans le présent Chapitre : > Presses pour la fabrication de panneaux de particules ou de fibres de bois ou d'autres matières ligneuses et autres machines et appareils pour le traitement du bois ou du liège : > autres",1,équipements importés n’ayant pas de similaires fabriqués localement,secteurs économiques généraux,False
847940 0 0 0,84.79,"Machines et appareils mécaniques ayant une fonction propre, non dénommés ni compris ailleurs dans le présent Chapitre : > Machines de corderie ou de câblerie",1,équipements importés n’ayant pas de similaires fabriqués localement,secteurs économiques généraux,False
847950 0 0 0,84.79,"Machines et appareils mécaniques ayant une fonction propre, non dénommés ni compris ailleurs dans le présent Chapitre : > Robots industriels, non dénommés ni compris ailleurs.",1,équipements importés n’ayant pas de similaires fabriqués localement,secteurs économiques généraux,False
847960 0 0 0,84.79,"Machines et appareils mécaniques ayant une fonction propre, non dénommés ni compris ailleurs dans le présent Chapitre : > Appareils à évaporation pour le rafraichissement de l'air.",1,équipements importés n’ayant pas de similaires fabriqués localement,secteurs économiques généraux,False
,84.79,"Machines et appareils mécaniques ayant une fonction propre, non dénommés ni compris ailleurs dans le présent Chapitre : > Passerelles d'embarquement pour passagers:",1,équipements importés n’ayant pas de similaires fabriqués localement,secteurs économiques généraux,False
847971 0 0 0,84.79,"Machines et appareils mécaniques ayant une fonction propre, non dénommés ni compris ailleurs dans le présent Chapitre : > Passerelles d'embarquement pour passagers: > des types utilisés dans les aéroports",1,équipements importés n’ayant pas de similaires fabriqués localement,secteurs économiques généraux,False
847979 0 0 0,84.79,"Machines et appareils mécaniques ayant une fonction propre, non dénommés ni compris ailleurs dans le présent Chapitre : > Passerelles d'embarquement pour passagers: > autres",1,équipements importés n’ayant pas de similaires fabriqués localement,secteurs économiques généraux,False
,84.79,"Machines et appareils mécaniques ayant une fonction propre, non dénommés ni compris ailleurs dans le présent Chapitre : > Autres machines et appareils :",1,équipements importés n’ayant pas de similaires fabriqués localement,secteurs économiques généraux,False
847981 0 0 0,84.79,"Machines et appareils mécaniques ayant une fonction propre, non dénommés ni compris ailleurs dans le présent Chapitre : > Autres machines et appareils : > Pour le traitement des métaux, y compris les bobineuses pour enroulements électriques.",1,équipements importés n’ayant pas de similaires fabriqués localement,secteurs économiques généraux,False
847982 0 0 0,84.79,"Machines et appareils mécaniques ayant une fonction propre, non dénommés ni compris ailleurs dans le présent Chapitre : > Autres machines et appareils : > A mélanger, malaxer, concasser, broyer, cribler, tamiser, homogénéiser, émulsionner ou brasser.",1,équipements importés n’ayant pas de similaires fabriqués localement,secteurs économiques généraux,False
EX 847989,84.79,"Machines et appareils mécaniques ayant une fonction propre, non dénommés ni compris ailleurs dans le présent Chapitre : > Autres machines et appareils : > Autres :",1,équipements importés n’ayant pas de similaires fabriqués localement,secteurs économiques généraux,False
847989 3 0 0,84.79,"Machines et appareils mécaniques ayant une fonction propre, non dénommés ni compris ailleurs dans le présent Chapitre : > Autres machines et appareils : > Autres : > Soutènement marchant hydraulique pour mines.",1,équipements importés n’ayant pas de similaires fabriqués localement,secteurs économiques généraux,False
847989 6 0 0,84.79,"Machines et appareils mécaniques ayant une fonction propre, non dénommés ni compris ailleurs dans le présent Chapitre : > Autres machines et appareils : > Autres : > Appareillages dits de ""graissage centralisé""",1,équipements importés n’ayant pas de similaires fabriqués localement,secteurs économiques généraux,False
847989 7 0 0,84.79,"Machines et appareils mécaniques ayant une fonction propre, non dénommés ni compris ailleurs dans le présent Chapitre : > Autres machines et appareils : > Autres : > Machines automatiques de placement de composants électroniques utilisées exclusivement ou principalement pour la fabrication d'assemblages de circuits imprimés",1,équipements importés n’ayant pas de similaires fabriqués localement,secteurs économiques généraux,False
,84.79,"Machines et appareils mécaniques ayant une fonction propre, non dénommés ni compris ailleurs dans le présent Chapitre : > Autres machines et appareils : > Autres : > autres :",1,équipements importés n’ayant pas de similaires fabriqués localement,secteurs économiques généraux,False
,84.79,"Machines et appareils mécaniques ayant une fonction propre, non dénommés ni compris ailleurs dans le présent Chapitre : > Autres machines et appareils : > Autres : > autres : > Epandeurs à bitume :",1,équipements importés n’ayant pas de similaires fabriqués localement,secteurs économiques généraux,False
847989 9 7 2,84.79,"Machines et appareils mécaniques ayant une fonction propre, non dénommés ni compris ailleurs dans le présent Chapitre : > Autres machines et appareils : > Autres : > autres : > Epandeurs à bitume : > d'une capacité supérieure à 10.000 litres",1,équipements importés n’ayant pas de similaires fabriqués localement,secteurs économiques généraux,False
847989 9 7 4,84.79,"Machines et appareils mécaniques ayant une fonction propre, non dénommés ni compris ailleurs dans le présent Chapitre : > Autres machines et appareils : > Autres : > autres : > Epandeurs à bitume : > Machines et appareils pour émailler et décorer des produits céramique",1,équipements importés n’ayant pas de similaires fabriqués localement,secteurs économiques généraux,False
847989 9 7 9,84.79,"Machines et appareils mécaniques ayant une fonction propre, non dénommés ni compris ailleurs dans le présent Chapitre : > Autres machines et appareils : > Autres : > autres : > Epandeurs à bitume : > autres (à l'exclusion des doseurs pour lamineurs). . . .",1,équipements importés n’ayant pas de similaires fabriqués localement,secteurs économiques généraux,False
,84.80,"Châssis de fonderie ; plaques de fond pour moules ; modèles pour moules ; moules pour les métaux (autres que les lingotières), les carbures métalliques, le verre, les matières minérales, le caoutchouc ou les matières plastiques :",1,équipements importés n’ayant pas de similaires fabriqués localement,secteurs économiques généraux,False
848010 0 0 0,84.80,"Châssis de fonderie ; plaques de fond pour moules ; modèles pour moules ; moules pour les métaux (autres que les lingotières), les carbures métalliques, le verre, les matières minérales, le caoutchouc ou les matières plastiques : > Châssis de fonderie",1,équipements importés n’ayant pas de similaires fabriqués localement,secteurs économiques généraux,False
,84.80,"Châssis de fonderie ; plaques de fond pour moules ; modèles pour moules ; moules pour les métaux (autres que les lingotières), les carbures métalliques, le verre, les matières minérales, le caoutchouc ou les matières plastiques : > Moules pour les métaux ou les carbures métalliques :",1,équipements importés n’ayant pas de similaires fabriqués localement,secteurs économiques généraux,False
848041 0 0 0,84.80,"Châssis de fonderie ; plaques de fond pour moules ; modèles pour moules ; moules pour les métaux (autres que les lingotières), les carbures métalliques, le verre, les matières minérales, le caoutchouc ou les matières plastiques : > Moules pour les métaux ou les carbures métalliques : > Pour le moulage par injection ou par compression.",1,équipements importés n’ayant pas de similaires fabriqués localement,secteurs économiques généraux,False
848049 0 0 0,84.80,"Châssis de fonderie ; plaques de fond pour moules ; modèles pour moules ; moules pour les métaux (autres que les lingotières), les carbures métalliques, le verre, les matières minérales, le caoutchouc ou les matières plastiques : > Moules pour les métaux ou les carbures métalliques : > Autres.",1,équipements importés n’ayant pas de similaires fabriqués localement,secteurs économiques généraux,False
848050 0 0 0,84.80,"Châssis de fonderie ; plaques de fond pour moules ; modèles pour moules ; moules pour les métaux (autres que les lingotières), les carbures métalliques, le verre, les matières minérales, le caoutchouc ou les matières plastiques : > Moules pour le verre",1,équipements importés n’ayant pas de similaires fabriqués localement,secteurs économiques généraux,False
848060 0 0 0,84.80,"Châssis de fonderie ; plaques de fond pour moules ; modèles pour moules ; moules pour les métaux (autres que les lingotières), les carbures métalliques, le verre, les matières minérales, le caoutchouc ou les matières plastiques : > Moules pour les matières minérales",1,équipements importés n’ayant pas de similaires fabriqués localement,secteurs économiques généraux,False
,84.80,"Châssis de fonderie ; plaques de fond pour moules ; modèles pour moules ; moules pour les métaux (autres que les lingotières), les carbures métalliques, le verre, les matières minérales, le caoutchouc ou les matières plastiques : > Moules pour le caoutchouc ou les matières plastiques :",1,équipements importés n’ayant pas de similaires fabriqués localement,secteurs économiques généraux,False
848071 0 0 0,84.80,"Châssis de fonderie ; plaques de fond pour moules ; modèles pour moules ; moules pour les métaux (autres que les lingotières), les carbures métalliques, le verre, les matières minérales, le caoutchouc ou les matières plastiques : > Moules pour le caoutchouc ou les matières plastiques : > Pour le moulage par injection ou par compression . . .",1,équipements importés n’ayant pas de similaires fabriqués localement,secteurs économiques généraux,False
848079 0 0 0,84.80,"Châssis de fonderie ; plaques de fond pour moules ; modèles pour moules ; moules pour les métaux (autres que les lingotières), les carbures métalliques, le verre, les matières minérales, le caoutchouc ou les matières plastiques : > Moules pour le caoutchouc ou les matières plastiques : > Autres . . .",1,équipements importés n’ayant pas de similaires fabriqués localement,secteurs économiques généraux,False
,84.81,"Articles de robinetterie et organes similaires pour tuyauteries,chaudières,réservoirs,cuves ou contenants similaires, y compris les détendeurs et les vannes thermostatiques :",1,équipements importés n’ayant pas de similaires fabriqués localement,secteurs économiques généraux,False
EX 848110,84.81,"Articles de robinetterie et organes similaires pour tuyauteries,chaudières,réservoirs,cuves ou contenants similaires, y compris les détendeurs et les vannes thermostatiques : > Détendeurs :",1,équipements importés n’ayant pas de similaires fabriqués localement,secteurs économiques généraux,False
,84.81,Détendeurs : > combinés avec filtres ou lubrificateurs :,1,équipements importés n’ayant pas de similaires fabriqués localement,secteurs économiques généraux,False
,84.81,Détendeurs : > combinés avec filtres ou lubrificateurs : > Postes de détente à gaz :,1,équipements importés n’ayant pas de similaires fabriqués localement,secteurs économiques généraux,False
848110 0 5 1,84.81,"Articles de robinetterie et organes similaires pour tuyauteries,chaudières,réservoirs,cuves ou contenants similaires, y compris les détendeurs et les vannes thermostatiques : > Détendeurs : > combinés avec filtres ou lubrificateurs : > Postes de détente à gaz : > Poste de détente 76/20 bars comportant un dispositif de chauffage de gaz et deux rampes de détente d'une puissance supérieure ou égale à 15000 Nm3/h . . .",1,équipements importés n’ayant pas de similaires fabriqués localement,secteurs économiques généraux,False
,84.81,Détendeurs : > autres :,1,équipements importés n’ayant pas de similaires fabriqués localement,secteurs économiques généraux,False
,84.81,Détendeurs : > autres : > en fonte ou en acier :,1,équipements importés n’ayant pas de similaires fabriqués localement,secteurs économiques généraux,False
,84.81,Détendeurs : > autres : > en fonte ou en acier : > Postes de détente à gaz :,1,équipements importés n’ayant pas de similaires fabriqués localement,secteurs économiques généraux,False
848110 1 9 1,84.81,"Articles de robinetterie et organes similaires pour tuyauteries,chaudières,réservoirs,cuves ou contenants similaires, y compris les détendeurs et les vannes thermostatiques : > Détendeurs : > autres : > en fonte ou en acier : > Postes de détente à gaz : > Poste de détente 76/20 bars comportant un dispositif de chauffage de gaz et deux rampes de détente d'une puissance supérieure ou égale à 15000 Nm3/h . . .",1,équipements importés n’ayant pas de similaires fabriqués localement,secteurs économiques généraux,False
,84.81,Détendeurs : > autres : > autres :,1,équipements importés n’ayant pas de similaires fabriqués localement,secteurs économiques généraux,False
,84.81,Détendeurs : > autres : > autres : > Postes de détente à gaz :,1,équipements importés n’ayant pas de similaires fabriqués localement,secteurs économiques généraux,False
848110 9 9 1,84.81,"Articles de robinetterie et organes similaires pour tuyauteries,chaudières,réservoirs,cuves ou contenants similaires, y compris les détendeurs et les vannes thermostatiques : > Détendeurs : > autres : > autres : > Postes de détente à gaz : > Poste de détente 76/20 bars comportant un dispositif de chauffage de gaz et deux rampes de détente d'une puissance supérieure ou égale à 15000 Nm3/h . . .",1,équipements importés n’ayant pas de similaires fabriqués localement,secteurs économiques généraux,False
,84.81,Autres articles de robinetterie et organes similaires :,1,équipements importés n’ayant pas de similaires fabriqués localement,secteurs économiques généraux,False
,84.81,Autres articles de robinetterie et organes similaires : > autres :,1,équipements importés n’ayant pas de similaires fabriqués localement,secteurs économiques généraux,False
,84.81,Autres articles de robinetterie et organes similaires : > autres : > autres :,1,équipements importés n’ayant pas de similaires fabriqués localement,secteurs économiques généraux,False
,84.81,Autres articles de robinetterie et organes similaires : > autres : > autres : > Robinets et vannes à passage direct :,1,équipements importés n’ayant pas de similaires fabriqués localement,secteurs économiques généraux,False
,84.81,Autres articles de robinetterie et organes similaires : > autres : > autres : > Robinets et vannes à passage direct : > en fonte :,1,équipements importés n’ayant pas de similaires fabriqués localement,secteurs économiques généraux,False
EX 848180,84.81,"Articles de robinetterie et organes similaires pour tuyauteries,chaudières,réservoirs,cuves ou contenants similaires, y compris les détendeurs et les vannes thermostatiques : > Autres articles de robinetterie et organes similaires : > autres : > autres : > Robinets et vannes à passage direct : > en fonte : > vanne wagon . . .",1,équipements importés n’ayant pas de similaires fabriqués localement,secteurs économiques généraux,False
,84.81,Autres articles de robinetterie et organes similaires : > autres : > autres : > Robinets et vannes à passage direct : > en acier :,1,équipements importés n’ayant pas de similaires fabriqués localement,secteurs économiques généraux,False
,84.81,Autres articles de robinetterie et organes similaires : > autres : > autres : > Robinets et vannes à passage direct : > en acier : > vanne wagon . . .,1,équipements importés n’ayant pas de similaires fabriqués localement,secteurs économiques généraux,False
,84.81,Autres articles de robinetterie et organes similaires : > autres : > autres : > Robinets et vannes à passage direct : > autres :,1,équipements importés n’ayant pas de similaires fabriqués localement,secteurs économiques généraux,False
,84.81,Autres articles de robinetterie et organes similaires : > autres : > autres : > Robinets et vannes à passage direct : > autres : > vanne wagon,1,équipements importés n’ayant pas de similaires fabriqués localement,secteurs économiques généraux,False
,84.83,"Arbres de transmission (y compris les arbres à cames et les vilebrequins) et manivelles ; paliers et cous- signets ; engrenages et roues de friction ; broches filetées à billes ou à rouleaux ; réducteurs, multiplicateurs et variateurs de vitesse,y compris les convertisseurs de couple ; volants et poulies, y compris les poulies à moufles ; embrayages et organes d'accouplement, y compris les joints d'articulation :",1,équipements importés n’ayant pas de similaires fabriqués localement,secteurs économiques généraux,False
EX 848340,84.83,"Arbres de transmission (y compris les arbres à cames et les vilebrequins) et manivelles ; paliers et cous- signets ; engrenages et roues de friction ; broches filetées à billes ou à rouleaux ; réducteurs, multiplicateurs et variateurs de vitesse,y compris les convertisseurs de couple ; volants et poulies, y compris les poulies à moufles ; embrayages et organes d'accouplement, y compris les joints d'articulation : > Engrenages et roues de friction, autres que les roues dentées et autres organes élémentaires de transmission présentés séparément ; broches filetées à billes ou à rouleaux ; réducteurs, multiplicateurs et variateurs de vitesse, y compris les convertisseurs de couples :",1,équipements importés n’ayant pas de similaires fabriqués localement,secteurs économiques généraux,False
,84.83,"Arbres de transmission (y compris les arbres à cames et les vilebrequins) et manivelles ; paliers et cous- signets ; engrenages et roues de friction ; broches filetées à billes ou à rouleaux ; réducteurs, multiplicateurs et variateurs de vitesse,y compris les convertisseurs de couple ; volants et poulies, y compris les poulies à moufles ; embrayages et organes d'accouplement, y compris les joints d'articulation : > Système de rotation complet pour four à ciment de la position 848340",1,équipements importés n’ayant pas de similaires fabriqués localement,secteurs économiques généraux,False
,84.83,"Arbres de transmission (y compris les arbres à cames et les vilebrequins) et manivelles ; paliers et cous- signets ; engrenages et roues de friction ; broches filetées à billes ou à rouleaux ; réducteurs, multiplicateurs et variateurs de vitesse,y compris les convertisseurs de couple ; volants et poulies, y compris les poulies à moufles ; embrayages et organes d'accouplement, y compris les joints d'articulation : > Système de rotation complet pour four à ciment de la position 848340 > Réducteurs, multiplicateurs et variateurs de vitesse :",1,équipements importés n’ayant pas de similaires fabriqués localement,secteurs économiques généraux,False
,84.83,"Arbres de transmission (y compris les arbres à cames et les vilebrequins) et manivelles ; paliers et cous- signets ; engrenages et roues de friction ; broches filetées à billes ou à rouleaux ; réducteurs, multiplicateurs et variateurs de vitesse,y compris les convertisseurs de couple ; volants et poulies, y compris les poulies à moufles ; embrayages et organes d'accouplement, y compris les joints d'articulation : > Système de rotation complet pour four à ciment de la position 848340 > Réducteurs, multiplicateurs et variateurs de vitesse : > réducteurs, multiplicateurs et boites de vitesses :",1,équipements importés n’ayant pas de similaires fabriqués localement,secteurs économiques généraux,False
EX 848340,84.83,"Arbres de transmission (y compris les arbres à cames et les vilebrequins) et manivelles ; paliers et cous- signets ; engrenages et roues de friction ; broches filetées à billes ou à rouleaux ; réducteurs, multiplicateurs et variateurs de vitesse,y compris les convertisseurs de couple ; volants et poulies, y compris les poulies à moufles ; embrayages et organes d'accouplement, y compris les joints d'articulation : > Système de rotation complet pour four à ciment de la position 848340 > Réducteurs, multiplicateurs et variateurs de vitesse : > réducteurs, multiplicateurs et boites de vitesses : > pour d'autres usages.",1,équipements importés n’ayant pas de similaires fabriqués localement,secteurs économiques généraux,False
,84.83,"Arbres de transmission (y compris les arbres à cames et les vilebrequins) et manivelles ; paliers et cous- signets ; engrenages et roues de friction ; broches filetées à billes ou à rouleaux ; réducteurs, multiplicateurs et variateurs de vitesse,y compris les convertisseurs de couple ; volants et poulies, y compris les poulies à moufles ; embrayages et organes d'accouplement, y compris les joints d'articulation : > Système de rotation complet pour four à ciment de la position 848340 > Réducteurs, multiplicateurs et variateurs de vitesse : > autres :",1,équipements importés n’ayant pas de similaires fabriqués localement,secteurs économiques généraux,False
,84.83,"Arbres de transmission (y compris les arbres à cames et les vilebrequins) et manivelles ; paliers et cous- signets ; engrenages et roues de friction ; broches filetées à billes ou à rouleaux ; réducteurs, multiplicateurs et variateurs de vitesse,y compris les convertisseurs de couple ; volants et poulies, y compris les poulies à moufles ; embrayages et organes d'accouplement, y compris les joints d'articulation : > Système de rotation complet pour four à ciment de la position 848340 > Réducteurs, multiplicateurs et variateurs de vitesse : > autres : > pour d'autres usages.",1,équipements importés n’ayant pas de similaires fabriqués localement,secteurs économiques généraux,False
,85.01,"Moteurs et machines génératrices, électriques, à l'exclusion des groupes électrogènes : > Autres moteurs à courant continu ; machines génératrices à courant continu :",1,équipements importés n’ayant pas de similaires fabriqués localement,secteurs économiques généraux,False
850132 0 0 0,85.01,"Moteurs et machines génératrices, électriques, à l'exclusion des groupes électrogènes : > Autres moteurs à courant continu ; machines génératrices à courant continu : > D'une puissance excédant 750 W mais n'excédant pas 75 KW....",1,équipements importés n’ayant pas de similaires fabriqués localement,secteurs économiques généraux,False
850133 0 0 0,85.01,"Moteurs et machines génératrices, électriques, à l'exclusion des groupes électrogènes : > Autres moteurs à courant continu ; machines génératrices à courant continu : > D'une puissance excédant 75 KW mais n'excédant pas 375 KW . . .",1,équipements importés n’ayant pas de similaires fabriqués localement,secteurs économiques généraux,False
850134 0 0 0,85.01,"Moteurs et machines génératrices, électriques, à l'exclusion des groupes électrogènes : > Autres moteurs à courant continu ; machines génératrices à courant continu : > D'une puissance excédant 375 KW",1,équipements importés n’ayant pas de similaires fabriqués localement,secteurs économiques généraux,False
850153,85.01,"Moteurs et machines génératrices, électriques, à l'exclusion des groupes électrogènes : > Autres moteurs à courant continu ; machines génératrices à courant continu : > D'une puissance excédant 75 KW :",1,équipements importés n’ayant pas de similaires fabriqués localement,secteurs économiques généraux,False
,85.01,"Moteurs et machines génératrices, électriques, à l'exclusion des groupes électrogènes : > Machines génératrices à courant alternatif (alternateurs) :",1,équipements importés n’ayant pas de similaires fabriqués localement,secteurs économiques généraux,False
850161,85.01,"Moteurs et machines génératrices, électriques, à l'exclusion des groupes électrogènes : > Machines génératrices à courant alternatif (alternateurs) : > D'une puissance n'excédant pas 75 KVA :",1,équipements importés n’ayant pas de similaires fabriqués localement,secteurs économiques généraux,False
850162 0 0 0,85.01,"Moteurs et machines génératrices, électriques, à l'exclusion des groupes électrogènes : > Machines génératrices à courant alternatif (alternateurs) : > D'une puissance excédant 75 KVA mais n'excédant pas 375 KVA.",1,équipements importés n’ayant pas de similaires fabriqués localement,secteurs économiques généraux,False
850163 0 0 0,85.01,"Moteurs et machines génératrices, électriques, à l'exclusion des groupes électrogènes : > Machines génératrices à courant alternatif (alternateurs) : > D'une puissance excédant 375 KVA mais n'excédant pas 750 KVA ...",1,équipements importés n’ayant pas de similaires fabriqués localement,secteurs économiques généraux,False
850164 0 0 0,85.01,"Moteurs et machines génératrices, électriques, à l'exclusion des groupes électrogènes : > Machines génératrices à courant alternatif (alternateurs) : > D'une puissance excédant 750 KVA.",1,équipements importés n’ayant pas de similaires fabriqués localement,secteurs économiques généraux,False
,85.02,Groupes électrogènes et convertisseurs rotatifs électriques :,1,équipements importés n’ayant pas de similaires fabriqués localement,secteurs économiques généraux,False
850240 0 0 0,85.02,Groupes électrogènes et convertisseurs rotatifs électriques : > Convertisseurs rotatifs électriques...,1,équipements importés n’ayant pas de similaires fabriqués localement,secteurs économiques généraux,False
,85.04,"Transformateurs électriques, convertisseurs électriques statiques (redresseurs, par exemple), bobines de réactance et selfs :",1,équipements importés n’ayant pas de similaires fabriqués localement,secteurs économiques généraux,False
,85.04,"Transformateurs électriques, convertisseurs électriques statiques (redresseurs, par exemple), bobines de réactance et selfs : > Transformateurs à diélectrique liquide :",1,équipements importés n’ayant pas de similaires fabriqués localement,secteurs économiques généraux,False
EX 850423,85.04,"Transformateurs électriques, convertisseurs électriques statiques (redresseurs, par exemple), bobines de réac- tance et selfs : > Transformateurs à diélectrique liquide : > D'une puissance excédant 10.000 KVA :",1,équipements importés n’ayant pas de similaires fabriqués localement,secteurs économiques généraux,False
850423 0 0 1,85.04,"Transformateurs électriques, convertisseurs électriques statiques (redresseurs, par exemple), bobines de réac- tance et selfs : > Transformateurs à diélectrique liquide : > D'une puissance excédant 10.000 KVA : > d'une puissance supérieure ou égale à 40 MVA avec accessoires constituant une unité fonctionnelle.",1,équipements importés n’ayant pas de similaires fabriqués localement,secteurs économiques généraux,False
,85.04,"Transformateurs électriques, convertisseurs électriques statiques (redresseurs, par exemple), bobines de réactance et selfs : > Autres transformateurs :",1,équipements importés n’ayant pas de similaires fabriqués localement,secteurs économiques généraux,False
EX 850433 0 0,85.04,"Transformateurs électriques, convertisseurs électriques statiques (redresseurs, par exemple), bobines de réac- tance et selfs : > Autres transformateurs : > D'une puissance excédant 16 KVA mais n'excédant pas 500 KVA :",1,équipements importés n’ayant pas de similaires fabriqués localement,secteurs économiques généraux,False
850433 0 0 1,85.04,"Transformateurs électriques, convertisseurs électriques statiques (redresseurs, par exemple), bobines de réac- tance et selfs : > Autres transformateurs : > D'une puissance excédant 16 KVA mais n'excédant pas 500 KVA : > Bobines de point neutre pour transformateurs d'une puissance supérieure ou égale à 40 MVA...",1,équipements importés n’ayant pas de similaires fabriqués localement,secteurs économiques généraux,False
850434 0 0 0,85.04,"Transformateurs électriques, convertisseurs électriques statiques (redresseurs, par exemple), bobines de réac- tance et selfs : > Autres transformateurs : > D'une puissance excédant 500 KVA",1,équipements importés n’ayant pas de similaires fabriqués localement,secteurs économiques généraux,False
EX 850440,85.04,"Transformateurs électriques, convertisseurs électriques statiques (redresseurs, par exemple), bobines de réac- tance et selfs : > Convertisseurs statiques :",1,équipements importés n’ayant pas de similaires fabriqués localement,secteurs économiques généraux,False
,85.04,"Transformateurs électriques, convertisseurs électriques statiques (redresseurs, par exemple), bobines de réactance et selfs : > les machines automatiques de traitement de l'information et leurs unités",1,équipements importés n’ayant pas de similaires fabriqués localement,secteurs économiques généraux,False
,85.04,"Transformateurs électriques, convertisseurs électriques statiques (redresseurs, par exemple), bobines de réactance et selfs : > les machines automatiques de traitement de l'information et leurs unités > du type utilisé avec les appareils de télécommunication",1,équipements importés n’ayant pas de similaires fabriqués localement,secteurs économiques généraux,False
,85.04,"Transformateurs électriques, convertisseurs électriques statiques (redresseurs, par exemple), bobines de réactance et selfs : > les machines automatiques de traitement de l'information et leurs unités > du type utilisé avec les appareils de télécommunication > du type utilisé avec les machines automatiques de traitement de l'information (redresseurs programmables compatibles avec ordinateur ;",1,équipements importés n’ayant pas de similaires fabriqués localement,secteurs économiques généraux,False
850440 3 0 1,85.04,"Transformateurs électriques, convertisseurs électriques statiques (redresseurs, par exemple), bobines de réac- tance et selfs : > les machines automatiques de traitement de l'information et leurs unités > du type utilisé avec les appareils de télécommunication > du type utilisé avec les machines automatiques de traitement de l'information (redresseurs programmables compatibles avec ordinateur ; > Armoires variateurs....",1,équipements importés n’ayant pas de similaires fabriqués localement,secteurs économiques généraux,False
850440 3 0 1,85.04,"Transformateurs électriques, convertisseurs électriques statiques (redresseurs, par exemple), bobines de réac- tance et selfs : > les machines automatiques de traitement de l'information et leurs unités > du type utilisé avec les appareils de télécommunication > du type utilisé avec les machines automatiques de traitement de l'information (redresseurs programmables compatibles avec ordinateur ; > Autres convertisseurs statiques",1,équipements importés n’ayant pas de similaires fabriqués localement,secteurs économiques généraux,False
,85.05,"Electro-aimants ; aimants permanents et articles destinés à devenir des aimants permanents après aimantation ; plateaux,mandrins et dispositifs magnétiques ou électromagnétiques similaires de fixation ; accouplements, embrayages,variateurs de vitesse et freins électromagnétiques ; têtes de levage électromagnétiques : > Accouplements, embrayages, variateurs de vitesse et freins électromagnétiques :",1,équipements importés n’ayant pas de similaires fabriqués localement,secteurs économiques généraux,False
850520 0 0,85.05,"Electro-aimants ; aimants permanents et articles des- tinés à devenir des aimants permanents après aimantation ; plateaux,mandrins et dispositifs magnétiques ou électromagnétiques similaires de fixation ; accouplements, embrayages,variateurs de vitesse et freins électromagnétiques ; têtes de levage électromagnétiques : > Accouplements, embrayages, variateurs de vitesse et freins électromagnétiques : > Accouplements, embrayages et variateurs de vitesse électromagnétiques :",1,équipements importés n’ayant pas de similaires fabriqués localement,secteurs économiques généraux,False
850520 0 0 1,85.05,"Electro-aimants ; aimants permanents et articles des- tinés à devenir des aimants permanents après aimantation ; plateaux,mandrins et dispositifs magnétiques ou électromagnétiques similaires de fixation ; accouplements, embrayages,variateurs de vitesse et freins électromagnétiques ; têtes de levage électromagnétiques : > Accouplements, embrayages, variateurs de vitesse et freins électromagnétiques : > Freins électromagnétiques :",1,équipements importés n’ayant pas de similaires fabriqués localement,secteurs économiques généraux,False
EX 850590,85.05,"Electro-aimants ; aimants permanents et articles des- tinés à devenir des aimants permanents après aimantation ; plateaux,mandrins et dispositifs magnétiques ou électromagnétiques similaires de fixation ; accouplements, embrayages,variateurs de vitesse et freins électromagnétiques ; têtes de levage électromagnétiques : > Autres, y compris les parties :",1,équipements importés n’ayant pas de similaires fabriqués localement,secteurs économiques généraux,False
850590 5 0 0,85.05,"Electro-aimants ; aimants permanents et articles des- tinés à devenir des aimants permanents après aimantation ; plateaux,mandrins et dispositifs magnétiques ou électromagnétiques similaires de fixation ; accouplements, embrayages,variateurs de vitesse et freins électromagnétiques ; têtes de levage électromagnétiques : > Autres, y compris les parties : > Têtes de levage électromagnétiques",1,équipements importés n’ayant pas de similaires fabriqués localement,secteurs économiques généraux,False
,85.14,"Fours électriques industriels ou de laboratoires, y compris ceux fonctionnant par induction ou par pertes diélectriques; autres appareils industriels ou de laboratoires pour le traitement thermique des matières par induction ou par pertes diélectriques :",1,équipements importés n’ayant pas de similaires fabriqués localement,secteurs économiques généraux,False
EX 851410,85.14,"Fours électriques industriels ou de laboratoires, y compris ceux fonctionnant par induction ou par pertes diélectriques; autres appareils industriels ou de laboratoires pour le traitement thermique des matières par induction ou par pertes diélectriques : > Fours à résistance (à chauffage indirect) :",1,équipements importés n’ayant pas de similaires fabriqués localement,secteurs économiques généraux,False
851410 8 0 0,85.14,"Fours électriques industriels ou de laboratoires, y compris ceux fonctionnant par induction ou par pertes diélectriques; autres appareils industriels ou de laboratoires pour le traitement thermique des matières par induction ou par pertes diélectriques : > Fours à résistance (à chauffage indirect) : > Autres (à l'exclusion des fours de boulangerie, de pâtisserie ou de biscuiterie du n° 851410100 )",1,équipements importés n’ayant pas de similaires fabriqués localement,secteurs économiques généraux,False
851420,85.14,"Fours électriques industriels ou de laboratoires, y compris ceux fonctionnant par induction ou par pertes diélectriques; autres appareils industriels ou de laboratoires pour le traitement thermique des matières par induction ou par pertes diélectriques : > Fours fonctionnant par induction ou par pertes diélectriques :",1,équipements importés n’ayant pas de similaires fabriqués localement,secteurs économiques généraux,False
851420 1 0 0,85.14,"Fours électriques industriels ou de laboratoires, y compris ceux fonctionnant par induction ou par pertes diélectriques; autres appareils industriels ou de laboratoires pour le traitement thermique des matières par induction ou par pertes diélectriques : > Fours fonctionnant par induction ou par pertes diélectriques : > fonctionnant par induction",1,équipements importés n’ayant pas de similaires fabriqués localement,secteurs économiques généraux,False
851420 8 0 0,85.14,"Fours électriques industriels ou de laboratoires, y compris ceux fonctionnant par induction ou par pertes diélectriques; autres appareils industriels ou de laboratoires pour le traitement thermique des matières par induction ou par pertes diélectriques : > Fours fonctionnant par induction ou par pertes diélectriques : > Fonctionnant par pertes diélectriques",1,équipements importés n’ayant pas de similaires fabriqués localement,secteurs économiques généraux,False
EX 851430,85.14,"Fours électriques industriels ou de laboratoires, y compris ceux fonctionnant par induction ou par pertes diélectriques; autres appareils industriels ou de laboratoires pour le traitement thermique des matières par induction ou par pertes diélectriques : > Autres fours :",1,équipements importés n’ayant pas de similaires fabriqués localement,secteurs économiques généraux,False
851430 2 0 0,85.14,"Fours électriques industriels ou de laboratoires, y compris ceux fonctionnant par induction ou par pertes diélectriques; autres appareils industriels ou de laboratoires pour le traitement thermique des matières par induction ou par pertes diélectriques : > Autres fours : > des types utilisés exclusivement ou principalement pour la fabrication de circuits imprimés ou d'assemblages de circuits imprimés ...",1,équipements importés n’ayant pas de similaires fabriqués localement,secteurs économiques généraux,False
,85.14,"Fours électriques industriels ou de laboratoires, y compris ceux fonctionnant par induction ou par pertes diélectriques; autres appareils industriels ou de laboratoires pour le traitement thermique des matières par induction ou par pertes diélectriques : > Autres fours : > Autres:",1,équipements importés n’ayant pas de similaires fabriqués localement,secteurs économiques généraux,False
851430 8 0 9,85.14,"Fours électriques industriels ou de laboratoires, y compris ceux fonctionnant par induction ou par pertes diélectriques; autres appareils industriels ou de laboratoires pour le traitement thermique des matières par induction ou par pertes diélectriques : > Autres fours : > Autres: > Autres....",1,équipements importés n’ayant pas de similaires fabriqués localement,secteurs économiques généraux,False
851440 0 0 0,85.14,"Fours électriques industriels ou de laboratoires, y compris ceux fonctionnant par induction ou par pertes diélectriques; autres appareils industriels ou de laboratoires pour le traitement thermique des matières par induction ou par pertes diélectriques : > Autres appareils pour le traitement thermique des matières par induction ou par pertes diélectriques....",1,équipements importés n’ayant pas de similaires fabriqués localement,secteurs économiques généraux,False
,85.15,"Machines et appareils pour le brasage ou le soudage (même pouvant couper), électriques (y compris ceux aux gaz chauffés électriquement) ou opérant par laser ou autres faisceaux de lumière ou de photons, par ultrasons, par faisceaux d'électrons, par impulsions magnétiques ou au jet de plasma ; machines et appareils électriques pour la projection à chaud de métaux ou de cermets :",1,équipements importés n’ayant pas de similaires fabriqués localement,secteurs économiques généraux,False
,85.15,"Machines et appareils pour le brasage ou le soudage (même pouvant couper), électriques (y compris ceux aux gaz chauffés électriquement) ou opérant par laser ou autres faisceaux de lumière ou de photons, par ultrasons, par faisceaux d'électrons, par impulsions magnétiques ou au jet de plasma ; machines et appareils électriques pour la projection à chaud de métaux ou de cermets : > Machines et appareils pour le brasage fort ou tendre :",1,équipements importés n’ayant pas de similaires fabriqués localement,secteurs économiques généraux,False
851511 0 0 0,85.15,"Machines et appareils pour le brasage ou le soudage (même pouvant couper), électriques (y compris ceux aux gaz chauffés électriquement) ou opérant par laser ou autres faisceaux de lumière ou de photons, par ultrasons, par faisceaux d'électrons, par impulsions magnétiques ou au jet de plasma ; machines et appareils électriques pour la projection à chaud de métaux ou de cermets : > Machines et appareils pour le brasage fort ou tendre : > Fers et pistolets à braser.",1,équipements importés n’ayant pas de similaires fabriqués localement,secteurs économiques généraux,False
851519 0 0 0,85.15,"Machines et appareils pour le brasage ou le soudage (même pouvant couper), électriques (y compris ceux aux gaz chauffés électriquement) ou opérant par laser ou autres faisceaux de lumière ou de photons, par ultrasons, par faisceaux d'électrons, par impulsions magnétiques ou au jet de plasma ; machines et appareils électriques pour la projection à chaud de métaux ou de cermets : > Machines et appareils pour le brasage fort ou tendre : > Autres.",1,équipements importés n’ayant pas de similaires fabriqués localement,secteurs économiques généraux,False
,85.15,"Machines et appareils pour le brasage ou le soudage (même pouvant couper), électriques (y compris ceux aux gaz chauffés électriquement) ou opérant par laser ou autres faisceaux de lumière ou de photons, par ultrasons, par faisceaux d'électrons, par impulsions magnétiques ou au jet de plasma ; machines et appareils électriques pour la projection à chaud de métaux ou de cermets : > Machines et appareils pour le soudage des métaux par résistance :",1,équipements importés n’ayant pas de similaires fabriqués localement,secteurs économiques généraux,False
851521 0 0 0,85.15,"Machines et appareils pour le brasage ou le soudage (même pouvant couper), électriques (y compris ceux aux gaz chauffés électriquement) ou opérant par laser ou autres faisceaux de lumière ou de photons, par ultrasons, par faisceaux d'électrons, par impulsions magnétiques ou au jet de plasma ; machines et appareils électriques pour la projection à chaud de métaux ou de cermets : > Machines et appareils pour le soudage des métaux par résistance : > Entièrement ou partiellement automatiques.",1,équipements importés n’ayant pas de similaires fabriqués localement,secteurs économiques généraux,False
851529 0 0 0,85.15,"Machines et appareils pour le brasage ou le soudage (même pouvant couper), électriques (y compris ceux aux gaz chauffés électriquement) ou opérant par laser ou autres faisceaux de lumière ou de photons, par ultrasons, par faisceaux d'électrons, par impulsions magnétiques ou au jet de plasma ; machines et appareils électriques pour la projection à chaud de métaux ou de cermets : > Machines et appareils pour le soudage des métaux par résistance : > Autres",1,équipements importés n’ayant pas de similaires fabriqués localement,secteurs économiques généraux,False
,85.15,"Machines et appareils pour le brasage ou le soudage (même pouvant couper), électriques (y compris ceux aux gaz chauffés électriquement) ou opérant par laser ou autres faisceaux de lumière ou de photons, par ultrasons, par faisceaux d'électrons, par impulsions magnétiques ou au jet de plasma ; machines et appareils électriques pour la projection à chaud de métaux ou de cermets : > Machines et appareils pour le soudage des métaux à l'arc ou au jet de plasma :",1,équipements importés n’ayant pas de similaires fabriqués localement,secteurs économiques généraux,False
851531,85.15,"Machines et appareils pour le brasage ou le soudage (même pouvant couper), électriques (y compris ceux aux gaz chauffés électriquement) ou opérant par laser ou autres faisceaux de lumière ou de photons, par ultrasons, par faisceaux d'électrons, par impulsions magnétiques ou au jet de plasma ; machines et appareils électriques pour la projection à chaud de métaux ou de cermets : > Machines et appareils pour le soudage des métaux à l'arc ou au jet de plasma : > Entièrement ou partiellement automatiques :",1,équipements importés n’ayant pas de similaires fabriqués localement,secteurs économiques généraux,False
EX 851539,85.15,"Machines et appareils pour le brasage ou le soudage (même pouvant couper), électriques (y compris ceux aux gaz chauffés électriquement) ou opérant par laser ou autres faisceaux de lumière ou de photons, par ultrasons, par faisceaux d'électrons, par impulsions magnétiques ou au jet de plasma ; machines et appareils électriques pour la projection à chaud de métaux ou de cermets : > Machines et appareils pour le soudage des métaux à l'arc ou au jet de plasma : > Autres:",1,équipements importés n’ayant pas de similaires fabriqués localement,secteurs économiques généraux,False
851539 9 0 0,85.15,"Machines et appareils pour le brasage ou le soudage (même pouvant couper), électriques (y compris ceux aux gaz chauffés électriquement) ou opérant par laser ou autres faisceaux de lumière ou de photons, par ultrasons, par faisceaux d'électrons, par impulsions magnétiques ou au jet de plasma ; machines et appareils électriques pour la projection à chaud de métaux ou de cermets : > Machines et appareils pour le soudage des métaux à l'arc ou au jet de plasma : > Autres: > Autres....",1,équipements importés n’ayant pas de similaires fabriqués localement,secteurs économiques généraux,False
851580,85.15,"Machines et appareils pour le brasage ou le soudage (même pouvant couper), électriques (y compris ceux aux gaz chauffés électriquement) ou opérant par laser ou autres faisceaux de lumière ou de photons, par ultrasons, par faisceaux d'électrons, par impulsions magnétiques ou au jet de plasma ; machines et appareils électriques pour la projection à chaud de métaux ou de cermets : > Autres machines et appareils :",1,équipements importés n’ayant pas de similaires fabriqués localement,secteurs économiques généraux,False
,85.19,Appareils d'enregistrement du son; appareils de reproduction du son; appareils d'enregistrement et de reproduction du son:,1,équipements importés n’ayant pas de similaires fabriqués localement,secteurs économiques généraux,False
EX 851981,85.19,Appareils d'enregistrement du son; appareils de reproduction du son; appareils d'enregistrement et de reproduction du son: > Autres appareils :,1,équipements importés n’ayant pas de similaires fabriqués localement,secteurs économiques généraux,False
,85.19,"Appareils d'enregistrement du son; appareils de reproduction du son; appareils d'enregistrement et de reproduction du son: > Autres appareils : > utilisant un support magnétique, optique ou à semi-conducteurs",1,équipements importés n’ayant pas de similaires fabriqués localement,secteurs économiques généraux,False
,85.19,"Appareils d'enregistrement du son; appareils de reproduction du son; appareils d'enregistrement et de reproduction du son: > Autres appareils : > utilisant un support magnétique, optique ou à semi-conducteurs > appareils de reproduction du son (y compris lecteurs de cassettes), n'incorporant pas de dispositif d'enregistrement du son :",1,équipements importés n’ayant pas de similaires fabriqués localement,secteurs économiques généraux,False
,85.19,"Appareils d'enregistrement du son; appareils de reproduction du son; appareils d'enregistrement et de reproduction du son: > Autres appareils : > utilisant un support magnétique, optique ou à semi-conducteurs > appareils de reproduction du son (y compris lecteurs de cassettes), n'incorporant pas de dispositif d'enregistrement du son : > autres appareils de reproduction du son :",1,équipements importés n’ayant pas de similaires fabriqués localement,secteurs économiques généraux,False
,85.19,"Appareils d'enregistrement du son; appareils de reproduction du son; appareils d'enregistrement et de reproduction du son: > Autres appareils : > utilisant un support magnétique, optique ou à semi-conducteurs > appareils de reproduction du son (y compris lecteurs de cassettes), n'incorporant pas de dispositif d'enregistrement du son : > autres appareils de reproduction du son : > autres lecteurs de cassettes :",1,équipements importés n’ayant pas de similaires fabriqués localement,secteurs économiques généraux,False
851981 2 1,85.19,"Appareils d'enregistrement du son; appareils de reproduction du son; appareils d'enregistrement et de reproduction du son: > Autres appareils : > utilisant un support magnétique, optique ou à semi-conducteurs > appareils de reproduction du son (y compris lecteurs de cassettes), n'incorporant pas de dispositif d'enregistrement du son : > autres appareils de reproduction du son : > autres lecteurs de cassettes : > à système de lecture analogique et numérique :",1,équipements importés n’ayant pas de similaires fabriqués localement,secteurs économiques généraux,False
851981 2 1 1,85.19,"Appareils d'enregistrement du son; appareils de reproduction du son; appareils d'enregistrement et de reproduction du son: > Autres appareils : > utilisant un support magnétique, optique ou à semi-conducteurs > appareils de reproduction du son (y compris lecteurs de cassettes), n'incorporant pas de dispositif d'enregistrement du son : > autres appareils de reproduction du son : > autres lecteurs de cassettes : > à système de lecture analogique et numérique : > à usage industriel",1,équipements importés n’ayant pas de similaires fabriqués localement,secteurs économiques généraux,False
851981 2 5,85.19,"Appareils d'enregistrement du son; appareils de reproduction du son; appareils d'enregistrement et de reproduction du son: > Autres appareils : > utilisant un support magnétique, optique ou à semi-conducteurs > appareils de reproduction du son (y compris lecteurs de cassettes), n'incorporant pas de dispositif d'enregistrement du son : > autres appareils de reproduction du son : > autres lecteurs de cassettes : > autres :",1,équipements importés n’ayant pas de similaires fabriqués localement,secteurs économiques généraux,False
851981 2 5 1,85.19,"Appareils d'enregistrement du son; appareils de reproduction du son; appareils d'enregistrement et de reproduction du son: > Autres appareils : > utilisant un support magnétique, optique ou à semi-conducteurs > appareils de reproduction du son (y compris lecteurs de cassettes), n'incorporant pas de dispositif d'enregistrement du son : > autres appareils de reproduction du son : > autres lecteurs de cassettes : > autres : > à usage industriel.",1,équipements importés n’ayant pas de similaires fabriqués localement,secteurs économiques généraux,False
,85.19,"Appareils d'enregistrement du son; appareils de reproduction du son; appareils d'enregistrement et de reproduction du son: > Autres appareils : > utilisant un support magnétique, optique ou à semi-conducteurs > appareils de reproduction du son (y compris lecteurs de cassettes), n'incorporant pas de dispositif d'enregistrement du son : > autres appareils de reproduction du son : > autres :",1,équipements importés n’ayant pas de similaires fabriqués localement,secteurs économiques généraux,False
,85.19,"Appareils d'enregistrement du son; appareils de reproduction du son; appareils d'enregistrement et de reproduction du son: > Autres appareils : > utilisant un support magnétique, optique ou à semi-conducteurs > appareils de reproduction du son (y compris lecteurs de cassettes), n'incorporant pas de dispositif d'enregistrement du son : > autres appareils de reproduction du son : > autres : > à système de lecture par faisceau laser :",1,équipements importés n’ayant pas de similaires fabriqués localement,secteurs économiques généraux,False
851981 3 5,85.19,"Appareils d'enregistrement du son; appareils de reproduction du son; appareils d'enregistrement et de reproduction du son: > Autres appareils : > utilisant un support magnétique, optique ou à semi-conducteurs > appareils de reproduction du son (y compris lecteurs de cassettes), n'incorporant pas de dispositif d'enregistrement du son : > autres appareils de reproduction du son : > autres : > à système de lecture par faisceau laser : > autres :",1,équipements importés n’ayant pas de similaires fabriqués localement,secteurs économiques généraux,False
851981 3 5 1,85.19,"Appareils d'enregistrement du son; appareils de reproduction du son; appareils d'enregistrement et de reproduction du son: > Autres appareils : > utilisant un support magnétique, optique ou à semi-conducteurs > appareils de reproduction du son (y compris lecteurs de cassettes), n'incorporant pas de dispositif d'enregistrement du son : > autres appareils de reproduction du son : > autres : > à système de lecture par faisceau laser : > autres : > à usage industriel",1,équipements importés n’ayant pas de similaires fabriqués localement,secteurs économiques généraux,False
851981 4 5,85.19,"Appareils d'enregistrement du son; appareils de reproduction du son; appareils d'enregistrement et de reproduction du son: > Autres appareils : > utilisant un support magnétique, optique ou à semi-conducteurs > appareils de reproduction du son (y compris lecteurs de cassettes), n'incorporant pas de dispositif d'enregistrement du son : > autres appareils de reproduction du son : > autres : > autres :",1,équipements importés n’ayant pas de similaires fabriqués localement,secteurs économiques généraux,False
851981 4 5 1,85.19,"Appareils d'enregistrement du son; appareils de reproduction du son; appareils d'enregistrement et de reproduction du son: > Autres appareils : > utilisant un support magnétique, optique ou à semi-conducteurs > appareils de reproduction du son (y compris lecteurs de cassettes), n'incorporant pas de dispositif d'enregistrement du son : > autres appareils de reproduction du son : > autres : > autres : > à usage industriel",1,équipements importés n’ayant pas de similaires fabriqués localement,secteurs économiques généraux,False
,85.19,"Appareils d'enregistrement du son; appareils de reproduction du son; appareils d'enregistrement et de reproduction du son: > Autres appareils : > utilisant un support magnétique, optique ou à semi-conducteurs > Autres appareils :",1,équipements importés n’ayant pas de similaires fabriqués localement,secteurs économiques généraux,False
,85.19,"Appareils d'enregistrement du son; appareils de reproduction du son; appareils d'enregistrement et de reproduction du son: > Autres appareils : > utilisant un support magnétique, optique ou à semi-conducteurs > Autres appareils : > Autres appareils d'enregistrement et de reproduction du son, sur bandes magnétiques :",1,équipements importés n’ayant pas de similaires fabriqués localement,secteurs économiques généraux,False
,85.19,"Appareils d'enregistrement du son; appareils de reproduction du son; appareils d'enregistrement et de reproduction du son: > Autres appareils : > utilisant un support magnétique, optique ou à semi-conducteurs > Autres appareils : > Autres appareils d'enregistrement et de reproduction du son, sur bandes magnétiques : > à cassettes :",1,équipements importés n’ayant pas de similaires fabriqués localement,secteurs économiques généraux,False
,85.19,"Appareils d'enregistrement du son; appareils de reproduction du son; appareils d'enregistrement et de reproduction du son: > Autres appareils : > utilisant un support magnétique, optique ou à semi-conducteurs > Autres appareils : > Autres appareils d'enregistrement et de reproduction du son, sur bandes magnétiques : > à cassettes : > avec amplificateur et un ou plusieurs haut-parleurs, incorporés :",1,équipements importés n’ayant pas de similaires fabriqués localement,secteurs économiques généraux,False
851981 6 1,85.19,"Appareils d'enregistrement du son; appareils de reproduction du son; appareils d'enregistrement et de reproduction du son: > Autres appareils : > utilisant un support magnétique, optique ou à semi-conducteurs > Autres appareils : > Autres appareils d'enregistrement et de reproduction du son, sur bandes magnétiques : > à cassettes : > avec amplificateur et un ou plusieurs haut-parleurs, incorporés : > autres :",1,équipements importés n’ayant pas de similaires fabriqués localement,secteurs économiques généraux,False
851981 6 1 1,85.19,"Appareils d'enregistrement du son; appareils de reproduction du son; appareils d'enregistrement et de reproduction du son: > Autres appareils : > utilisant un support magnétique, optique ou à semi-conducteurs > Autres appareils : > Autres appareils d'enregistrement et de reproduction du son, sur bandes magnétiques : > à cassettes : > avec amplificateur et un ou plusieurs haut-parleurs, incorporés : > autres : > à usage industriel",1,équipements importés n’ayant pas de similaires fabriqués localement,secteurs économiques généraux,False
851981 7 5,85.19,"Appareils d'enregistrement du son; appareils de reproduction du son; appareils d'enregistrement et de reproduction du son: > Autres appareils : > utilisant un support magnétique, optique ou à semi-conducteurs > Autres appareils : > Autres appareils d'enregistrement et de reproduction du son, sur bandes magnétiques : > à cassettes : > autres :",1,équipements importés n’ayant pas de similaires fabriqués localement,secteurs économiques généraux,False
851981 7 5 1,85.19,"Appareils d'enregistrement du son; appareils de reproduction du son; appareils d'enregistrement et de reproduction du son: > Autres appareils : > utilisant un support magnétique, optique ou à semi-conducteurs > Autres appareils : > Autres appareils d'enregistrement et de reproduction du son, sur bandes magnétiques : > à cassettes : > autres : > à usage industriel",1,équipements importés n’ayant pas de similaires fabriqués localement,secteurs économiques généraux,False
,85.19,"Appareils d'enregistrement du son; appareils de reproduction du son; appareils d'enregistrement et de reproduction du son: > Autres appareils : > utilisant un support magnétique, optique ou à semi-conducteurs > Autres appareils : > Autres appareils d'enregistrement et de reproduction du son, sur bandes magnétiques : > autres :",1,équipements importés n’ayant pas de similaires fabriqués localement,secteurs économiques généraux,False
851981 8 1,85.19,"Appareils d'enregistrement du son; appareils de reproduction du son; appareils d'enregistrement et de reproduction du son: > Autres appareils : > utilisant un support magnétique, optique ou à semi-conducteurs > Autres appareils : > Autres appareils d'enregistrement et de reproduction du son, sur bandes magnétiques : > autres : > utilisant des bandes magnétiques sur bobines, et permettant l'enregistrement ou la reproduction du son, soit à une seule vitesse de 19 cm/s, soit à plusieurs vitesses dont la vitesse de 19cm/s associée exclusivement à des vitesses inférieures :",1,équipements importés n’ayant pas de similaires fabriqués localement,secteurs économiques généraux,False
851981 8 1 1,85.19,"Appareils d'enregistrement du son; appareils de reproduction du son; appareils d'enregistrement et de reproduction du son: > Autres appareils : > utilisant un support magnétique, optique ou à semi-conducteurs > Autres appareils : > Autres appareils d'enregistrement et de reproduction du son, sur bandes magnétiques : > autres : > utilisant des bandes magnétiques sur bobines, et permettant l'enregistrement ou la reproduction du son, soit à une seule vitesse de 19 cm/s, soit à plusieurs vitesses dont la vitesse de 19cm/s associée exclusivement à des vitesses inférieures : > à usage industriel",1,équipements importés n’ayant pas de similaires fabriqués localement,secteurs économiques généraux,False
851981 8 5,85.19,"Appareils d'enregistrement du son; appareils de reproduction du son; appareils d'enregistrement et de reproduction du son: > Autres appareils : > utilisant un support magnétique, optique ou à semi-conducteurs > Autres appareils : > Autres appareils d'enregistrement et de reproduction du son, sur bandes magnétiques : > autres : > autres :",1,équipements importés n’ayant pas de similaires fabriqués localement,secteurs économiques généraux,False
851981 8 5 1,85.19,"Appareils d'enregistrement du son; appareils de reproduction du son; appareils d'enregistrement et de reproduction du son: > Autres appareils : > utilisant un support magnétique, optique ou à semi-conducteurs > Autres appareils : > Autres appareils d'enregistrement et de reproduction du son, sur bandes magnétiques : > autres : > autres : > à usage industriel",1,équipements importés n’ayant pas de similaires fabriqués localement,secteurs économiques généraux,False
851981 9 5,85.19,"Appareils d'enregistrement du son; appareils de reproduction du son; appareils d'enregistrement et de reproduction du son: > Autres appareils : > utilisant un support magnétique, optique ou à semi-conducteurs > Autres appareils : > autres :",1,équipements importés n’ayant pas de similaires fabriqués localement,secteurs économiques généraux,False
851981 9 5 1,85.19,"Appareils d'enregistrement du son; appareils de reproduction du son; appareils d'enregistrement et de reproduction du son: > Autres appareils : > utilisant un support magnétique, optique ou à semi-conducteurs > Autres appareils : > autres : > Duplicateurs de cassettes à usage professionnel.",1,équipements importés n’ayant pas de similaires fabriqués localement,secteurs économiques généraux,False
,EX 851989,autres :,1,équipements importés n’ayant pas de similaires fabriqués localement,secteurs économiques généraux,False
,EX 851989,"autres : > appareils de reproduction du son, n'incorporant pas de dispositifs d'enregistrement du son :",1,équipements importés n’ayant pas de similaires fabriqués localement,secteurs économiques généraux,False
851989 1 9,EX 851989,"appareils d'enregistrement et de reproduction du son: > autres : > appareils de reproduction du son, n'incorporant pas de dispositifs d'enregistrement du son : > autres :",1,équipements importés n’ayant pas de similaires fabriqués localement,secteurs économiques généraux,False
851989 1 9 1,EX 851989,"appareils d'enregistrement et de reproduction du son: > autres : > appareils de reproduction du son, n'incorporant pas de dispositifs d'enregistrement du son : > autres : > à usage industriel ou professionnel",1,équipements importés n’ayant pas de similaires fabriqués localement,secteurs économiques généraux,False
851989 9 0,EX 851989,appareils d'enregistrement et de reproduction du son: > autres : > autres :,1,équipements importés n’ayant pas de similaires fabriqués localement,secteurs économiques généraux,False
851989 9 0 1,EX 851989,appareils d'enregistrement et de reproduction du son: > autres : > autres : > à usage industriel...,1,équipements importés n’ayant pas de similaires fabriqués localement,secteurs économiques généraux,False
,85.23,"Disques, bandes, dispositifs de stockage rémanent des données à base de semi-conducteurs,""cartes intelligentes"" et autres supports pour l'enregistrement du son ou pour enregistrements analogues, mêmes enregistrés, y compris les matrices et moules galvaniques pour la fabrication des disques à l'exclusion des produits du chapitre 37 :",1,équipements importés n’ayant pas de similaires fabriqués localement,secteurs économiques généraux,False
EX 852380,85.23,"Disques, bandes, dispositifs de stockage rémanent des données à base de semi-conducteurs,""cartes intelligentes"" et autres supports pour l'enregistrement du son ou pour enregistrements analogues, mêmes enregistrés, y compris les matrices et moules galvaniques pour la fabrication des disques à l'exclusion des produits du chapitre 37 : > autres :",1,équipements importés n’ayant pas de similaires fabriqués localement,secteurs économiques généraux,False
,85.23,"Disques, bandes, dispositifs de stockage rémanent des données à base de semi-conducteurs,""cartes intelligentes"" et autres supports pour l'enregistrement du son ou pour enregistrements analogues, mêmes enregistrés, y compris les matrices et moules galvaniques pour la fabrication des disques à l'exclusion des produits du chapitre 37 : > autres : > autres :",1,équipements importés n’ayant pas de similaires fabriqués localement,secteurs économiques généraux,False
852380 9 1,85.23,"Disques, bandes, dispositifs de stockage rémanent des données à base de semi-conducteurs,""cartes intelligentes"" et autres supports pour l'enregistrement du son ou pour enregistrements analogues, mêmes enregistrés, y compris les matrices et moules galvaniques pour la fabrication des disques à l'exclusion des produits du chapitre 37 : > autres : > autres : > pour la reproduction des phénomènes autres que le son ou l'image :",1,équipements importés n’ayant pas de similaires fabriqués localement,secteurs économiques généraux,False
852380 9 1 1,85.23,"Disques, bandes, dispositifs de stockage rémanent des données à base de semi-conducteurs,""cartes intelligentes"" et autres supports pour l'enregistrement du son ou pour enregistrements analogues, mêmes enregistrés, y compris les matrices et moules galvaniques pour la fabrication des disques à l'exclusion des produits du chapitre 37 : > autres : > autres : > pour la reproduction des phénomènes autres que le son ou l'image : > comportant des données ou des instructions,du type utilisé dans les machines automatiques de traitement de l'information :",1,équipements importés n’ayant pas de similaires fabriqués localement,secteurs économiques généraux,False
,85.25,"Appareils d'émission pour la radiodiffusion ou la télévision, même incorporant un appareil de réception ou un appareil d'enregistrement ou de reproduction du son ; caméras de télévision, appareils photographiques numériques et caméscopes :",1,équipements importés n’ayant pas de similaires fabriqués localement,secteurs économiques généraux,False
852550 0 0 0,85.25,"Appareils d'émission pour la radiodiffusion ou la télévision, même incorporant un appareil de réception ou un appareil d'enregistrement ou de reproduction du son ; caméras de télévision, appareils photographiques numériques et caméscopes : > Appareils d'émission",1,équipements importés n’ayant pas de similaires fabriqués localement,secteurs économiques généraux,False
852560 0 0 0,85.25,"Appareils d'émission pour la radiodiffusion ou la télévision, même incorporant un appareil de réception ou un appareil d'enregistrement ou de reproduction du son ; caméras de télévision, appareils photographiques numériques et caméscopes : > Appareils d'émission incorporant un appareil de réception",1,équipements importés n’ayant pas de similaires fabriqués localement,secteurs économiques généraux,False
EX 852580,85.25,"Appareils d'émission pour la radiodiffusion ou la télévision, même incorporant un appareil de réception ou un appareil d'enregistrement ou de reproduction du son ; caméras de télévision, appareils photographiques numériques et caméscopes : > Caméras de télévision, appareils photographiques numériques et caméscopes :",1,équipements importés n’ayant pas de similaires fabriqués localement,secteurs économiques généraux,False
,85.25,"Appareils d'émission pour la radiodiffusion ou la télévision, même incorporant un appareil de réception ou un appareil d'enregistrement ou de reproduction du son ; caméras de télévision, appareils photographiques numériques et caméscopes : > Caméras de télévision, appareils photographiques numériques et caméscopes : > caméras de télévision :",1,équipements importés n’ayant pas de similaires fabriqués localement,secteurs économiques généraux,False
,85.25,"Appareils d'émission pour la radiodiffusion ou la télévision, même incorporant un appareil de réception ou un appareil d'enregistrement ou de reproduction du son ; caméras de télévision, appareils photographiques numériques et caméscopes : > Caméras de télévision, appareils photographiques numériques et caméscopes : > caméras de télévision : > autres :",1,équipements importés n’ayant pas de similaires fabriqués localement,secteurs économiques généraux,False
852580 1 9 1,85.25,"Appareils d'émission pour la radiodiffusion ou la télévision, même incorporant un appareil de réception ou un appareil d'enregistrement ou de reproduction du son ; caméras de télévision, appareils photographiques numériques et caméscopes : > Caméras de télévision, appareils photographiques numériques et caméscopes : > caméras de télévision : > autres : > Webcams.",1,équipements importés n’ayant pas de similaires fabriqués localement,secteurs économiques généraux,False
,85.25,"Appareils d'émission pour la radiodiffusion ou la télévision, même incorporant un appareil de réception ou un appareil d'enregistrement ou de reproduction du son ; caméras de télévision, appareils photographiques numériques et caméscopes : > Caméras de télévision, appareils photographiques numériques et caméscopes : > caméscopes :",1,équipements importés n’ayant pas de similaires fabriqués localement,secteurs économiques généraux,False
,85.25,"Appareils d'émission pour la radiodiffusion ou la télévision, même incorporant un appareil de réception ou un appareil d'enregistrement ou de reproduction du son ; caméras de télévision, appareils photographiques numériques et caméscopes : > Caméras de télévision, appareils photographiques numériques et caméscopes : > caméscopes : > autres :",1,équipements importés n’ayant pas de similaires fabriqués localement,secteurs économiques généraux,False
852580 9 9 1,85.25,"Appareils d'émission pour la radiodiffusion ou la télévision, même incorporant un appareil de réception ou un appareil d'enregistrement ou de reproduction du son ; caméras de télévision, appareils photographiques numériques et caméscopes : > Caméras de télévision, appareils photographiques numériques et caméscopes : > caméscopes : > autres : > Webcams équipés d'un dispositif d'enregistrement",1,équipements importés n’ayant pas de similaires fabriqués localement,secteurs économiques généraux,False
,85.25,"Appareils d'émission pour la radiodiffusion ou la télévision, même incorporant un appareil de réception ou un appareil d'enregistrement ou de reproduction du son ; caméras de télévision, appareils photographiques numériques et caméscopes : > Caméras de télévision, appareils photographiques numériques et caméscopes : > caméscopes : > autres : > Webcams équipés d'un dispositif d'enregistrement > Caméras de surveillance des voies de péage sur autoroutes",1,équipements importés n’ayant pas de similaires fabriqués localement,secteurs économiques généraux,False
,85.25,"Appareils d'émission pour la radiodiffusion ou la télévision, même incorporant un appareil de réception ou un appareil d'enregistrement ou de reproduction du son ; caméras de télévision, appareils photographiques numériques et caméscopes : > Caméras de télévision, appareils photographiques numériques et caméscopes : > caméscopes : > autres : > Webcams équipés d'un dispositif d'enregistrement > Commande de caméra mécanisme ""Pan et tilt"" pour caméras de surveillance sur station de péages sur les autoroutes",1,équipements importés n’ayant pas de similaires fabriqués localement,secteurs économiques généraux,False
,85.25,"Appareils d'émission pour la radiodiffusion ou la télévision, même incorporant un appareil de réception ou un appareil d'enregistrement ou de reproduction du son ; caméras de télévision, appareils photographiques numériques et caméscopes : > Caméras de télévision, appareils photographiques numériques et caméscopes : > caméscopes : > autres : > Webcams équipés d'un dispositif d'enregistrement > Ensemble caméra pour contrôle de péage sur les autoroutes",1,équipements importés n’ayant pas de similaires fabriqués localement,secteurs économiques généraux,False
,85.25,"Appareils d'émission pour la radiodiffusion ou la télévision, même incorporant un appareil de réception ou un appareil d'enregistrement ou de reproduction du son ; caméras de télévision, appareils photographiques numériques et caméscopes : > Caméras de télévision, appareils photographiques numériques et caméscopes : > caméscopes : > autres : > Webcams équipés d'un dispositif d'enregistrement > Caméra extérieure pour contrôle de péage sur les autoroutes",1,équipements importés n’ayant pas de similaires fabriqués localement,secteurs économiques généraux,False
,85.25,"Appareils d'émission pour la radiodiffusion ou la télévision, même incorporant un appareil de réception ou un appareil d'enregistrement ou de reproduction du son ; caméras de télévision, appareils photographiques numériques et caméscopes : > Caméras de télévision, appareils photographiques numériques et caméscopes : > caméscopes : > autres : > Webcams équipés d'un dispositif d'enregistrement > Caméra intérieure pour contrôle de péage sur les autoroutes",1,équipements importés n’ayant pas de similaires fabriqués localement,secteurs économiques généraux,False
,85.28,"Moniteurs et projecteurs, n'incorporant pas d'appareils de réception de télévision ; appareils récepteurs de télévision, même incorporant un appareil récepteur de radiodiffusion ou un appareil d'enregistrement ou de reproduction du son ou des images :",1,équipements importés n’ayant pas de similaires fabriqués localement,secteurs économiques généraux,False
,85.28,"Moniteurs et projecteurs, n'incorporant pas d'appareils de réception de télévision ; appareils récepteurs de télévision, même incorporant un appareil récepteur de radiodiffusion ou un appareil d'enregistrement ou de reproduction du son ou des images : > Moniteurs à tube cathodique",1,équipements importés n’ayant pas de similaires fabriqués localement,secteurs économiques généraux,False
852841 0 0 0,85.28,"Moniteurs et projecteurs, n'incorporant pas d'appareils de réception de télévision ; appareils récepteurs de télé- vision, même incorporant un appareil récepteur de radio- diffusion ou un appareil d'enregistrement ou de reproduction du son ou des images : > Moniteurs à tube cathodique > des types exclusivement ou principalement destinés à une machine automatique de traitement de l'information du n° 8471",1,équipements importés n’ayant pas de similaires fabriqués localement,secteurs économiques généraux,False
,85.28,"Moniteurs et projecteurs, n'incorporant pas d'appareils de réception de télévision ; appareils récepteurs de télévision, même incorporant un appareil récepteur de radiodiffusion ou un appareil d'enregistrement ou de reproduction du son ou des images : > autres moniteurs :",1,équipements importés n’ayant pas de similaires fabriqués localement,secteurs économiques généraux,False
852851 0 0 0,85.28,"Moniteurs et projecteurs, n'incorporant pas d'appareils de réception de télévision ; appareils récepteurs de télé- vision, même incorporant un appareil récepteur de radio- diffusion ou un appareil d'enregistrement ou de reproduction du son ou des images : > autres moniteurs : > des types exclusivement ou principalement destinés à une machine automatique de traitement de l'information du n° 8471",1,équipements importés n’ayant pas de similaires fabriqués localement,secteurs économiques généraux,False
,85.28,"Moniteurs et projecteurs, n'incorporant pas d'appareils de réception de télévision ; appareils récepteurs de télévision, même incorporant un appareil récepteur de radiodiffusion ou un appareil d'enregistrement ou de reproduction du son ou des images : > Projecteurs :",1,équipements importés n’ayant pas de similaires fabriqués localement,secteurs économiques généraux,False
852861 0 0 0,85.28,"Moniteurs et projecteurs, n'incorporant pas d'appareils de réception de télévision ; appareils récepteurs de télé- vision, même incorporant un appareil récepteur de radio- diffusion ou un appareil d'enregistrement ou de reproduction du son ou des images : > Projecteurs : > des types exclusivement ou principalement destinés à une machine automatique de traitement de l'information du n° 8471",1,équipements importés n’ayant pas de similaires fabriqués localement,secteurs économiques généraux,False
,85.28,"Moniteurs et projecteurs, n'incorporant pas d'appareils de réception de télévision ; appareils récepteurs de télévision, même incorporant un appareil récepteur de radiodiffusion ou un appareil d'enregistrement ou de reproduction du son ou des images : > Projecteurs : > autres :",1,équipements importés n’ayant pas de similaires fabriqués localement,secteurs économiques généraux,False
,85.28,"Moniteurs et projecteurs, n'incorporant pas d'appareils de réception de télévision ; appareils récepteurs de télévision, même incorporant un appareil récepteur de radiodiffusion ou un appareil d'enregistrement ou de reproduction du son ou des images : > Projecteurs : > autres : > autres :",1,équipements importés n’ayant pas de similaires fabriqués localement,secteurs économiques généraux,False
EX 852869,85.28,"Moniteurs et projecteurs, n'incorporant pas d'appareils de réception de télévision ; appareils récepteurs de télé- vision, même incorporant un appareil récepteur de radio- diffusion ou un appareil d'enregistrement ou de reproduction du son ou des images : > Projecteurs : > autres : > autres : > en couleurs",1,équipements importés n’ayant pas de similaires fabriqués localement,secteurs économiques généraux,False
,85.29,Parties reconnaissables comme étant exclusivement ou principalement destinées aux appareils des n°s 85.25 à 85.28 :,1,équipements importés n’ayant pas de similaires fabriqués localement,secteurs économiques généraux,False
,85.29,Parties reconnaissables comme étant exclusivement ou principalement destinées aux appareils des n°s 85.25 à 85.28 : > Antennes et réflecteurs d'antennes de tous types ; parties reconnaissables comme étant utilisées conjointement avec ces articles :,1,équipements importés n’ayant pas de similaires fabriqués localement,secteurs économiques généraux,False
,85.29,Parties reconnaissables comme étant exclusivement ou principalement destinées aux appareils des n°s 85.25 à 85.28 : > Antennes et réflecteurs d'antennes de tous types ; parties reconnaissables comme étant utilisées conjointement avec ces articles : > Antennes :,1,équipements importés n’ayant pas de similaires fabriqués localement,secteurs économiques généraux,False
,85.29,Parties reconnaissables comme étant exclusivement ou principalement destinées aux appareils des n°s 85.25 à 85.28 : > Antennes et réflecteurs d'antennes de tous types ; parties reconnaissables comme étant utilisées conjointement avec ces articles : > Antennes : > Antennes d'extérieur pour récepteurs de radiodiffusion et de télévision :,1,équipements importés n’ayant pas de similaires fabriqués localement,secteurs économiques généraux,False
,85.29,Parties reconnaissables comme étant exclusivement ou principalement destinées aux appareils des n°s 85.25 à 85.28 : > Antennes et réflecteurs d'antennes de tous types ; parties reconnaissables comme étant utilisées conjointement avec ces articles : > Antennes : > Antennes d'extérieur pour récepteurs de radiodiffusion et de télévision : > autres :,1,équipements importés n’ayant pas de similaires fabriqués localement,secteurs économiques généraux,False
EX 852910,85.29,Parties reconnaissables comme étant exclusivement ou principalement destinées aux appareils des n°s 85.25 à85.28 : > Antennes et réflecteurs d'antennes de tous types ; parties reconnaissables comme étant utilisées conjointement avec ces articles : > Antennes : > Antennes d'extérieur pour récepteurs de radiodiffusion et de télévision : > autres : > pour récepteurs de radiodiffusion,1,équipements importés n’ayant pas de similaires fabriqués localement,secteurs économiques généraux,False
,85.33,Résistances électriques non chauffantes (y compris les rhéostats et les potentiomètres) :,1,équipements importés n’ayant pas de similaires fabriqués localement,secteurs économiques généraux,False
,85.33,Résistances électriques non chauffantes (y compris les rhéostats et les potentiomètres) : > Résistances variables (y compris les rhéostats et les potentiomètres) bobinées :,1,équipements importés n’ayant pas de similaires fabriqués localement,secteurs économiques généraux,False
853339 0 0 0,85.33,Résistances électriques non chauffantes (y compris les rhéostats et les potentiomètres) : > Résistances variables (y compris les rhéostats et les potentiomètres) bobinées : > Autres.,1,équipements importés n’ayant pas de similaires fabriqués localement,secteurs économiques généraux,False
853340,85.33,Résistances électriques non chauffantes (y compris les rhéostats et les potentiomètres) : > Autres résistances variables (y compris les rhéostats et les potentiomètres) :,1,équipements importés n’ayant pas de similaires fabriqués localement,secteurs économiques généraux,False
853340 1 0 0,85.33,Résistances électriques non chauffantes (y compris les rhéostats et les potentiomètres) : > Autres résistances variables (y compris les rhéostats et les potentiomètres) : > pour une puissance n'excédant pas 20 W,1,équipements importés n’ayant pas de similaires fabriqués localement,secteurs économiques généraux,False
853340 9 0 0,85.33,Résistances électriques non chauffantes (y compris les rhéostats et les potentiomètres) : > Autres résistances variables (y compris les rhéostats et les potentiomètres) : > Autres,1,équipements importés n’ayant pas de similaires fabriqués localement,secteurs économiques généraux,False
,85.35,"Appareillage pour la coupure, le sectionnement, la protection, le branchement,le raccordement ou la connexion des circuits électriques (interrupteurs, commutateurs, coupe-circuits,parafoudres,limiteurs de tension,étaleurs d'ondes, prises de courant et autres connecteurs, boîtes de jonction, par exemple), pour une tension excédant 1000 volt :",1,équipements importés n’ayant pas de similaires fabriqués localement,secteurs économiques généraux,False
,85.35,"Appareillage pour la coupure, le sectionnement, la protection, le branchement,le raccordement ou la connexion des circuits électriques (interrupteurs, commutateurs, coupe-circuits,parafoudres,limiteurs de tension,étaleurs d'ondes, prises de courant et autres connecteurs, boîtes de jonction, par exemple), pour une tension excédant 1000 volt : > Disjoncteurs :",1,équipements importés n’ayant pas de similaires fabriqués localement,secteurs économiques généraux,False
EX 853521 0 0,85.35,"Appareillage pour la coupure, le sectionnement, la protection, le branchement,le raccordement ou la connexion des circuits électriques (interrupteurs, commutateurs, coupe-circuits,parafoudres,limiteurs de tension,étaleurs d'ondes, prises de courant et autres connecteurs, boîtes de jonction, par exemple), pour une tension excédant 1000 volt : > Disjoncteurs : > Pour une tension inférieure à 72,5 KV:",1,équipements importés n’ayant pas de similaires fabriqués localement,secteurs économiques généraux,False
853521 0 0 1,85.35,"Appareillage pour la coupure, le sectionnement, la protection, le branchement,le raccordement ou la connexion des circuits électriques (interrupteurs, commutateurs, coupe-circuits,parafoudres,limiteurs de tension,étaleurs d'ondes, prises de courant et autres connecteurs, boîtes de jonction, par exemple), pour une tension excédant 1000 volt : > Disjoncteurs : > Pour une tension inférieure à 72,5 KV: > Disjoncteur réenclencheur pour les grandes centralesélectriques",1,équipements importés n’ayant pas de similaires fabriqués localement,secteurs économiques généraux,False
EX 853529 0 0,85.35,"Appareillage pour la coupure, le sectionnement, la protection, le branchement,le raccordement ou la connexion des circuits électriques (interrupteurs, commutateurs, coupe-circuits,parafoudres,limiteurs de tension,étaleurs d'ondes, prises de courant et autres connecteurs, boîtes de jonction, par exemple), pour une tension excédant 1000 volt : > Disjoncteurs : > Autres :",1,équipements importés n’ayant pas de similaires fabriqués localement,secteurs économiques généraux,False
853529 0 0 1,85.35,"Appareillage pour la coupure, le sectionnement, la protection, le branchement,le raccordement ou la connexion des circuits électriques (interrupteurs, commutateurs, coupe-circuits,parafoudres,limiteurs de tension,étaleurs d'ondes, prises de courant et autres connecteurs, boîtes de jonction, par exemple), pour une tension excédant 1000 volt : > Disjoncteurs : > Autres : > Disjoncteur réenclencheur pour les grandes centrales électriques",1,équipements importés n’ayant pas de similaires fabriqués localement,secteurs économiques généraux,False
EX 853530,85.35,"Appareillage pour la coupure, le sectionnement, la protection, le branchement,le raccordement ou la connexion des circuits électriques (interrupteurs, commutateurs, coupe-circuits,parafoudres,limiteurs de tension,étaleurs d'ondes, prises de courant et autres connecteurs, boîtes de jonction, par exemple), pour une tension excédant 1000 volt : > Sectionneurs et interrupteurs :",1,équipements importés n’ayant pas de similaires fabriqués localement,secteurs économiques généraux,False
,85.35,"Appareillage pour la coupure, le sectionnement, la protection, le branchement,le raccordement ou la connexion des circuits électriques (interrupteurs, commutateurs, coupe-circuits,parafoudres,limiteurs de tension,étaleurs d'ondes, prises de courant et autres connecteurs, boîtes de jonction, par exemple), pour une tension excédant 1000 volt : > Sectionneurs et interrupteurs : > pour une tension inférieure à 72,5 kV :",1,équipements importés n’ayant pas de similaires fabriqués localement,secteurs économiques généraux,False
853530 1 0 1,85.35,"Appareillage pour la coupure, le sectionnement, la protection, le branchement,le raccordement ou la connexion des circuits électriques (interrupteurs, commutateurs, coupe-circuits,parafoudres,limiteurs de tension,étaleurs d'ondes, prises de courant et autres connecteurs, boîtes de jonction, par exemple), pour une tension excédant 1000 volt : > Sectionneurs et interrupteurs : > pour une tension inférieure à 72,5 kV : > Sectionneurs",1,équipements importés n’ayant pas de similaires fabriqués localement,secteurs économiques généraux,False
,85.35,"Appareillage pour la coupure, le sectionnement, la protection, le branchement,le raccordement ou la connexion des circuits électriques (interrupteurs, commutateurs, coupe-circuits,parafoudres,limiteurs de tension,étaleurs d'ondes, prises de courant et autres connecteurs, boîtes de jonction, par exemple), pour une tension excédant 1000 volt : > Sectionneurs et interrupteurs : > autres :",1,équipements importés n’ayant pas de similaires fabriqués localement,secteurs économiques généraux,False
853530 9 0 1,85.35,"Appareillage pour la coupure, le sectionnement, la protection, le branchement,le raccordement ou la connexion des circuits électriques (interrupteurs, commutateurs, coupe-circuits,parafoudres,limiteurs de tension,étaleurs d'ondes, prises de courant et autres connecteurs, boîtes de jonction, par exemple), pour une tension excédant 1000 volt : > Sectionneurs et interrupteurs : > autres : > Sectionneurs",1,équipements importés n’ayant pas de similaires fabriqués localement,secteurs économiques généraux,False
EX 853540 0 0,85.35,"Appareillage pour la coupure, le sectionnement, la protection, le branchement,le raccordement ou la connexion des circuits électriques (interrupteurs, commutateurs, coupe-circuits,parafoudres,limiteurs de tension,étaleurs d'ondes, prises de courant et autres connecteurs, boîtes de jonction, par exemple), pour une tension excédant 1000 volt : > Parafoudres, limiteurs de tension et étaleurs d'ondes :",1,équipements importés n’ayant pas de similaires fabriqués localement,secteurs économiques généraux,False
853540 0 0 1,85.35,"Appareillage pour la coupure, le sectionnement, la protection, le branchement,le raccordement ou la connexion des circuits électriques (interrupteurs, commutateurs, coupe-circuits,parafoudres,limiteurs de tension,étaleurs d'ondes, prises de courant et autres connecteurs, boîtes de jonction, par exemple), pour une tension excédant 1000 volt : > Parafoudres, limiteurs de tension et étaleurs d'ondes : > Parafoudres.",1,équipements importés n’ayant pas de similaires fabriqués localement,secteurs économiques généraux,False
,85.36,"Appareillage pour la coupure, le sectionnement, la protection, le branchement, le raccordement ou la connexion des circuits électriques (interrupteurs, commutateurs, relais, coupe-circuits, étaleurs d'ondes, fiches et prises de courant,douilles pour lampes et autres connecteurs, boîtes de jonction, par exemple), pour une tension n'excédant pas 1000 V; connecteurs pour fibres optiques, faisceaux ou câbles de fibres optiques :",1,équipements importés n’ayant pas de similaires fabriqués localement,secteurs économiques généraux,False
853650,85.36,"Appareillage pour la coupure, le sectionnement, la pro- tection, le branchement, le raccordement ou la conne- xion des circuits électriques (interrupteurs, commuta- teurs, relais, coupe-circuits, étaleurs d'ondes, fiches et prises de courant,douilles pour lampes et autres connecteurs, boîtes de jonction, par exemple), pour une tension n'excédant pas 1000 V; connecteurs pour fibres optiques, faisceaux ou câbles de fibres optiques : > Autres interrupteurs, sectionneurs et commutateurs :",1,équipements importés n’ayant pas de similaires fabriqués localement,secteurs économiques généraux,False
,85.35,"Appareillage pour la coupure, le sectionnement, la protection, le branchement,le raccordement ou la connexion des circuits électriques (interrupteurs, commutateurs, coupe-circuits,parafoudres,limiteurs de tension,étaleurs d'ondes, prises de courant et autres connecteurs, boîtes de jonction, par exemple), pour une tension excédant 1000 volt : > Autres interrupteurs, sectionneurs et commutateurs : > autres :",1,équipements importés n’ayant pas de similaires fabriqués localement,secteurs économiques généraux,False
,85.35,"Appareillage pour la coupure, le sectionnement, la protection, le branchement,le raccordement ou la connexion des circuits électriques (interrupteurs, commutateurs, coupe-circuits,parafoudres,limiteurs de tension,étaleurs d'ondes, prises de courant et autres connecteurs, boîtes de jonction, par exemple), pour une tension excédant 1000 volt : > Autres interrupteurs, sectionneurs et commutateurs : > autres : > autres :",1,équipements importés n’ayant pas de similaires fabriqués localement,secteurs économiques généraux,False
,85.35,"Appareillage pour la coupure, le sectionnement, la protection, le branchement,le raccordement ou la connexion des circuits électriques (interrupteurs, commutateurs, coupe-circuits,parafoudres,limiteurs de tension,étaleurs d'ondes, prises de courant et autres connecteurs, boîtes de jonction, par exemple), pour une tension excédant 1000 volt : > Autres interrupteurs, sectionneurs et commutateurs : > autres : > autres : > autres :",1,équipements importés n’ayant pas de similaires fabriqués localement,secteurs économiques généraux,False
853650 8 0 9,85.36,"Appareillage pour la coupure, le sectionnement, la pro- tection, le branchement, le raccordement ou la conne- xion des circuits électriques (interrupteurs, commuta- teurs, relais, coupe-circuits, étaleurs d'ondes, fiches et prises de courant,douilles pour lampes et autres connecteurs, boîtes de jonction, par exemple), pour une tension n'excédant pas 1000 V; connecteurs pour fibres optiques, faisceaux ou câbles de fibres optiques : > Autres interrupteurs, sectionneurs et commutateurs : > autres : > autres : > autres : > Détecteur d'ouverture de portes des bâtiments de surveillance dans les stations de péage sur les autoroutes",1,équipements importés n’ayant pas de similaires fabriqués localement,secteurs économiques généraux,False
,85.37,"Tableaux, panneaux, consoles, pupitres, armoires et autres supports comportant plusieurs appareils des n°s 85.35 ou 85.36, pour la commande ou la distribution électrique, y compris ceux incorporant des instruments ou appareils du Chapitre 90 ainsi que les appareils de commande numérique, autres que les appareils de commutation du n° 85.17 :",1,équipements importés n’ayant pas de similaires fabriqués localement,secteurs économiques généraux,False
EX 853710,85.37,"Tableaux, panneaux, consoles, pupitres, armoires et autres supports comportant plusieurs appareils des n°s 85.35 ou 85.36, pour la commande ou la distribution électrique, y compris ceux incorporant des instruments ou appareils du Chapitre 90 ainsi que les appareils de commande numérique, autres que les appareils de commutation du n° 85.17 : > Pour une tension n'excédant pas 1000 V :",1,équipements importés n’ayant pas de similaires fabriqués localement,secteurs économiques généraux,False
853710 1 0 0,85.37,"Tableaux, panneaux, consoles, pupitres, armoires et autres supports comportant plusieurs appareils des n°s 85.35 ou 85.36, pour la commande ou la distribution électrique, y compris ceux incorporant des instruments ou appareils du Chapitre 90 ainsi que les appareils de commande numérique, autres que les appareils de commutation du n° 85.17 : > Pour une tension n'excédant pas 1000 V : > Armoires de commande numérique incorporant une machine automatique de traitement de l'information",1,équipements importés n’ayant pas de similaires fabriqués localement,secteurs économiques généraux,False
,85.37,"Tableaux, panneaux, consoles, pupitres, armoires et autres supports comportant plusieurs appareils des n°s 85.35 ou 85.36, pour la commande ou la distribution électrique, y compris ceux incorporant des instruments ou appareils du Chapitre 90 ainsi que les appareils de commande numérique, autres que les appareils de commutation du n° 85.17 : > Pour une tension n'excédant pas 1000 V : > Armoires de commande numérique incorporant une machine automatique de traitement de l'information > Armoires programmable pour le contrôle et la commande d'une ligne de production de pneus",1,équipements importés n’ayant pas de similaires fabriqués localement,secteurs économiques généraux,False
,85.43,"Machines et appareils électriques ayant une fonction propre, non dénommés ni compris ailleurs dans le présent Chapitre :",1,équipements importés n’ayant pas de similaires fabriqués localement,secteurs économiques généraux,False
854310 0 0 0,85.43,"Machines et appareils électriques ayant une fonction propre, non dénommés ni compris ailleurs dans le présent Chapitre : > Accélérateurs de particules",1,équipements importés n’ayant pas de similaires fabriqués localement,secteurs économiques généraux,False
854330 0 0 0,85.43,"Machines et appareils électriques ayant une fonction propre, non dénommés ni compris ailleurs dans le présent Chapitre : > Machines et appareils de galvanoplastie, électrolyse ou électrophorèse.",1,équipements importés n’ayant pas de similaires fabriqués localement,secteurs économiques généraux,False
EX 854370,85.43,"Machines et appareils électriques ayant une fonction propre, non dénommés ni compris ailleurs dans le présent Chapitre : > Autres machines et appareils :",1,équipements importés n’ayant pas de similaires fabriqués localement,secteurs économiques généraux,False
854370 9 0 0,85.43,"Machines et appareils électriques ayant une fonction propre, non dénommés ni compris ailleurs dans le présent Chapitre : > Autres machines et appareils : > autres:",1,équipements importés n’ayant pas de similaires fabriqués localement,secteurs économiques généraux,False
,85.43,"Machines et appareils électriques ayant une fonction propre, non dénommés ni compris ailleurs dans le présent Chapitre : > Autres machines et appareils : > autres: > Détecteur de métaux ou de réseaux et ses accessoires pour acquisition et archivage de données",1,équipements importés n’ayant pas de similaires fabriqués localement,secteurs économiques généraux,False
,86.01,"Locomotives et locotracteurs,à source extérieure d'électricité ou à accumulateurs électriques :",1,équipements importés n’ayant pas de similaires fabriqués localement,secteurs économiques généraux,False
,86.02,Autres locomotives et locotracteurs ; tenders :,1,équipements importés n’ayant pas de similaires fabriqués localement,secteurs économiques généraux,False
,86.03,"Automotrices et autorails, autres que ceux du n° 86.04:",1,équipements importés n’ayant pas de similaires fabriqués localement,secteurs économiques généraux,False
,86.04,"Véhicules pour l'entretien ou le service des voies ferrées ou similaires, même autopropulsés (wagons-ateliers, wagons-grues, wagons équipés de bourreuses à ballast, aligneuses pour voies, voitures d'essais et draisines, par exemple)",1,équipements importés n’ayant pas de similaires fabriqués localement,secteurs économiques généraux,False
,86.05,"Voitures à voyageurs, fourgons à bagages, voitures postales et autres voitures spéciales, pour voies ferrées ou similaires (à l'exclusion des voitures du n° 86.04)",1,équipements importés n’ayant pas de similaires fabriqués localement,secteurs économiques généraux,False
,86.06,Wagons pour le transport sur rail de marchandises :,1,équipements importés n’ayant pas de similaires fabriqués localement,secteurs économiques généraux,False
,86.06,Wagons pour le transport sur rail de marchandises : > Autres :,1,équipements importés n’ayant pas de similaires fabriqués localement,secteurs économiques généraux,False
,86.06,Wagons pour le transport sur rail de marchandises : > Autres : > Couverts et fermés :,1,équipements importés n’ayant pas de similaires fabriqués localement,secteurs économiques généraux,False
,86.06,Wagons pour le transport sur rail de marchandises : > Autres : > Couverts et fermés : > autres :,1,équipements importés n’ayant pas de similaires fabriqués localement,secteurs économiques généraux,False
860691,86.06,Wagons pour le transport sur rail de marchandises : > Autres : > Couverts et fermés : > autres : > wagons céréaliers..,1,équipements importés n’ayant pas de similaires fabriqués localement,secteurs économiques généraux,False
860800,86.08,"Matériel fixe de voies ferrées ou similaires ; appareils mécaniques (y compris électromécaniques) de signalisation, de sécurité,de contrôle ou de commande pour voies ferrées ou similaires,routières ou fluviales, aires ou parcs de stationnement, installations portuaires ou aérodromes; leurs parties :",1,équipements importés n’ayant pas de similaires fabriqués localement,secteurs économiques généraux,False
860800 0 0 2,86.08,"Matériel fixe de voies ferrées ou similaires ; appareils mécaniques (y compris électromécaniques) de signalisation, de sécurité,de contrôle ou de commande pour voies ferrées ou similaires,routières ou fluviales, aires ou parcs de stationnement, installations portuaires ou aérodromes; leurs parties : > Autres (autres que les barrières électriques du n° 860800001)",1,équipements importés n’ayant pas de similaires fabriqués localement,secteurs économiques généraux,False
,87.01,Tracteurs (à l'exclusion des chariots-tracteurs du n° 87.09) :,1,équipements importés n’ayant pas de similaires fabriqués localement,secteurs économiques généraux,False
,87.01,Tracteurs (à l'exclusion des chariots-tracteurs du n° 87.09) : > Tracteurs routiers pour semi-remorques :,1,équipements importés n’ayant pas de similaires fabriqués localement,secteurs économiques généraux,False
,87.01,Tracteurs (à l'exclusion des chariots-tracteurs du n° 87.09) : > Tracteurs routiers pour semi-remorques : > neufs :,1,équipements importés n’ayant pas de similaires fabriqués localement,secteurs économiques généraux,False
,87.01,"Tracteurs (à l'exclusion des chariots-tracteurs du n° 87.09) : > Tracteurs routiers pour semi-remorques : > neufs : > Ro-Ro trucks ou têtes de remorques et tracteurs, des types utilisés dans les enceintes portuaires",1,équipements importés n’ayant pas de similaires fabriqués localement,secteurs économiques généraux,False
870120,87.01,"Tracteurs (à l'exclusion des chariots-tracteurs du n° 87.09) : > Tracteurs routiers pour semi-remorques : > neufs : > Ro-Ro trucks ou têtes de remorques et tracteurs, des types utilisés dans les enceintes portuaires > Tracteur routier 8x8 d'une puissance fiscale de 540 CV et capable de tracter ou de pousser une charge dépassant 100 tonnes.",1,équipements importés n’ayant pas de similaires fabriqués localement,secteurs économiques généraux,False
,87.04,Véhicules automobiles pour le transport de marchandises :,1,équipements importés n’ayant pas de similaires fabriqués localement,secteurs économiques généraux,False
,87.04,Véhicules automobiles pour le transport de marchandises : > Tombereaux automoteurs conçus pour être utilisés en dehors du réseau routier :,1,équipements importés n’ayant pas de similaires fabriqués localement,secteurs économiques généraux,False
,87.04,Véhicules automobiles pour le transport de marchandises : > Tombereaux automoteurs conçus pour être utilisés en dehors du réseau routier : > à moteur à piston à allumage par compression (diesel ou semi-diesel) ou par étincelles :,1,équipements importés n’ayant pas de similaires fabriqués localement,secteurs économiques généraux,False
EX 870410,87.04,"Véhicules automobiles pour le transport de marchandises : > Tombereaux automoteurs conçus pour être utilisés en dehors du réseau routier : > à moteur à piston à allumage par compression (diesel ou semi-diesel) ou par étincelles : > D'une capacité excédant 2 m3, y compris les dumpers.",1,équipements importés n’ayant pas de similaires fabriqués localement,secteurs économiques généraux,False
,87.04,Véhicules automobiles pour le transport de marchandises : > Tombereaux automoteurs conçus pour être utilisés en dehors du réseau routier : > autres :,1,équipements importés n’ayant pas de similaires fabriqués localement,secteurs économiques généraux,False
870410 9 0 9,87.04,"Véhicules automobiles pour le transport de marchandises : > Tombereaux automoteurs conçus pour être utilisés en dehors du réseau routier : > autres : > D'une capacité excédant 2 m3, y compris les dumpers",1,équipements importés n’ayant pas de similaires fabriqués localement,secteurs économiques généraux,False
,87.04,Véhicules automobiles pour le transport de marchandises : > Tombereaux automoteurs conçus pour être utilisés en dehors du réseau routier : > D'un poids en charge maximal excédant 5 tonnes mais n'excédant pas 20 tonnes :,1,équipements importés n’ayant pas de similaires fabriqués localement,secteurs économiques généraux,False
EX 870422,87.04,Véhicules automobiles pour le transport de marchandises : > Tombereaux automoteurs conçus pour être utilisés en dehors du réseau routier : > D'un poids en charge maximal excédant 5 tonnes mais n'excédant pas 20 tonnes : > Camions munis d'une citerne inamovible pour le transport des gaz liquides.,1,équipements importés n’ayant pas de similaires fabriqués localement,secteurs économiques généraux,False
,87.05,"Véhicules automobiles à usages spéciaux,autres que ceux principalement conçus pour le transport de personnes ou de marchandises (dépanneuses, camions grues, voitures de lutte contre l'incendie, camions-bétonnières, voitures balayeuses,voitures épandeuses, voitures-ateliers, voitures radiologiques, par exemple) :",1,équipements importés n’ayant pas de similaires fabriqués localement,secteurs économiques généraux,False
,87.06,"Châssis des véhicules automobiles des n°s 87.01 à 87.05, équipés de leur moteur :",1,équipements importés n’ayant pas de similaires fabriqués localement,secteurs économiques généraux,False
,87.06,"Châssis des véhicules automobiles des n°s 87.01 à 87.05, équipés de leur moteur : > Châssis des tracteurs du n° 87.01 ; châssis des véhicules automobiles des n°s 87.02, 87.03 ou 87.04 avec moteur à piston à allumage par compression (diesel ou semi-diesel), d'une cylindrée excédant 2500 cm3 ou avec moteur à piston à allumage par étincelles d'une cylindrée excédant 2800 cm3 :",1,équipements importés n’ayant pas de similaires fabriqués localement,secteurs économiques généraux,False
,87.06,"Châssis des véhicules automobiles des n°s 87.01 à 87.05, équipés de leur moteur : > Châssis des tracteurs du n° 87.01 ; châssis des véhicules automobiles des n°s 87.02, 87.03 ou 87.04 avec moteur à piston à allumage par compression (diesel ou semi-diesel), d'une cylindrée excédant 2500 cm3 ou avec moteur à piston à allumage par étincelles d'une cylindrée excédant 2800 cm3 : > de véhicules automobiles du n° 87.02 ou de véhicules automobiles du n° 87.04 :",1,équipements importés n’ayant pas de similaires fabriqués localement,secteurs économiques généraux,False
EX 870600 1 1 0,87.06,"Châssis des véhicules automobiles des n°s 87.01 à 87.05, équipés de leur moteur : > Châssis des tracteurs du n° 87.01 ; châssis des véhicules automobiles des n°s 87.02, 87.03 ou 87.04 avec moteur à piston à allumage par compression (diesel ou semi-diesel), d'une cylindrée excédant 2500 cm3 ou avec moteur à piston à allumage par étincelles d'une cylindrée excédant 2800 cm3 : > de véhicules automobiles du n° 87.02 ou de véhicules automobiles du n° 87.04 : > Châssis des véhicules automobiles du n° 87.02 avec moteur à piston à allumage par compression (diesel ou semi-diesel), d'une cylindrée excédant 2500 cm3 ou avec moteur à piston à allumage par étincelles d'une cylindrée excédant 2800 cm3*.",1,équipements importés n’ayant pas de similaires fabriqués localement,secteurs économiques généraux,False
,87.09,"Chariots automobiles non munis d'un dispositif de levage, des types utilisés dans les usines, les entrepôts, les ports ou les aéroports pour le transport des marchandises sur de courtes distances ; chariots-tracteurs des types utilisés dans les gares ; leurs parties :",1,équipements importés n’ayant pas de similaires fabriqués localement,secteurs économiques généraux,False
,87.09,"Chariots automobiles non munis d'un dispositif de levage, des types utilisés dans les usines, les entrepôts, les ports ou les aéroports pour le transport des marchandises sur de courtes distances ; chariots-tracteurs des types utilisés dans les gares ; leurs parties : > Chariots :",1,équipements importés n’ayant pas de similaires fabriqués localement,secteurs économiques généraux,False
870911,87.09,"Chariots automobiles non munis d'un dispositif de levage, des types utilisés dans les usines, les entrepôts, les ports ou les aéroports pour le transport des marchandises sur de courtes distances ; chariots- tracteurs des types utilisés dans les gares ; leurs parties : > Chariots : > Electriques :",1,équipements importés n’ayant pas de similaires fabriqués localement,secteurs économiques généraux,False
870911 1 0 0,87.09,"Chariots automobiles non munis d'un dispositif de levage, des types utilisés dans les usines, les entrepôts, les ports ou les aéroports pour le transport des marchandises sur de courtes distances ; chariots- tracteurs des types utilisés dans les gares ; leurs parties : > Chariots : > Electriques : > spécialement conçus pour le transport des produits à forte radioactivité (Euratom)",1,équipements importés n’ayant pas de similaires fabriqués localement,secteurs économiques généraux,False
870911 9 0 0,87.09,"Chariots automobiles non munis d'un dispositif de levage, des types utilisés dans les usines, les entrepôts, les ports ou les aéroports pour le transport des marchandises sur de courtes distances ; chariots- tracteurs des types utilisés dans les gares ; leurs parties : > Chariots : > Electriques : > Autres.",1,équipements importés n’ayant pas de similaires fabriqués localement,secteurs économiques généraux,False
EX 870919,87.09,"Chariots automobiles non munis d'un dispositif de levage, des types utilisés dans les usines, les entrepôts, les ports ou les aéroports pour le transport des marchandises sur de courtes distances ; chariots- tracteurs des types utilisés dans les gares ; leurs parties : > Chariots : > Autres :",1,équipements importés n’ayant pas de similaires fabriqués localement,secteurs économiques généraux,False
,87.09,"Chariots automobiles non munis d'un dispositif de levage, des types utilisés dans les usines, les entrepôts, les ports ou les aéroports pour le transport des marchandises sur de courtes distances ; chariots-tracteurs des types utilisés dans les gares ; leurs parties : > Chariots : > Autres : > autres :",1,équipements importés n’ayant pas de similaires fabriqués localement,secteurs économiques généraux,False
870919 9 0 1,87.09,"Chariots automobiles non munis d'un dispositif de levage, des types utilisés dans les usines, les entrepôts, les ports ou les aéroports pour le transport des marchandises sur de courtes distances ; chariots- tracteurs des types utilisés dans les gares ; leurs parties : > Chariots : > Autres : > autres : > Chariots automobiles non munis d'un dispositif de levage des types utilisés dans les gares et les aéroports pour le transport des marchandises sur de courtes distances... . . .",1,équipements importés n’ayant pas de similaires fabriqués localement,secteurs économiques généraux,False
,87.16,Remorques et semi-remorques pour tous véhicules ; autres véhicules non automobiles ; leurs parties :,1,équipements importés n’ayant pas de similaires fabriqués localement,secteurs économiques généraux,False
,87.16,Remorques et semi-remorques pour tous véhicules ; autres véhicules non automobiles ; leurs parties : > Autres :,1,équipements importés n’ayant pas de similaires fabriqués localement,secteurs économiques généraux,False
,87.16,Remorques et semi-remorques pour tous véhicules ; autres véhicules non automobiles ; leurs parties : > Autres : > autres :,1,équipements importés n’ayant pas de similaires fabriqués localement,secteurs économiques généraux,False
,87.16,Remorques et semi-remorques pour tous véhicules ; autres véhicules non automobiles ; leurs parties : > Autres : > autres : > neuves :,1,équipements importés n’ayant pas de similaires fabriqués localement,secteurs économiques généraux,False
,87.16,Remorques et semi-remorques pour tous véhicules ; autres véhicules non automobiles ; leurs parties : > Autres : > autres : > neuves : > autres :,1,équipements importés n’ayant pas de similaires fabriqués localement,secteurs économiques généraux,False
EX 871639,87.16,"Remorques et semi-remorques pour tous véhicules ; autres véhicules non automobiles ; leurs parties : > Autres : > autres : > neuves : > autres : > Remorques portuaires (roll-trailers,chassis-squelettes)..",1,équipements importés n’ayant pas de similaires fabriqués localement,secteurs économiques généraux,False
EX 871640 | 871639 5 0 1,87.16,Remorques et semi-remorques pour tous véhicules ; autres véhicules non automobiles ; leurs parties : > les semi-remorques frigorifiques pour le transport de poussins,1,équipements importés n’ayant pas de similaires fabriqués localement,secteurs économiques généraux,False
900610 0 0 0,90.06,"Appareils photographiques ; appareils et dispositifs, y compris les lampes et tubes,pour la production de la lumière-éclair en photographie, à l'exclusion des lampes et tubes à décharge du n° 85.39 : > Appareils photographiques des types utilisés pour la préparation des clichés ou cylindres d'impression..",1,équipements importés n’ayant pas de similaires fabriqués localement,secteurs économiques généraux,False
901010 0 0 0,90.10,"Appareils et matériel pour laboratoires photographiques ou cinématographiques non dénommés ni compris ailleurs dans le présent Chapitre ; négatoscopes ; écrans pour projections : > Appareils et matériel pour le développement automatique des pellicules photographiques,des films cinématographi- ques ou du papier photographique en rouleaux ou pour l'impression automatique des pellicules développées sur des rouleaux de papier photographique",1,équipements importés n’ayant pas de similaires fabriqués localement,secteurs économiques généraux,False
901050 0 0 0,90.10,Appareils et matériel pour laboratoires photographiques ou cinématographiques non dénommés ni compris ailleurs dans le présent Chapitre ; négatoscopes ; écrans pour projections : > Autres appareils et matériel pour laboratoire photogra- phiques ou cinématographiques; négatoscopes :,1,équipements importés n’ayant pas de similaires fabriqués localement,secteurs économiques généraux,False
,90.11,"Microscopes optiques,y compris les microscopes pour la photomicrographie, la cinéphotomicrographie ou la microprojection :",1,équipements importés n’ayant pas de similaires fabriqués localement,secteurs économiques généraux,False
901110,90.11,"Microscopes optiques,y compris les microscopes pour la photomicrographie, la cinéphotomicrographie ou la microprojection : > Microscopes stéréoscopiques :",1,équipements importés n’ayant pas de similaires fabriqués localement,secteurs économiques généraux,False
901110 1 0 0,90.11,"Microscopes optiques,y compris les microscopes pour la photomicrographie, la cinéphotomicrographie ou la microprojection : > Microscopes stéréoscopiques : > munis d'équipements spécifiquement conçus pour la manipulation et le transport de disques (wafers) à semi-conducteur, ou de réticules.",1,équipements importés n’ayant pas de similaires fabriqués localement,secteurs économiques généraux,False
901110 9 0 0,90.11,"Microscopes optiques,y compris les microscopes pour la photomicrographie, la cinéphotomicrographie ou la microprojection : > Microscopes stéréoscopiques : > autres.",1,équipements importés n’ayant pas de similaires fabriqués localement,secteurs économiques généraux,False
901120,90.11,"Microscopes optiques,y compris les microscopes pour la photomicrographie, la cinéphotomicrographie ou la microprojection : > Autres microscopes, pour la photomicrographie, la cinéphotomicrographie ou la microprojection :",1,équipements importés n’ayant pas de similaires fabriqués localement,secteurs économiques généraux,False
901120 1 0 0,90.11,"Microscopes optiques,y compris les microscopes pour la photomicrographie, la cinéphotomicrographie ou la microprojection : > Autres microscopes, pour la photomicrographie, la cinéphotomicrographie ou la microprojection : > Microscopes pour la photomicrographie munis d'équipements spécifiquement conçus pour la manipulation et le transport de disques (wafers) à semi-conducteur, ou de réticules.",1,équipements importés n’ayant pas de similaires fabriqués localement,secteurs économiques généraux,False
901120 9 0 0,90.11,"Microscopes optiques,y compris les microscopes pour la photomicrographie, la cinéphotomicrographie ou la microprojection : > Autres microscopes, pour la photomicrographie, la cinéphotomicrographie ou la microprojection : > autres.",1,équipements importés n’ayant pas de similaires fabriqués localement,secteurs économiques généraux,False
901180 0 0 0,90.11,"Microscopes optiques,y compris les microscopes pour la photomicrographie, la cinéphotomicrographie ou la microprojection : > Autres microscopes.",1,équipements importés n’ayant pas de similaires fabriqués localement,secteurs économiques généraux,False
,90.12,Microscopes autres qu'optiques ; diffractographes,1,équipements importés n’ayant pas de similaires fabriqués localement,secteurs économiques généraux,False
,90.13,"Dispositifs à cristaux liquides ne constituant pas des articles repris plus spécifiquement ailleurs ; lasers, autres que les diodes laser ; autres appareils et instruments d'optique, non dénommés ni compris ailleurs dans le présent Chapitre :",1,équipements importés n’ayant pas de similaires fabriqués localement,secteurs économiques généraux,False
901310,90.13,"Dispositifs à cristaux liquides ne constituant pas des articles repris plus spécifiquement ailleurs ; lasers, autres que les diodes laser ; autres appareils et instruments d'optique, non dénommés ni compris ailleurs dans le présent Chapitre : > Lunettes de visée pour armes ;périscopes; lunettes pour machines, appareils ou instruments du présent chapitre ou de la section XVI",1,équipements importés n’ayant pas de similaires fabriqués localement,secteurs économiques généraux,False
901320 0 0 0,90.13,"Dispositifs à cristaux liquides ne constituant pas des articles repris plus spécifiquement ailleurs ; lasers, autres que les diodes laser ; autres appareils et instruments d'optique, non dénommés ni compris ailleurs dans le présent Chapitre : > Lasers, autres que les diodes laser.",1,équipements importés n’ayant pas de similaires fabriqués localement,secteurs économiques généraux,False
901380,90.13,"Dispositifs à cristaux liquides ne constituant pas des articles repris plus spécifiquement ailleurs ; lasers, autres que les diodes laser ; autres appareils et instruments d'optique, non dénommés ni compris ailleurs dans le présent Chapitre : > Autres dispositifs, appareils et instruments :",1,équipements importés n’ayant pas de similaires fabriqués localement,secteurs économiques généraux,False
,90.13,"Dispositifs à cristaux liquides ne constituant pas des articles repris plus spécifiquement ailleurs ; lasers, autres que les diodes laser ; autres appareils et instruments d'optique, non dénommés ni compris ailleurs dans le présent Chapitre : > Autres dispositifs, appareils et instruments : > Dispositifs à cristaux liquides :",1,équipements importés n’ayant pas de similaires fabriqués localement,secteurs économiques généraux,False
901380 2 0 0,90.13,"Dispositifs à cristaux liquides ne constituant pas des articles repris plus spécifiquement ailleurs ; lasers, autres que les diodes laser ; autres appareils et instruments d'optique, non dénommés ni compris ailleurs dans le présent Chapitre : > Autres dispositifs, appareils et instruments : > Dispositifs à cristaux liquides : > Dispositifs à cristaux liquides à matrice active",1,équipements importés n’ayant pas de similaires fabriqués localement,secteurs économiques généraux,False
901380 3 0 0,90.13,"Dispositifs à cristaux liquides ne constituant pas des articles repris plus spécifiquement ailleurs ; lasers, autres que les diodes laser ; autres appareils et instruments d'optique, non dénommés ni compris ailleurs dans le présent Chapitre : > Autres dispositifs, appareils et instruments : > Dispositifs à cristaux liquides : > autres.",1,équipements importés n’ayant pas de similaires fabriqués localement,secteurs économiques généraux,False
,90.13,"Dispositifs à cristaux liquides ne constituant pas des articles repris plus spécifiquement ailleurs ; lasers, autres que les diodes laser ; autres appareils et instruments d'optique, non dénommés ni compris ailleurs dans le présent Chapitre : > Autres dispositifs, appareils et instruments : > autres",1,équipements importés n’ayant pas de similaires fabriqués localement,secteurs économiques généraux,False
901380 9 0 1,90.13,"Dispositifs à cristaux liquides ne constituant pas des articles repris plus spécifiquement ailleurs ; lasers, autres que les diodes laser ; autres appareils et instruments d'optique, non dénommés ni compris ailleurs dans le présent Chapitre : > Autres dispositifs, appareils et instruments : > autres > Stéréoscopes",1,équipements importés n’ayant pas de similaires fabriqués localement,secteurs économiques généraux,False
901380 9 0 9,90.13,"Dispositifs à cristaux liquides ne constituant pas des articles repris plus spécifiquement ailleurs ; lasers, autres que les diodes laser ; autres appareils et instruments d'optique, non dénommés ni compris ailleurs dans le présent Chapitre : > Autres dispositifs, appareils et instruments : > autres > Autres ( à l'exclusion des judas de portes du n°901380902)",1,équipements importés n’ayant pas de similaires fabriqués localement,secteurs économiques généraux,False
,90.15,"Instruments et appareils de géodésie, de topographie, d'arpentage, de nivellement, de photogrammétrie, d'hydrographie, d'océanographie, d'hydrologie, de météorologie ou de géophysique, à l'exclusion des boussoles ; télémètres :",1,équipements importés n’ayant pas de similaires fabriqués localement,secteurs économiques généraux,False
901510,90.15,"Instruments et appareils de géodésie, de topographie, d'arpentage, de nivellement, de photogrammétrie, d'hydrographie, d'océanographie, d'hydrologie, de météorologie ou de géophysique, à l'exclusion des boussoles ; télémètres : > Télémètres",1,équipements importés n’ayant pas de similaires fabriqués localement,secteurs économiques généraux,False
901520,90.15,"Instruments et appareils de géodésie, de topographie, d'arpentage, de nivellement, de photogrammétrie, d'hydrographie, d'océanographie, d'hydrologie, de météorologie ou de géophysique, à l'exclusion des boussoles ; télémètres : > Théodolites et tachéomètres",1,équipements importés n’ayant pas de similaires fabriqués localement,secteurs économiques généraux,False
901540,90.15,"Instruments et appareils de géodésie, de topographie, d'arpentage, de nivellement, de photogrammétrie, d'hydrographie, d'océanographie, d'hydrologie, de météorologie ou de géophysique, à l'exclusion des boussoles ; télémètres : > Instruments et appareils de photogrammétrie",1,équipements importés n’ayant pas de similaires fabriqués localement,secteurs économiques généraux,False
901580,90.15,"Instruments et appareils de géodésie, de topographie, d'arpentage, de nivellement, de photogrammétrie, d'hydrographie, d'océanographie, d'hydrologie, de météorologie ou de géophysique, à l'exclusion des boussoles ; télémètres : > Autres instruments et appareils",1,équipements importés n’ayant pas de similaires fabriqués localement,secteurs économiques généraux,False
901600,90.16,"Balances sensibles à un poids de 5 cg ou moins, avec ou sans poids :",1,équipements importés n’ayant pas de similaires fabriqués localement,secteurs économiques généraux,False
901600 1 0 0,90.16,"Balances sensibles à un poids de 5 cg ou moins, avec ou sans poids : > Balances",1,équipements importés n’ayant pas de similaires fabriqués localement,secteurs économiques généraux,False
,EX 90.18,"Instruments et appareils pour la médecine, la chirurgie, l'art dentaire ou l'art vétérinaire, y compris les appareils de scintigraphie et autres appareils électro médicaux ainsi que les appareils pour tests visuels à l'exclusion des seringues, aiguilles, cathéters, canules et instruments similaires",1,équipements importés n’ayant pas de similaires fabriqués localement,secteurs économiques généraux,False
,EX 90.19,"Appareils de mécanothérapie ; appareils de massage ; appareils de psychotechnie; appareils d'ozonothérapie, d'oxygénothérapie, d'aérosolthérapie,appareils respiratoires de réanimation et autres appareils de thérapie respiratoire à l'exclusion des Baignoires et douches équipés d'un système d'hydromassage""jacuzzi"" du 901910902 du tarif douanier",1,équipements importés n’ayant pas de similaires fabriqués localement,secteurs économiques généraux,False
EX 902000 0 0 0,90.20,"Autres appareils respiratoires et masques à gaz, à l'exclusion des masques de protection dépourvus de mécanisme et d'élément filtrant amovible :",1,équipements importés n’ayant pas de similaires fabriqués localement,secteurs économiques généraux,False
,90.20,"Autres appareils respiratoires et masques à gaz, à l'exclusion des masques de protection dépourvus de mécanisme et d'élément filtrant amovible : > Autres appareils respiratoires de tous genres",1,équipements importés n’ayant pas de similaires fabriqués localement,secteurs économiques généraux,False
,90.22,"Appareils à rayons X et appareils utilisant les radiations alpha, bêta ou gamma, même à usage médical, chirurgical, dentaire ou vétérinaire, y compris les appareils de radiophotographie ou de radiothérapie, les tubes à rayons X et autres dispositifs générateurs de rayons X, les générateurs de tension, les pupitres de commande, les écrans, les tables, fauteuils et supports similaires d'examen ou de traitement :",1,équipements importés n’ayant pas de similaires fabriqués localement,secteurs économiques généraux,False
902212 0 0,90.22,"Appareils à rayons X et appareils utilisant les radia- tions alpha, bêta ou gamma, même à usage médical, chirurgical, dentaire ou vétérinaire, y compris les ap- pareils de radiophotographie ou de radiothérapie, les tubes à rayons X et autres dispositifs générateurs de rayons X, les générateurs de tension, les pupitres de commande, les écrans, les tables, fauteuils et supports similaires d'examen ou de traitement : > Appareils de tomographie pilotés par une machine automatique de traitement de l'information :",1,équipements importés n’ayant pas de similaires fabriqués localement,secteurs économiques généraux,False
902212 0 0 1,90.22,"Appareils à rayons X et appareils utilisant les radia- tions alpha, bêta ou gamma, même à usage médical, chirurgical, dentaire ou vétérinaire, y compris les ap- pareils de radiophotographie ou de radiothérapie, les tubes à rayons X et autres dispositifs générateurs de rayons X, les générateurs de tension, les pupitres de commande, les écrans, les tables, fauteuils et supports similaires d'examen ou de traitement : > Appareils de tomographie pilotés par une machine automatique de traitement de l'information : > à usage médical,chirurgical, dentaire ou vétérinaire....",1,équipements importés n’ayant pas de similaires fabriqués localement,secteurs économiques généraux,False
902212 0 0 9,90.22,"Appareils à rayons X et appareils utilisant les radia- tions alpha, bêta ou gamma, même à usage médical, chirurgical, dentaire ou vétérinaire, y compris les ap- pareils de radiophotographie ou de radiothérapie, les tubes à rayons X et autres dispositifs générateurs de rayons X, les générateurs de tension, les pupitres de commande, les écrans, les tables, fauteuils et supports similaires d'examen ou de traitement : > Appareils de tomographie pilotés par une machine automatique de traitement de l'information : > pour autres usages:",1,équipements importés n’ayant pas de similaires fabriqués localement,secteurs économiques généraux,False
902213 0 0 0,90.22,"Appareils à rayons X et appareils utilisant les radia- tions alpha, bêta ou gamma, même à usage médical, chirurgical, dentaire ou vétérinaire, y compris les ap- pareils de radiophotographie ou de radiothérapie, les tubes à rayons X et autres dispositifs générateurs de rayons X, les générateurs de tension, les pupitres de commande, les écrans, les tables, fauteuils et supports similaires d'examen ou de traitement : > Autres, pour l'art dentaire...",1,équipements importés n’ayant pas de similaires fabriqués localement,secteurs économiques généraux,False
902214 0 0 0,90.22,"Appareils à rayons X et appareils utilisant les radia- tions alpha, bêta ou gamma, même à usage médical, chirurgical, dentaire ou vétérinaire, y compris les ap- pareils de radiophotographie ou de radiothérapie, les tubes à rayons X et autres dispositifs générateurs de rayons X, les générateurs de tension, les pupitres de commande, les écrans, les tables, fauteuils et supports similaires d'examen ou de traitement : > Autres, pour usages médicaux, chirurgicaux ou vétérinaires.",1,équipements importés n’ayant pas de similaires fabriqués localement,secteurs économiques généraux,False
902219,90.22,"Appareils à rayons X et appareils utilisant les radia- tions alpha, bêta ou gamma, même à usage médical, chirurgical, dentaire ou vétérinaire, y compris les ap- pareils de radiophotographie ou de radiothérapie, les tubes à rayons X et autres dispositifs générateurs de rayons X, les générateurs de tension, les pupitres de commande, les écrans, les tables, fauteuils et supports similaires d'examen ou de traitement : > Pour autres usages :",1,équipements importés n’ayant pas de similaires fabriqués localement,secteurs économiques généraux,False
902219 0 0 1,90.22,"Appareils à rayons X et appareils utilisant les radia- tions alpha, bêta ou gamma, même à usage médical, chirurgical, dentaire ou vétérinaire, y compris les ap- pareils de radiophotographie ou de radiothérapie, les tubes à rayons X et autres dispositifs générateurs de rayons X, les générateurs de tension, les pupitres de commande, les écrans, les tables, fauteuils et supports similaires d'examen ou de traitement : > Pour autres usages : > à usage industriel.",1,équipements importés n’ayant pas de similaires fabriqués localement,secteurs économiques généraux,False
902219 0 0 9,90.22,"Appareils à rayons X et appareils utilisant les radia- tions alpha, bêta ou gamma, même à usage médical, chirurgical, dentaire ou vétérinaire, y compris les ap- pareils de radiophotographie ou de radiothérapie, les tubes à rayons X et autres dispositifs générateurs de rayons X, les générateurs de tension, les pupitres de commande, les écrans, les tables, fauteuils et supports similaires d'examen ou de traitement : > Pour autres usages : > autres :",1,équipements importés n’ayant pas de similaires fabriqués localement,secteurs économiques généraux,False
,90.22,"Appareils à rayons X et appareils utilisant les radiations alpha, bêta ou gamma, même à usage médical, chirurgical, dentaire ou vétérinaire, y compris les appareils de radiophotographie ou de radiothérapie, les tubes à rayons X et autres dispositifs générateurs de rayons X, les générateurs de tension, les pupitres de commande, les écrans, les tables, fauteuils et supports similaires d'examen ou de traitement : > Appareils utilisant les radiations alpha,bêta ou gamma, même à usage médical,chirurgical,dentaire ou vétérinaire, y compris les appareils de radiophotographie ou de radiothérapie :",1,équipements importés n’ayant pas de similaires fabriqués localement,secteurs économiques généraux,False
902221 0 0 0,90.22,"Appareils à rayons X et appareils utilisant les radia- tions alpha, bêta ou gamma, même à usage médical, chirurgical, dentaire ou vétérinaire, y compris les ap- pareils de radiophotographie ou de radiothérapie, les tubes à rayons X et autres dispositifs générateurs de rayons X, les générateurs de tension, les pupitres de commande, les écrans, les tables, fauteuils et supports similaires d'examen ou de traitement : > Appareils utilisant les radiations alpha,bêta ou gamma, même à usage médical,chirurgical,dentaire ou vétérinaire, y compris les appareils de radiophotographie ou de radiothérapie : > A usage médical, chirurgical, dentaire ou vétérinaire...",1,équipements importés n’ayant pas de similaires fabriqués localement,secteurs économiques généraux,False
902229 0 0 0,90.22,"Appareils à rayons X et appareils utilisant les radia- tions alpha, bêta ou gamma, même à usage médical, chirurgical, dentaire ou vétérinaire, y compris les ap- pareils de radiophotographie ou de radiothérapie, les tubes à rayons X et autres dispositifs générateurs de rayons X, les générateurs de tension, les pupitres de commande, les écrans, les tables, fauteuils et supports similaires d'examen ou de traitement : > Appareils utilisant les radiations alpha,bêta ou gamma, même à usage médical,chirurgical,dentaire ou vétérinaire, y compris les appareils de radiophotographie ou de radiothérapie : > Pour autres usages .",1,équipements importés n’ayant pas de similaires fabriqués localement,secteurs économiques généraux,False
902230 0 0 0,90.22,"Appareils à rayons X et appareils utilisant les radia- tions alpha, bêta ou gamma, même à usage médical, chirurgical, dentaire ou vétérinaire, y compris les ap- pareils de radiophotographie ou de radiothérapie, les tubes à rayons X et autres dispositifs générateurs de rayons X, les générateurs de tension, les pupitres de commande, les écrans, les tables, fauteuils et supports similaires d'examen ou de traitement : > Tubes à rayons X",1,équipements importés n’ayant pas de similaires fabriqués localement,secteurs économiques généraux,False
,90.23,"Instruments, appareils et modèles conçus pour la démonstration (dans l'enseignement ou les expositions, par exemple), non susceptibles d'autres emplois :",1,équipements importés n’ayant pas de similaires fabriqués localement,secteurs économiques généraux,False
,90.24,"Machines et appareils d'essais de dureté, de traction, de compression, d'élasticité ou d'autres propriétés mécaniques des matériaux (métaux, bois, textiles, papier, matières plastiques, par exemple)",1,équipements importés n’ayant pas de similaires fabriqués localement,secteurs économiques généraux,False
,90.25,"Densimètres, aréomètres, pèse-liquides et instruments flottants similaires, thermomètres, pyromètres, baromètres, hygromètres et psychromètres, enregistreurs ou non, même combinés entre eux :",1,équipements importés n’ayant pas de similaires fabriqués localement,secteurs économiques généraux,False
902519,90.25,"Densimètres, aréomètres, pèse-liquides et instruments flottants similaires, thermomètres, pyromètres, baromètres, hygromètres et psychromètres, enregistreurs ou non, même combinés entre eux : > Autres :",1,équipements importés n’ayant pas de similaires fabriqués localement,secteurs économiques généraux,False
,90.25,"Densimètres, aréomètres, pèse-liquides et instruments flottants similaires, thermomètres, pyromètres, baromètres, hygromètres et psychromètres, enregistreurs ou non, même combinés entre eux : > Autres : > autres :",1,équipements importés n’ayant pas de similaires fabriqués localement,secteurs économiques généraux,False
902519 8 0 1,90.25,"Densimètres, aréomètres, pèse-liquides et instruments flottants similaires, thermomètres, pyromètres, baromètres, hygromètres et psychromètres, enregistreurs ou non, même combinés entre eux : > Autres : > autres : > Thermo-couples.",1,équipements importés n’ayant pas de similaires fabriqués localement,secteurs économiques généraux,False
902580,90.25,"Densimètres, aréomètres, pèse-liquides et instruments flottants similaires, thermomètres, pyromètres, baromètres, hygromètres et psychromètres, enregistreurs ou non, même combinés entre eux : > Autres instruments :",1,équipements importés n’ayant pas de similaires fabriqués localement,secteurs économiques généraux,False
,90.25,"Densimètres, aréomètres, pèse-liquides et instruments flottants similaires, thermomètres, pyromètres, baromètres, hygromètres et psychromètres, enregistreurs ou non, même combinés entre eux : > Autres instruments : > autres :",1,équipements importés n’ayant pas de similaires fabriqués localement,secteurs économiques généraux,False
,90.25,"Densimètres, aréomètres, pèse-liquides et instruments flottants similaires, thermomètres, pyromètres, baromètres, hygromètres et psychromètres, enregistreurs ou non, même combinés entre eux : > Autres instruments : > autres : > électroniques :",1,équipements importés n’ayant pas de similaires fabriqués localement,secteurs économiques généraux,False
902580 4 0 1,90.25,"Densimètres, aréomètres, pèse-liquides et instruments flottants similaires, thermomètres, pyromètres, baromètres, hygromètres et psychromètres, enregistreurs ou non, même combinés entre eux : > Autres instruments : > autres : > électroniques : > Hygromètres et psychromètres",1,équipements importés n’ayant pas de similaires fabriqués localement,secteurs économiques généraux,False
,90.25,"Densimètres, aréomètres, pèse-liquides et instruments flottants similaires, thermomètres, pyromètres, baromètres, hygromètres et psychromètres, enregistreurs ou non, même combinés entre eux : > Autres instruments : > autres : > électroniques : > Autres :",1,équipements importés n’ayant pas de similaires fabriqués localement,secteurs économiques généraux,False
902580 4 0 9,90.25,"Densimètres, aréomètres, pèse-liquides et instruments flottants similaires, thermomètres, pyromètres, baromètres, hygromètres et psychromètres, enregistreurs ou non, même combinés entre eux : > Autres instruments : > autres : > électroniques : > Autres : > autres",1,équipements importés n’ayant pas de similaires fabriqués localement,secteurs économiques généraux,False
,90.25,"Densimètres, aréomètres, pèse-liquides et instruments flottants similaires, thermomètres, pyromètres, baromètres, hygromètres et psychromètres, enregistreurs ou non, même combinés entre eux : > Autres instruments : > autres : > autres :",1,équipements importés n’ayant pas de similaires fabriqués localement,secteurs économiques généraux,False
902580 8 0 1,90.25,"Densimètres, aréomètres, pèse-liquides et instruments flottants similaires, thermomètres, pyromètres, baromètres, hygromètres et psychromètres, enregistreurs ou non, même combinés entre eux : > Autres instruments : > autres : > autres : > Hygromètres et psychromètres",1,équipements importés n’ayant pas de similaires fabriqués localement,secteurs économiques généraux,False
,90.25,"Densimètres, aréomètres, pèse-liquides et instruments flottants similaires, thermomètres, pyromètres, baromètres, hygromètres et psychromètres, enregistreurs ou non, même combinés entre eux : > Autres instruments : > autres : > autres : > Autres :",1,équipements importés n’ayant pas de similaires fabriqués localement,secteurs économiques généraux,False
902580 8 0 9,90.25,"Densimètres, aréomètres, pèse-liquides et instruments flottants similaires, thermomètres, pyromètres, baromètres, hygromètres et psychromètres, enregistreurs ou non, même combinés entre eux : > Autres instruments : > autres : > autres : > Autres : > autres",1,équipements importés n’ayant pas de similaires fabriqués localement,secteurs économiques généraux,False
,90.26,"Instruments et appareils pour la mesure ou le contrôle du débit, du niveau, de la pression ou d'autres caractéristiques variables des liquides ou des gaz (débitmètres, indicateurs de niveau, manomètres, compteurs de chaleur, par exemple), à l'exclusion des instruments et appareils des n°s 90.14, 90.15, 90.28 ou 90.32 :",1,équipements importés n’ayant pas de similaires fabriqués localement,secteurs économiques généraux,False
902610,90.26,"Instruments et appareils pour la mesure ou le contrôle du débit, du niveau, de la pression ou d'autres caractéristiques variables des liquides ou des gaz (débitmètres,indicateurs de niveau,manomètres, compteurs de chaleur,par exemple),à l'exclusion des instruments et appareils des n°s 90.14, 90.15, 90.28 ou 90.32 : > Pour la mesure ou le contrôle du débit ou du niveau des liquides :",1,équipements importés n’ayant pas de similaires fabriqués localement,secteurs économiques généraux,False
,90.26,"Instruments et appareils pour la mesure ou le contrôle du débit, du niveau, de la pression ou d'autres caractéristiques variables des liquides ou des gaz (débitmètres, indicateurs de niveau, manomètres, compteurs de chaleur, par exemple), à l'exclusion des instruments et appareils des n°s 90.14, 90.15, 90.28 ou 90.32 : > Pour la mesure ou le contrôle du débit ou du niveau des liquides : > électroniques :",1,équipements importés n’ayant pas de similaires fabriqués localement,secteurs économiques généraux,False
902610 2 1 0,90.26,"Instruments et appareils pour la mesure ou le contrôle du débit, du niveau, de la pression ou d'autres caractéristiques variables des liquides ou des gaz (débitmètres,indicateurs de niveau,manomètres, compteurs de chaleur,par exemple),à l'exclusion des instruments et appareils des n°s 90.14, 90.15, 90.28 ou 90.32 : > Pour la mesure ou le contrôle du débit ou du niveau des liquides : > électroniques : > Débitmètres",1,équipements importés n’ayant pas de similaires fabriqués localement,secteurs économiques généraux,False
902610 2 9 0,90.26,"Instruments et appareils pour la mesure ou le contrôle du débit, du niveau, de la pression ou d'autres caractéristiques variables des liquides ou des gaz (débitmètres,indicateurs de niveau,manomètres, compteurs de chaleur,par exemple),à l'exclusion des instruments et appareils des n°s 90.14, 90.15, 90.28 ou 90.32 : > Pour la mesure ou le contrôle du débit ou du niveau des liquides : > électroniques : > autres",1,équipements importés n’ayant pas de similaires fabriqués localement,secteurs économiques généraux,False
,90.26,"Instruments et appareils pour la mesure ou le contrôle du débit, du niveau, de la pression ou d'autres caractéristiques variables des liquides ou des gaz (débitmètres, indicateurs de niveau, manomètres, compteurs de chaleur, par exemple), à l'exclusion des instruments et appareils des n°s 90.14, 90.15, 90.28 ou 90.32 : > Pour la mesure ou le contrôle du débit ou du niveau des liquides : > autres :",1,équipements importés n’ayant pas de similaires fabriqués localement,secteurs économiques généraux,False
902610 8 1 0,90.26,"Instruments et appareils pour la mesure ou le contrôle du débit, du niveau, de la pression ou d'autres caractéristiques variables des liquides ou des gaz (débitmètres,indicateurs de niveau,manomètres, compteurs de chaleur,par exemple),à l'exclusion des instruments et appareils des n°s 90.14, 90.15, 90.28 ou 90.32 : > Pour la mesure ou le contrôle du débit ou du niveau des liquides : > autres : > Débitmètres",1,équipements importés n’ayant pas de similaires fabriqués localement,secteurs économiques généraux,False
902610 8 9 0,90.26,"Instruments et appareils pour la mesure ou le contrôle du débit, du niveau, de la pression ou d'autres caractéristiques variables des liquides ou des gaz (débitmètres,indicateurs de niveau,manomètres, compteurs de chaleur,par exemple),à l'exclusion des instruments et appareils des n°s 90.14, 90.15, 90.28 ou 90.32 : > Pour la mesure ou le contrôle du débit ou du niveau des liquides : > autres : > autres",1,équipements importés n’ayant pas de similaires fabriqués localement,secteurs économiques généraux,False
902620,90.26,"Instruments et appareils pour la mesure ou le contrôle du débit, du niveau, de la pression ou d'autres caractéristiques variables des liquides ou des gaz (débitmètres,indicateurs de niveau,manomètres, compteurs de chaleur,par exemple),à l'exclusion des instruments et appareils des n°s 90.14, 90.15, 90.28 ou 90.32 : > Pour la mesure ou le contrôle de la pression :",1,équipements importés n’ayant pas de similaires fabriqués localement,secteurs économiques généraux,False
902620 2 0 0,90.26,"Instruments et appareils pour la mesure ou le contrôle du débit, du niveau, de la pression ou d'autres caractéristiques variables des liquides ou des gaz (débitmètres,indicateurs de niveau,manomètres, compteurs de chaleur,par exemple),à l'exclusion des instruments et appareils des n°s 90.14, 90.15, 90.28 ou 90.32 : > Pour la mesure ou le contrôle de la pression : > électroniques",1,équipements importés n’ayant pas de similaires fabriqués localement,secteurs économiques généraux,False
,90.26,"Instruments et appareils pour la mesure ou le contrôle du débit, du niveau, de la pression ou d'autres caractéristiques variables des liquides ou des gaz (débitmètres, indicateurs de niveau, manomètres, compteurs de chaleur, par exemple), à l'exclusion des instruments et appareils des n°s 90.14, 90.15, 90.28 ou 90.32 : > Pour la mesure ou le contrôle de la pression : > autres :",1,équipements importés n’ayant pas de similaires fabriqués localement,secteurs économiques généraux,False
902620 4 0 0,90.26,"Instruments et appareils pour la mesure ou le contrôle du débit, du niveau, de la pression ou d'autres caractéristiques variables des liquides ou des gaz (débitmètres,indicateurs de niveau,manomètres, compteurs de chaleur,par exemple),à l'exclusion des instruments et appareils des n°s 90.14, 90.15, 90.28 ou 90.32 : > Pour la mesure ou le contrôle de la pression : > autres : > Manomètres à spire ou à membrane manométrique métalliques",1,équipements importés n’ayant pas de similaires fabriqués localement,secteurs économiques généraux,False
902620 8 0 0,90.26,"Instruments et appareils pour la mesure ou le contrôle du débit, du niveau, de la pression ou d'autres caractéristiques variables des liquides ou des gaz (débitmètres,indicateurs de niveau,manomètres, compteurs de chaleur,par exemple),à l'exclusion des instruments et appareils des n°s 90.14, 90.15, 90.28 ou 90.32 : > Pour la mesure ou le contrôle de la pression : > autres : > autres",1,équipements importés n’ayant pas de similaires fabriqués localement,secteurs économiques généraux,False
902680,90.26,"Instruments et appareils pour la mesure ou le contrôle du débit, du niveau, de la pression ou d'autres caractéristiques variables des liquides ou des gaz (débitmètres,indicateurs de niveau,manomètres, compteurs de chaleur,par exemple),à l'exclusion des instruments et appareils des n°s 90.14, 90.15, 90.28 ou 90.32 : > Autres instruments et appareils",1,équipements importés n’ayant pas de similaires fabriqués localement,secteurs économiques généraux,False
,90.27,"Instruments et appareils pour analyses physiques ou chimiques (polarimètres, réfractomètres, spectromètres, analyseurs de gaz ou de fumées, par exemple); instruments et appareils pour essais de viscosité, de porosité, de dilatation, de tensions superficielles ou similaires ou pour mesures calorimétriques, acoustiques ou photométriques (y compris les indicateurs de temps de pose); microtomes :",1,équipements importés n’ayant pas de similaires fabriqués localement,secteurs économiques généraux,False
,90.27,"Instruments et appareils pour analyses physiques ou chimiques (polarimètres, réfractomètres, spectromètres, analyseurs de gaz ou de fumées, par exemple); instruments et appareils pour essais de viscosité, de porosité, de dilatation, de tensions superficielles ou similaires ou pour mesures calorimétriques, acoustiques ou photométriques (y compris les indicateurs de temps de pose); microtomes : > Analyseurs de gaz ou de fumées :",1,équipements importés n’ayant pas de similaires fabriqués localement,secteurs économiques généraux,False
902710 1 0 0,90.27,"Instruments et appareils pour analyses physiques ou chimiques (polarimètres, réfractomètres, spectromètres, analyseurs de gaz ou de fumées, par exemple); instruments et appareils pour essais de viscosité, de porosité, de dilatation, de tensions superficielles ou similaires ou pour mesures calorimétriques, acoustiques ou photométriques (y compris les indicateurs de temps de pose); microtomes : > Analyseurs de gaz ou de fumées : > électroniques",1,équipements importés n’ayant pas de similaires fabriqués localement,secteurs économiques généraux,False
902710 9 0 0,90.27,"Instruments et appareils pour analyses physiques ou chimiques (polarimètres, réfractomètres, spectromètres, analyseurs de gaz ou de fumées, par exemple); instruments et appareils pour essais de viscosité, de porosité, de dilatation, de tensions superficielles ou similaires ou pour mesures calorimétriques, acoustiques ou photométriques (y compris les indicateurs de temps de pose); microtomes : > Analyseurs de gaz ou de fumées : > autres",1,équipements importés n’ayant pas de similaires fabriqués localement,secteurs économiques généraux,False
902720 0 0 0,90.27,"Instruments et appareils pour analyses physiques ou chimiques (polarimètres, réfractomètres, spectromètres, analyseurs de gaz ou de fumées, par exemple); instruments et appareils pour essais de viscosité, de porosité, de dilatation, de tensions superficielles ou similaires ou pour mesures calorimétriques, acoustiques ou photométriques (y compris les indicateurs de temps de pose); microtomes : > Chromatographes et appareils d'électrophorèse.",1,équipements importés n’ayant pas de similaires fabriqués localement,secteurs économiques généraux,False
902730 0 0 0,90.27,"Instruments et appareils pour analyses physiques ou chimiques (polarimètres, réfractomètres, spectromètres, analyseurs de gaz ou de fumées, par exemple); instruments et appareils pour essais de viscosité, de porosité, de dilatation, de tensions superficielles ou similaires ou pour mesures calorimétriques, acoustiques ou photométriques (y compris les indicateurs de temps de pose); microtomes : > Spectromètres, spectrophotomètres et spectrographes utilisant les rayonnements optiques (UV, visibles, IR)",1,équipements importés n’ayant pas de similaires fabriqués localement,secteurs économiques généraux,False
902750 0 0 0,90.27,"Instruments et appareils pour analyses physiques ou chimiques (polarimètres, réfractomètres, spectromètres, analyseurs de gaz ou de fumées, par exemple); instruments et appareils pour essais de viscosité, de porosité, de dilatation, de tensions superficielles ou similaires ou pour mesures calorimétriques, acoustiques ou photométriques (y compris les indicateurs de temps de pose); microtomes : > Autres instruments et appareils utilisant les rayonnements optiques (UV, visibles, IR)",1,équipements importés n’ayant pas de similaires fabriqués localement,secteurs économiques généraux,False
902780,90.27,"Instruments et appareils pour analyses physiques ou chimiques (polarimètres, réfractomètres, spectromètres, analyseurs de gaz ou de fumées, par exemple); instruments et appareils pour essais de viscosité, de porosité, de dilatation, de tensions superficielles ou similaires ou pour mesures calorimétriques, acoustiques ou photométriques (y compris les indicateurs de temps de pose); microtomes : > Autres instruments et appareils :",1,équipements importés n’ayant pas de similaires fabriqués localement,secteurs économiques généraux,False
902780 0 5 0,90.27,"Instruments et appareils pour analyses physiques ou chimiques (polarimètres, réfractomètres, spectromètres, analyseurs de gaz ou de fumées, par exemple); instruments et appareils pour essais de viscosité, de porosité, de dilatation, de tensions superficielles ou similaires ou pour mesures calorimétriques, acoustiques ou photométriques (y compris les indicateurs de temps de pose); microtomes : > Autres instruments et appareils : > Posemètres.",1,équipements importés n’ayant pas de similaires fabriqués localement,secteurs économiques généraux,False
,90.27,"Instruments et appareils pour analyses physiques ou chimiques (polarimètres, réfractomètres, spectromètres, analyseurs de gaz ou de fumées, par exemple); instruments et appareils pour essais de viscosité, de porosité, de dilatation, de tensions superficielles ou similaires ou pour mesures calorimétriques, acoustiques ou photométriques (y compris les indicateurs de temps de pose); microtomes : > Autres instruments et appareils : > autres :",1,équipements importés n’ayant pas de similaires fabriqués localement,secteurs économiques généraux,False
,90.27,"Instruments et appareils pour analyses physiques ou chimiques (polarimètres, réfractomètres, spectromètres, analyseurs de gaz ou de fumées, par exemple); instruments et appareils pour essais de viscosité, de porosité, de dilatation, de tensions superficielles ou similaires ou pour mesures calorimétriques, acoustiques ou photométriques (y compris les indicateurs de temps de pose); microtomes : > Autres instruments et appareils : > autres : > électroniques :",1,équipements importés n’ayant pas de similaires fabriqués localement,secteurs économiques généraux,False
902780 1 1 0,90.27,"Instruments et appareils pour analyses physiques ou chimiques (polarimètres, réfractomètres, spectromètres, analyseurs de gaz ou de fumées, par exemple); instruments et appareils pour essais de viscosité, de porosité, de dilatation, de tensions superficielles ou similaires ou pour mesures calorimétriques, acoustiques ou photométriques (y compris les indicateurs de temps de pose); microtomes : > Autres instruments et appareils : > autres : > électroniques : > pH mètres, rH mètres et autres appareils pour mesurer la conductivité.",1,équipements importés n’ayant pas de similaires fabriqués localement,secteurs économiques généraux,False
902780 1 3 0,90.27,"Instruments et appareils pour analyses physiques ou chimiques (polarimètres, réfractomètres, spectromètres, analyseurs de gaz ou de fumées, par exemple); instruments et appareils pour essais de viscosité, de porosité, de dilatation, de tensions superficielles ou similaires ou pour mesures calorimétriques, acoustiques ou photométriques (y compris les indicateurs de temps de pose); microtomes : > Autres instruments et appareils : > autres : > électroniques : > Appareils pour l'analyse des propriétés physiques des matériaux semi-conducteurs ou des substrats pour affichage à cristaux liquides ou des couches isolantes et conductrices associées lors de la fabrication des disques (Wafers) à semi-conducteur ou d'affichages à cristaux liquides",1,équipements importés n’ayant pas de similaires fabriqués localement,secteurs économiques généraux,False
902780 1 7 0,90.27,"Instruments et appareils pour analyses physiques ou chimiques (polarimètres, réfractomètres, spectromètres, analyseurs de gaz ou de fumées, par exemple); instruments et appareils pour essais de viscosité, de porosité, de dilatation, de tensions superficielles ou similaires ou pour mesures calorimétriques, acoustiques ou photométriques (y compris les indicateurs de temps de pose); microtomes : > Autres instruments et appareils : > autres : > électroniques : > autres",1,équipements importés n’ayant pas de similaires fabriqués localement,secteurs économiques généraux,False
,90.27,"Instruments et appareils pour analyses physiques ou chimiques (polarimètres, réfractomètres, spectromètres, analyseurs de gaz ou de fumées, par exemple); instruments et appareils pour essais de viscosité, de porosité, de dilatation, de tensions superficielles ou similaires ou pour mesures calorimétriques, acoustiques ou photométriques (y compris les indicateurs de temps de pose); microtomes : > Autres instruments et appareils : > autres : > autres :",1,équipements importés n’ayant pas de similaires fabriqués localement,secteurs économiques généraux,False
902780 9 1 0,90.27,"Instruments et appareils pour analyses physiques ou chimiques (polarimètres, réfractomètres, spectromètres, analyseurs de gaz ou de fumées, par exemple); instruments et appareils pour essais de viscosité, de porosité, de dilatation, de tensions superficielles ou similaires ou pour mesures calorimétriques, acoustiques ou photométriques (y compris les indicateurs de temps de pose); microtomes : > Autres instruments et appareils : > autres : > autres : > Viscosimètres, porosimètres et dilatomètres....",1,équipements importés n’ayant pas de similaires fabriqués localement,secteurs économiques généraux,False
902780 9 9 0,90.27,"Instruments et appareils pour analyses physiques ou chimiques (polarimètres, réfractomètres, spectromètres, analyseurs de gaz ou de fumées, par exemple); instruments et appareils pour essais de viscosité, de porosité, de dilatation, de tensions superficielles ou similaires ou pour mesures calorimétriques, acoustiques ou photométriques (y compris les indicateurs de temps de pose); microtomes : > Autres instruments et appareils : > autres : > autres : > autres",1,équipements importés n’ayant pas de similaires fabriqués localement,secteurs économiques généraux,False
EX 902790,90.27,"Instruments et appareils pour analyses physiques ou chimiques (polarimètres, réfractomètres, spectromètres, analyseurs de gaz ou de fumées, par exemple); instruments et appareils pour essais de viscosité, de porosité, de dilatation, de tensions superficielles ou similaires ou pour mesures calorimétriques, acoustiques ou photométriques (y compris les indicateurs de temps de pose); microtomes : > Microtomes; parties et accessoires :",1,équipements importés n’ayant pas de similaires fabriqués localement,secteurs économiques généraux,False
902790 1 0 0,90.27,"Instruments et appareils pour analyses physiques ou chimiques (polarimètres, réfractomètres, spectromètres, analyseurs de gaz ou de fumées, par exemple); instruments et appareils pour essais de viscosité, de porosité, de dilatation, de tensions superficielles ou similaires ou pour mesures calorimétriques, acoustiques ou photométriques (y compris les indicateurs de temps de pose); microtomes : > Microtomes; parties et accessoires : > Microtomes.",1,équipements importés n’ayant pas de similaires fabriqués localement,secteurs économiques généraux,False
,90.28,"Compteurs de gaz, de liquides ou d'électricité, y compris les compteurs pour leur étalonnage :",1,équipements importés n’ayant pas de similaires fabriqués localement,secteurs économiques généraux,False
EX 902810,90.28,"Compteurs de gaz, de liquides ou d'électricité, y compris les compteurs pour leur étalonnage : > Compteurs de gaz :",1,équipements importés n’ayant pas de similaires fabriqués localement,secteurs économiques généraux,False
902810 0 0 1,90.28,"Compteurs de gaz, de liquides ou d'électricité, y compris les compteurs pour leur étalonnage : > Compteurs de gaz : > d'un débit supérieur ou égal à 250 NM3",1,équipements importés n’ayant pas de similaires fabriqués localement,secteurs économiques généraux,False
,90.29,"Autres compteurs (compteurs de tours,compteurs de production, taximètres, totalisateurs de chemin parcouru, podomètres, par exemple); indicateurs de vitesse et tachymètres, autres que ceux des ns° 90.14 ou 90.15; stroboscopes :",1,équipements importés n’ayant pas de similaires fabriqués localement,secteurs économiques généraux,False
902910 0 0 0,90.29,"Autres compteurs (compteurs de tours,compteurs de production, taximètres, totalisateurs de chemin parcouru, podomètres, par exemple); indicateurs de vitesse et tachymètres, autres que ceux des ns° 90.14 ou 90.15; stroboscopes : > Compteurs de tours ou de production, taximètres, totalisateurs de chemin parcouru, podomètres et compteurs similaires",1,équipements importés n’ayant pas de similaires fabriqués localement,secteurs économiques généraux,False
,EX 90.30,"Oscilloscopes, analyseurs de spectre et autres instruments et appareils pour la mesure ou le contrôle de grandeurs électriques ; instruments et appareils pour la mesure ou la détection des radiations alpha, bêta, gamma, X, cosmiques ou autres radiations ionisantes : à l'exclusion des parties et accessoires du 903090",1,équipements importés n’ayant pas de similaires fabriqués localement,secteurs économiques généraux,False
,EX 90.31,"Instruments, appareils et machines de mesure ou de contrôle, non dénommés ni compris ailleurs dans le présent Chapitre; projecteurs de profils : > Instruments, appareils et machines de mesure ou de contrôle, non dénommés ni compris ailleurs dans le présent Chapitre; projecteurs de profils à l'exclusion des parties et accessoires du 90319",1,équipements importés n’ayant pas de similaires fabriqués localement,secteurs économiques généraux,False
,90.32,Instruments et appareils pour la régulation ou le contrôle automatiques :,1,équipements importés n’ayant pas de similaires fabriqués localement,secteurs économiques généraux,False
903220 0 0 0,90.32,Instruments et appareils pour la régulation ou le contrôle automatiques : > Manostats (pressostats).,1,équipements importés n’ayant pas de similaires fabriqués localement,secteurs économiques généraux,False
,90.32,Instruments et appareils pour la régulation ou le contrôle automatiques : > Autres instruments et appareils :,1,équipements importés n’ayant pas de similaires fabriqués localement,secteurs économiques généraux,False
903281 0 0 0,90.32,Instruments et appareils pour la régulation ou le contrôle automatiques : > Autres instruments et appareils : > Hydrauliques ou pneumatiques...,1,équipements importés n’ayant pas de similaires fabriqués localement,secteurs économiques généraux,False
903289 0 0,90.32,Instruments et appareils pour la régulation ou le contrôle automatiques : > Autres instruments et appareils : > Autres :,1,équipements importés n’ayant pas de similaires fabriqués localement,secteurs économiques généraux,False
,90.32,Instruments et appareils pour la régulation ou le contrôle automatiques : > Autres instruments et appareils : > Autres : > Régulateurs :,1,équipements importés n’ayant pas de similaires fabriqués localement,secteurs économiques généraux,False
903289 0 0 1,90.32,Instruments et appareils pour la régulation ou le contrôle automatiques : > Autres instruments et appareils : > Autres : > Régulateurs : > Régulateurs automatiques pour batterie de véhicules automobiles,1,équipements importés n’ayant pas de similaires fabriqués localement,secteurs économiques généraux,False
903289 0 0 2,90.32,Instruments et appareils pour la régulation ou le contrôle automatiques : > Autres instruments et appareils : > Autres : > Régulateurs : > Régulateurs pour systèmes photovoltaïques,1,équipements importés n’ayant pas de similaires fabriqués localement,secteurs économiques généraux,False
903289 0 0 4,90.32,Instruments et appareils pour la régulation ou le contrôle automatiques : > Autres instruments et appareils : > Autres : > Régulateurs : > Autres,1,équipements importés n’ayant pas de similaires fabriqués localement,secteurs économiques généraux,False
903289 0 0 9,90.32,Instruments et appareils pour la régulation ou le contrôle automatiques : > Autres instruments et appareils : > Autres : > Autres,1,équipements importés n’ayant pas de similaires fabriqués localement,secteurs économiques généraux,False
,94.02,"Mobilier pour la médecine, la chirurgie, l'art dentaire ou l'art vétérinaire (tables d'opération, tables d'exa-men, lits à mécanisme pour usages cliniques, fauteuils de dentistes, par exemple); fauteuils pour salons de coiffure et fauteuils similaires, avec dispositifs à la fois d'orientation et d'élévation ; parties de ces articles :",1,équipements importés n’ayant pas de similaires fabriqués localement,secteurs économiques généraux,False
EX 940290 0 0,94.02,"Mobilier pour la médecine, la chirurgie, l'art dentaire ou l'art vétérinaire (tables d'opération, tables d'exa-men, lits à mécanisme pour usages cliniques, fauteuils de dentistes, par exemple); fauteuils pour salons de coiffure et fauteuils similaires, avec dispositifs à la fois d'orientation et d'élévation ; parties de ces articles : > Autres :",1,équipements importés n’ayant pas de similaires fabriqués localement,secteurs économiques généraux,False
,94.02,"Mobilier pour la médecine, la chirurgie, l'art dentaire ou l'art vétérinaire (tables d'opération, tables d'exa-men, lits à mécanisme pour usages cliniques, fauteuils de dentistes, par exemple); fauteuils pour salons de coiffure et fauteuils similaires, avec dispositifs à la fois d'orientation et d'élévation ; parties de ces articles : > Autres : > Tables d'opération, d'examen et similaires :",1,équipements importés n’ayant pas de similaires fabriqués localement,secteurs économiques généraux,False
940290 0 0 2,94.02,"Mobilier pour la médecine, la chirurgie, l'art dentaire ou l'art vétérinaire (tables d'opération, tables d'exa-men, lits à mécanisme pour usages cliniques, fauteuils de dentistes, par exemple); fauteuils pour salons de coiffure et fauteuils similaires, avec dispositifs à la fois d'orientation et d'élévation ; parties de ces articles : > Autres : > Tables d'opération, d'examen et similaires : > tables d'opérations chirurgicales",1,équipements importés n’ayant pas de similaires fabriqués localement,secteurs économiques généraux,False
,94.05,"Appareils d'éclairage (y compris les projecteurs) et leurs parties, non dénommés ni compris ailleurs ; lampes-réclames, enseignes lumineuses, plaques indicatrices lumineuses et articles similaires, possédant une source d'éclairage fixée à demeure, et leurs parties non dénommées ni comprises ailleurs :",1,équipements importés n’ayant pas de similaires fabriqués localement,secteurs économiques généraux,False
,94.05,"Appareils d'éclairage (y compris les projecteurs) et leurs parties, non dénommés ni compris ailleurs ; lampes-réclames, enseignes lumineuses, plaques indicatrices lumineuses et articles similaires, possédant une source d'éclairage fixée à demeure, et leurs parties non dénommées ni comprises ailleurs : > Autres appareils d'éclairage électriques :",1,équipements importés n’ayant pas de similaires fabriqués localement,secteurs économiques généraux,False
EX 940540,94.05,"Appareils d'éclairage (y compris les projecteurs) et leurs parties, non dénommés ni compris ailleurs ; lampes-réclames, enseignes lumineuses, plaques indicatrices lumineuses et articles similaires, possédant une source d'éclairage fixée à demeure, et leurs parties non dénommées ni comprises ailleurs : > Autres appareils d'éclairage électriques : > appareils d'éclairage spécifiques pour salles d'opérations (scialytiques).",1,équipements importés n’ayant pas de similaires fabriqués localement,secteurs économiques généraux,False
EX 940600,94.06,Constructions préfabriquées :,1,équipements importés n’ayant pas de similaires fabriqués localement,secteurs économiques généraux,False
940600 1 1 0,94.06,Constructions préfabriquées : > Résidences mobiles :,1,équipements importés n’ayant pas de similaires fabriqués localement,secteurs économiques généraux,False
,94.06,Constructions préfabriquées : > Autres :,1,équipements importés n’ayant pas de similaires fabriqués localement,secteurs économiques généraux,False
940600 2 0 0,94.06,Constructions préfabriquées : > Autres : > en bois :,1,équipements importés n’ayant pas de similaires fabriqués localement,secteurs économiques généraux,False
,94.06,Constructions préfabriquées : > Autres : > en fer ou en acier :,1,équipements importés n’ayant pas de similaires fabriqués localement,secteurs économiques généraux,False
940600 3 8 0,94.06,Constructions préfabriquées : > Autres : > en fer ou en acier : > autres :,1,équipements importés n’ayant pas de similaires fabriqués localement,secteurs économiques généraux,False
940600 8 0 0,94.06,Constructions préfabriquées : > Autres : > en autres matières :,1,équipements importés n’ayant pas de similaires fabriqués localement,secteurs économiques généraux,False
,94.06,Constructions préfabriquées : > Autres : > en autres matières : > constructions préfabriquées pour salle blanche destinée aux industries agroalimentaires et pharmaceutiques et aux laboratoires de transplantation d'organes,1,équipements importés n’ayant pas de similaires fabriqués localement,secteurs économiques généraux,False
EX 392310,36.23,Caisse en plastique pour le transport des volailles vivantes d’une capacité inférieure ou égale à litres > Caisse en plastique pour le transport des volailles vivantes d'une capacité inférieure ou égale à 200 litres,2,équipements fabriqués localement,secteurs économiques généraux,False
,EX 39.25,Réservoirs et citernes en plastique,2,équipements fabriqués localement,secteurs économiques généraux,False
,EX 39.26,Bacs isothermes pour le transport des poissons,2,équipements fabriqués localement,secteurs économiques généraux,False
,EX 73.05,Tubes et tuyaux soudés utilisés dans les pompages et les forages d’eau et la construction,2,équipements fabriqués localement,secteurs économiques généraux,False
EX 730900,73.09,"Equipements pour le stockage d’hydrocarbures récupérés Réservoirs et cuves en fer d’une contenance supérieure à 300 L Cuves en acier inoxydable d’une contenance supérieure à 300 L Citernes métalliques Citernes en acier inoxydable pour le lait frais, d’une contenance supérieure à 300 litres destinés à être incorporés sur les camions de transport du lait frais Citernes en acier inoxydable d’une capacité supérieure ou égale à 800 litres Silos de stockage des céréales > Equipements pour le stockage d'hydrocarbures récupérés",2,équipements fabriqués localement,secteurs économiques généraux,False
EX 730900,73.09,"Equipements pour le stockage d’hydrocarbures récupérés Réservoirs et cuves en fer d’une contenance supérieure à 300 L Cuves en acier inoxydable d’une contenance supérieure à 300 L Citernes métalliques Citernes en acier inoxydable pour le lait frais, d’une contenance supérieure à 300 litres destinés à être incorporés sur les camions de transport du lait frais Citernes en acier inoxydable d’une capacité supérieure ou égale à 800 litres Silos de stockage des céréales > Réservoirs et cuves en fer d'une contenance supérieure à 300 L",2,équipements fabriqués localement,secteurs économiques généraux,False
EX 730900,73.09,"Equipements pour le stockage d’hydrocarbures récupérés Réservoirs et cuves en fer d’une contenance supérieure à 300 L Cuves en acier inoxydable d’une contenance supérieure à 300 L Citernes métalliques Citernes en acier inoxydable pour le lait frais, d’une contenance supérieure à 300 litres destinés à être incorporés sur les camions de transport du lait frais Citernes en acier inoxydable d’une capacité supérieure ou égale à 800 litres Silos de stockage des céréales > Cuves en acier inoxydable d'une contenance supérieure à 300 L",2,équipements fabriqués localement,secteurs économiques généraux,False
EX 730900,73.09,"Equipements pour le stockage d’hydrocarbures récupérés Réservoirs et cuves en fer d’une contenance supérieure à 300 L Cuves en acier inoxydable d’une contenance supérieure à 300 L Citernes métalliques Citernes en acier inoxydable pour le lait frais, d’une contenance supérieure à 300 litres destinés à être incorporés sur les camions de transport du lait frais Citernes en acier inoxydable d’une capacité supérieure ou égale à 800 litres Silos de stockage des céréales > Citernes métalliques",2,équipements fabriqués localement,secteurs économiques généraux,False
EX 730900,73.09,"Equipements pour le stockage d’hydrocarbures récupérés Réservoirs et cuves en fer d’une contenance supérieure à 300 L Cuves en acier inoxydable d’une contenance supérieure à 300 L Citernes métalliques Citernes en acier inoxydable pour le lait frais, d’une contenance supérieure à 300 litres destinés à être incorporés sur les camions de transport du lait frais Citernes en acier inoxydable d’une capacité supérieure ou égale à 800 litres Silos de stockage des céréales > Citernes en acier inoxydable pour le lait frais, d'une contenance supérieure à 300 litres destinés à être incorporés sur les camions de transport du lait frais",2,équipements fabriqués localement,secteurs économiques généraux,False
EX 730900,73.09,"Equipements pour le stockage d’hydrocarbures récupérés Réservoirs et cuves en fer d’une contenance supérieure à 300 L Cuves en acier inoxydable d’une contenance supérieure à 300 L Citernes métalliques Citernes en acier inoxydable pour le lait frais, d’une contenance supérieure à 300 litres destinés à être incorporés sur les camions de transport du lait frais Citernes en acier inoxydable d’une capacité supérieure ou égale à 800 litres Silos de stockage des céréales > Citernes en acier inoxydable d'une capacité supérieure ou égale à 800 litres",2,équipements fabriqués localement,secteurs économiques généraux,False
EX 730900,73.09,"Equipements pour le stockage d’hydrocarbures récupérés Réservoirs et cuves en fer d’une contenance supérieure à 300 L Cuves en acier inoxydable d’une contenance supérieure à 300 L Citernes métalliques Citernes en acier inoxydable pour le lait frais, d’une contenance supérieure à 300 litres destinés à être incorporés sur les camions de transport du lait frais Citernes en acier inoxydable d’une capacité supérieure ou égale à 800 litres Silos de stockage des céréales > Silos de stockage des céréales",2,équipements fabriqués localement,secteurs économiques généraux,False
,EX 73.10,Réservoirs en acier inoxydable pour le lait frais d’une contenance supérieure ou égale à 50 et ne dépassant pas 300 litres,2,équipements fabriqués localement,secteurs économiques généraux,False
EX 731100,73.11,"Récipients pour gaz comprimés ou liquifiés, en fonte, fer ou acier d’une pression exprimée kg excédant 200 > Récipients pour gaz comprimés ou liquifiés, en fonte, fer ou acier d'une pression exprimée en kg excédant 200",2,équipements fabriqués localement,secteurs économiques généraux,False
,84.14,Compresseurs d'air électriques fixes d'une capacité supérieure à 1m³,2,équipements fabriqués localement,secteurs économiques généraux,False
EX 841620,84.16,Centrales de combustion à plusieurs injecteurs > Centrales de combustion à plusieurs injecteurs,2,équipements fabriqués localement,secteurs économiques généraux,False
EX 842010,84.20,Autres calendres et laminoirs autre que pour les métaux et le verre,2,équipements fabriqués localement,secteurs économiques généraux,False
EX 842010,84.20,Laminoirs d’argile à cylindres accessoires,2,équipements fabriqués localement,secteurs économiques généraux,False
EX 842240,84.22,Machines et appareils à empacter ou emballer les marchandises > Machines et appareils à empacter ou emballer les marchandises,2,équipements fabriqués localement,secteurs économiques généraux,False
EX 842420,84.24,Extincteur chargé ou non > Extincteur chargé ou non,2,équipements fabriqués localement,secteurs économiques généraux,False
EX 842890,84.28,Blocs de basculement hydrauliques complets (équipés de verins),2,équipements fabriqués localement,secteurs économiques généraux,False
,EX 84.32,Chargeurs automatiques,2,équipements fabriqués localement,secteurs économiques généraux,False
,EX 84.32,Charrues,2,équipements fabriqués localement,secteurs économiques généraux,False
,EX 84.32,"Herses scarificateurs, cultivateurs, extirpateurs, houes sarcleuses et bineuses",2,équipements fabriqués localement,secteurs économiques généraux,False
,EX 84.32,Epandeurs de fumier,2,équipements fabriqués localement,secteurs économiques généraux,False
,EX 84.32,Distributeurs d’engrais dont la capacité ne dépasse pas 600 litres,2,équipements fabriqués localement,secteurs économiques généraux,False
EX 843810,84.38,Pétrins à fourches d’une capacité de cuve 330 litres,2,équipements fabriqués localement,secteurs économiques généraux,False
EX 843810,84.38,Façonneuse de deux cylindres de 600mn,2,équipements fabriqués localement,secteurs économiques généraux,False
,84.38,Rouleuse de pâte d’une capacité maximale de 15 kg de pâte,2,équipements fabriqués localement,secteurs économiques généraux,False
,84.38,Tamis pour un débit 1200 kg/h,2,équipements fabriqués localement,secteurs économiques généraux,False
,84.38,Façonneuse de boulangerie,2,équipements fabriqués localement,secteurs économiques généraux,False
EX 846029,84.60,Rectifieuses automatiques pour cylindres lamineurs,2,équipements fabriqués localement,secteurs économiques généraux,False
EX 846249,84.62,Autres machines (y compris les presses) à poinçonner ou a gruger les métaux et les carbures métalliques y compris les machines combinées à poinçonner et à cisailler,2,équipements fabriqués localement,secteurs économiques généraux,False
EX 846291,84.62,"Autres presses hydrauliques, pour le travail des métaux et les carbures métalliques",2,équipements fabriqués localement,secteurs économiques généraux,False
EX 846410,84.64,Machines manuelles à scier le marbre à l’exclusion des châssis à mono et multilames pour scier les blocs de marbre,2,équipements fabriqués localement,secteurs économiques généraux,False
EX 846420,84.64,Machines à meuler ou à polir le marbre,2,équipements fabriqués localement,secteurs économiques généraux,False
EX 846510,84.65,"Machines à mortaiser, raboter et dégauchir à une seule tête, > Machines à mortaiser, raboter et dégauchir à une seule tête,",2,équipements fabriqués localement,secteurs économiques généraux,False
EX 846591,84.65,"Machines à mortaiser, raboter et dégauchir à une seule tête, > Machines à scier le bois, à ruban, autres qu’à commande numérique,",2,équipements fabriqués localement,secteurs économiques généraux,False
EX 846592,84.65,"Machines à mortaiser, raboter et dégauchir à une seule tête, > Machines à dégauchir le bois, à une seule tête et d’une longueur de table inférieure à 2500mm, autres qu’à commande numérique,",2,équipements fabriqués localement,secteurs économiques généraux,False
,84.65,"Machines à raboter le bois, à une seule tête et d’une hauteur de travail n’excédant pas ou 250mm, autres qu’à commande numérique,",2,équipements fabriqués localement,secteurs économiques généraux,False
,84.65,"Machines à fraiser le bois, à un seul outil et de hauteur de travail n’excédant pas 150mm, autres qu’à commande numérique,",2,équipements fabriqués localement,secteurs économiques généraux,False
EX 846595,84.65,"Machines à mortaiser, raboter et dégauchir à une seule tête, > Machines à percer le bois, à un seul outil, autres qu’à commande numérique,",2,équipements fabriqués localement,secteurs économiques généraux,False
,84.65,"Machines à mortaiser le bois, à une seule broche,autres qu’à commande numérique,",2,équipements fabriqués localement,secteurs économiques généraux,False
EX 847420,84.74,"Désagrégateur d’argile, à cylindres > Désagrégateur d’argile, à cylindres",2,équipements fabriqués localement,secteurs économiques généraux,False
EX 847431,84.74,"Désagrégateur d’argile, à cylindres > Bétonnières et appareils à gacher le ciment d’une capacité ne dépassant pas 600 L à l’exclusion de ceux à dosage automatique",2,équipements fabriqués localement,secteurs économiques généraux,False
EX 847432,84.74,"Désagrégateur d’argile, à cylindres > Machines à mélanger les matières minérales au bitume",2,équipements fabriqués localement,secteurs économiques généraux,False
EX 847439,84.74,"Désagrégateur d’argile, à cylindres > Epandeurs à bitume",2,équipements fabriqués localement,secteurs économiques généraux,False
,84.74,Mouilleurs mélangeurs d’argile et sable,2,équipements fabriqués localement,secteurs économiques généraux,False
EX 847480,84.74,"Désagrégateur d’argile, à cylindres > Groupes d’étirage",2,équipements fabriqués localement,secteurs économiques généraux,False
,84.74,Coupeurs monofils ou multifils,2,équipements fabriqués localement,secteurs économiques généraux,False
EX 847989,84.79,Autres machines et appareils mécaniques ayant une fonction propre (machines de fumugation) > Autres machines et appareils mécaniques ayant une fonction propre (machines de fumigation),2,équipements fabriqués localement,secteurs économiques généraux,False
EX 847989,84.79,Autres machines et appareils mécaniques ayant une fonction propre (machines de fumugation) > Doseurs pour lamineurs,2,équipements fabriqués localement,secteurs économiques généraux,False
EX 848071,84.80,Moules pour le caoutchouc ou les matières plastiques par injection ou par compression > Moules pour le caoutchouc ou les matières plastiques par injection ou par compression,2,équipements fabriqués localement,secteurs économiques généraux,False
EX 848110,84.81,Autres détendeurs > Autres détendeurs,2,équipements fabriqués localement,secteurs économiques généraux,False
EX 850211,85.02,Groupes électrogènes à moteur à piston à allumage par compression > Groupes électrogènes à moteur à piston à allumage par compression,2,équipements fabriqués localement,secteurs économiques généraux,False
,85.02,Groupes électrogènes à moteur à piston à allumage par compression > (moteur diesel ou semi-diesel) d’une puissance n’excédant pas 75 KVA,2,équipements fabriqués localement,secteurs économiques généraux,False
EX 850212,85.02,Groupes électrogènes à moteur à piston à allumage par compression > Groupes électrogènes à moteur à piston à allumage par compression (moteur diesel ou semi-diesel) d’une puissance excédant 75 KVA,2,équipements fabriqués localement,secteurs économiques généraux,False
EX 850213,85.02,Groupes électrogènes à moteur à piston à allumage par compression > Groupes électrogènes à moteur à piston à allumage par compression (moteur diesel ou semi - diesel) d’une puissance excédant 375 KVA,2,équipements fabriqués localement,secteurs économiques généraux,False
EX 850421,85.04,à diélectrique liquide d’une puissance n’excédant pas 650 KVA > Transformateurs à diélectrique liquide d’une puissance n’excédant pas 650 KVA,2,équipements fabriqués localement,secteurs économiques généraux,False
EX 850422,85.04,à diélectrique liquide d’une puissance n’excédant pas 650 KVA > Transformateurs à diélectrique liquide d’une puissance excédant 650 KVA mais n'excédant pas 10 000 KVA,2,équipements fabriqués localement,secteurs économiques généraux,False
EX 850432,85.04,à diélectrique liquide d’une puissance n’excédant pas 650 KVA > Autres transformateurs d’une puissance excédant 16 KVA mais n’excédant pas 500 KVA,2,équipements fabriqués localement,secteurs économiques généraux,False
EX 850440,85.04,à diélectrique liquide d’une puissance n’excédant pas 650 KVA > Onduleurs,2,équipements fabriqués localement,secteurs économiques généraux,False
EX 851539,85.15,machines et appareils pour le soudage des métaux à l’arc ou au jet de plasma > Autres machines et appareils pour le soudage des métaux à l’arc ou au jet de plasma,2,équipements fabriqués localement,secteurs économiques généraux,False
EX 851730,85.17,appareils de communication pour téléphonie et télégraphie > Autres appareils de communication pour téléphonie et télégraphie,2,équipements fabriqués localement,secteurs économiques généraux,False
EX 851740,85.17,appareils de communication pour téléphonie et télégraphie > Autres appareils pour la télécommunication par courant porteur,2,équipements fabriqués localement,secteurs économiques généraux,False
EX 853710,85.37,"de commande, armoires de commande numériques et mélangeurs avec armoire de comportant plusieurs appareils du n° 85.35 et 85.36 pour une tension pas 1000 V > Pupitres de commande, armoires de commande numériques et mélangeurs avec armoire de branchement comportant plusieurs appareils du n° 85.35 et 85.36 pour une tension n’excédant pas 1000 V",2,équipements fabriqués localement,secteurs économiques généraux,False
EX 853720,85.37,"de commande, armoires de commande numériques et mélangeurs avec armoire de comportant plusieurs appareils du n° 85.35 et 85.36 pour une tension pas 1000 V > Tableaux, armoires de commande et consoles électriques à usage industriel, cabines pour distribution et transformation électrique pour une tension excédant 1000V",2,équipements fabriqués localement,secteurs économiques généraux,False
EX 860800,86.08,électriques > barrières électriques,2,équipements fabriqués localement,secteurs économiques généraux,False
,EX 87.04,Camions conçus à être équipés des cabines isothermes et destinés au transport frigorifique des produits agricoles et du lait frais,2,équipements fabriqués localement,secteurs économiques généraux,False
,EX 87.04,Camions conçus à être équipés des cabines isothermes et destinés au transport frigorifique des produits de la pêche,2,équipements fabriqués localement,secteurs économiques généraux,False
,EX 87.04,Camions conçus à être équipés des citernes en acier inoxydable d’une contenance supérieure à 300 litres et destinés au transport du lait frais,2,équipements fabriqués localement,secteurs économiques généraux,False
EX 870590,87.05,Vide-fosses,2,équipements fabriqués localement,secteurs économiques généraux,False
EX 871639,87.16,tractables cureuses à godets > Hydrocureuses tractables,2,équipements fabriqués localement,secteurs économiques généraux,False
,87.16,Paires de cureuses à godets,2,équipements fabriqués localement,secteurs économiques généraux,False
,EX 87.16,Citernes pour le transport du lait frais,2,équipements fabriqués localement,secteurs économiques généraux,False
,EX 90-16,Balance de laboratoires,2,équipements fabriqués localement,secteurs économiques généraux,False
,EX 94-02,Tables de réanimation périnatale,2,équipements fabriqués localement,secteurs économiques généraux,False
,EX 94-02,Table d’autopsie,2,équipements fabriqués localement,secteurs économiques généraux,False
,EX 94-02,Lites orthopédiques,2,équipements fabriqués localement,secteurs économiques généraux,False
,EX 94-02,Lites de réanimation,2,équipements fabriqués localement,secteurs économiques généraux,False
EX 01.01,,Chevaux reproducteurs de race pure,3,équipements importés n’ayant pas de similaires fabriqués localement,agriculture et pêche,False
EX 01.03,,Porcs reproducteurs de race pure,3,équipements importés n’ayant pas de similaires fabriqués localement,agriculture et pêche,False
EX 01.04,,Ovins et caprins reproducteurs de race pure,3,équipements importés n’ayant pas de similaires fabriqués localement,agriculture et pêche,False
EX 01.06,,Autres animaux reproducteurs de race pure,3,équipements importés n’ayant pas de similaires fabriqués localement,agriculture et pêche,False
EX 06.01,,"Bulbes, tubercules, rhizomes",3,équipements importés n’ayant pas de similaires fabriqués localement,agriculture et pêche,False
EX 06.02,,"Plantes, plants et racines",3,équipements importés n’ayant pas de similaires fabriqués localement,agriculture et pêche,False
EX 39.17,,Tube de chauffage annelé en polypropylène.,3,équipements importés n’ayant pas de similaires fabriqués localement,agriculture et pêche,False
EX 39.17,,Gaines souples et tubes poreux en polyéthylène utilisées dans l'irrigation goutte à goutte,3,équipements importés n’ayant pas de similaires fabriqués localement,agriculture et pêche,False
EX 39.17,,Tuyaux en polyéthylène utilisés dans l'irrigation goutte à goutte avec goutteurs intégrés autorégulant.,3,équipements importés n’ayant pas de similaires fabriqués localement,agriculture et pêche,False
EX 39.23,,Citernes souples gonflables en matière plastique,3,équipements importés n’ayant pas de similaires fabriqués localement,agriculture et pêche,False
EX 39.23,,Caisses en plastique d'une capacité supérieure ou égale à 250 litres pour le transport des fruits et légumes,3,équipements importés n’ayant pas de similaires fabriqués localement,agriculture et pêche,False
EX 39.23,,Caisses en plastique pour le transport des volailles vivantes d'une capacité supérieure à 200 litres,3,équipements importés n’ayant pas de similaires fabriqués localement,agriculture et pêche,False
EX 39.23,,Caisses en plastique pour le transport des viandes de volailles d'une capacité supérieure à 400 litres,3,équipements importés n’ayant pas de similaires fabriqués localement,agriculture et pêche,False
EX 39.23,,Filets tubulaires en plastique extrudé,3,équipements importés n’ayant pas de similaires fabriqués localement,agriculture et pêche,False
EX 39.26,,Conteneurs en polypropylène pour élevage de plantes dans les pépinières,3,équipements importés n’ayant pas de similaires fabriqués localement,agriculture et pêche,False
EX 39.26,,Flotteurs pour la pêche d'un diamètre inférieur ou égale à 5 cm,3,équipements importés n’ayant pas de similaires fabriqués localement,agriculture et pêche,False
EX 39.26,,Flotteurs pour la pêche d'un diamètre supérieur ou égale à 10 cm.,3,équipements importés n’ayant pas de similaires fabriqués localement,agriculture et pêche,False
EX 39.26,,Filets en plastique pour la production des coquillages,3,équipements importés n’ayant pas de similaires fabriqués localement,agriculture et pêche,False
EX 39.26,,Cages flottantes en plastique pour aquaculture,3,équipements importés n’ayant pas de similaires fabriqués localement,agriculture et pêche,False
EX 39.26,,Grillage en prolypropylène pour la culture des œillets,3,équipements importés n’ayant pas de similaires fabriqués localement,agriculture et pêche,False
EX 39.26,,Filets tubulaires en plastique extrudé,3,équipements importés n’ayant pas de similaires fabriqués localement,agriculture et pêche,False
EX 39.26,,Conteneurs d'un diamètre supérieur à 50 cm pour culture des plants sous serres,3,équipements importés n’ayant pas de similaires fabriqués localement,agriculture et pêche,False
EX 39.26,,Cages pour lapins,3,équipements importés n’ayant pas de similaires fabriqués localement,agriculture et pêche,False
EX 39.26,,Bacs isothermes pour le transport des poissons,3,équipements importés n’ayant pas de similaires fabriqués localement,agriculture et pêche,False
EX 40.09,,"Tubes et tuyaux en caoutchouc vulcanisé pour moteurs marins, treuils et gouvernails.",3,équipements importés n’ayant pas de similaires fabriqués localement,agriculture et pêche,False
EX 40.09,,"Tubes et tuyaux en caoutchouc vulcanisé pour cabestants, remonte – filets, grues à bord, power bloc et vire palangre",3,équipements importés n’ayant pas de similaires fabriqués localement,agriculture et pêche,False
EX 40.16,,Cages flottantes en caoutchouc pour aquaculture,3,équipements importés n’ayant pas de similaires fabriqués localement,agriculture et pêche,False
EX 44.21,,Poteaux en bois pour la fixation des filets de protection des plantes et arbres fruitiers avec accessoires de raccordement,3,équipements importés n’ayant pas de similaires fabriqués localement,agriculture et pêche,False
EX 54.07,,Couverture en plastique anti-pluie pour la protection de la viticulture,3,équipements importés n’ayant pas de similaires fabriqués localement,agriculture et pêche,False
EX 56.07,,Cordages en plastiques,3,équipements importés n’ayant pas de similaires fabriqués localement,agriculture et pêche,False
EX 56.08,,Filets pour la cueillette des fruits,3,équipements importés n’ayant pas de similaires fabriqués localement,agriculture et pêche,False
EX 56.08,,Filets antigrèle et d'ombrage,3,équipements importés n’ayant pas de similaires fabriqués localement,agriculture et pêche,False
EX 56.08,,Filets en plastique anti-grêle et oiseaux,3,équipements importés n’ayant pas de similaires fabriqués localement,agriculture et pêche,False
EX 56.08,,Filets en plastique pour la récolte des oliviers,3,équipements importés n’ayant pas de similaires fabriqués localement,agriculture et pêche,False
EX 56.08,,Filets moustiquaires pour la protection des dattes,3,équipements importés n’ayant pas de similaires fabriqués localement,agriculture et pêche,False
EX 56.08,,Filets en coton pour la production des coquillages,3,équipements importés n’ayant pas de similaires fabriqués localement,agriculture et pêche,False
EX 56.08,,Filets 8mm – 15 mm pour cages d’acquaculture,3,équipements importés n’ayant pas de similaires fabriqués localement,agriculture et pêche,False
EX 73.08,,Cases de maternité en construction métallique destinées à l'élevage de porcs.,3,équipements importés n’ayant pas de similaires fabriqués localement,agriculture et pêche,False
EX 73.08,,"Cuves en acier inoxydable pour le stockage du lait, de capacité égale ou supérieure à 30.000 litres",3,équipements importés n’ayant pas de similaires fabriqués localement,agriculture et pêche,False
EX 73.08,,"Portes, fenêtres et plaques multi-couches isolantes pour les constructions d'élevage des animaux",3,équipements importés n’ayant pas de similaires fabriqués localement,agriculture et pêche,False
EX 73.09,,Silos de stockage des céréales,3,équipements importés n’ayant pas de similaires fabriqués localement,agriculture et pêche,False
EX 73.09,,Cuves métalliques de stockage des eaux d'une capacité supérieure ou égale à 300 litres,3,équipements importés n’ayant pas de similaires fabriqués localement,agriculture et pêche,False
EX 73.10,,Bidonsà lait en acier inoxydable,3,équipements importés n’ayant pas de similaires fabriqués localement,agriculture et pêche,False
EX 73.10,,récipients à lait en acier inoxydable d'une capacité de 40 litres,3,équipements importés n’ayant pas de similaires fabriqués localement,agriculture et pêche,False
EX 73.14,,Grillage en fer ou en acier treillis couverts en matière plastique pour la pêche,3,équipements importés n’ayant pas de similaires fabriqués localement,agriculture et pêche,False
EX 73.15,,Chaînes en acier,3,équipements importés n’ayant pas de similaires fabriqués localement,agriculture et pêche,False
EX 73.21,,Appareils de chauffage pour couvoirs de volailles,3,équipements importés n’ayant pas de similaires fabriqués localement,agriculture et pêche,False
EX 73.26,,Poteaux et piquets de palissage pour viticulture,3,équipements importés n’ayant pas de similaires fabriqués localement,agriculture et pêche,False
EX 73.26,,Cages flottantes en acier pour aquaculture,3,équipements importés n’ayant pas de similaires fabriqués localement,agriculture et pêche,False
EX 73.26,,Poteaux en acier pour la fixation des filets de protection des plantes et arbres fruitiers avec accessoires de raccordement,3,équipements importés n’ayant pas de similaires fabriqués localement,agriculture et pêche,False
EX 73.26,,Equipements pour réduire les mouvements des vaches lors de la traite,3,équipements importés n’ayant pas de similaires fabriqués localement,agriculture et pêche,False
EX 73.26,,Manilles et cosses en acier,3,équipements importés n’ayant pas de similaires fabriqués localement,agriculture et pêche,False
EX 76.12,,Récipients cryobiologiques de capacité ne dépassant pas 40 litres,3,équipements importés n’ayant pas de similaires fabriqués localement,agriculture et pêche,False
EX 76.12,,Bidons à lait en aluminium,3,équipements importés n’ayant pas de similaires fabriqués localement,agriculture et pêche,False
EX 84.02,,Chaudières à vapeur aquatubulaires,3,équipements importés n’ayant pas de similaires fabriqués localement,agriculture et pêche,False
EX 84.04,,Appareils auxiliaires pour chaudières du n°84-02,3,équipements importés n’ayant pas de similaires fabriqués localement,agriculture et pêche,False
EX 84.05,,Unités de production d'oxygène,3,équipements importés n’ayant pas de similaires fabriqués localement,agriculture et pêche,False
EX 84.06,,Turbines à vapeur,3,équipements importés n’ayant pas de similaires fabriqués localement,agriculture et pêche,False
EX 84.07,,Moteurs marins hors-bord pour la pêche,3,équipements importés n’ayant pas de similaires fabriqués localement,agriculture et pêche,False
EX 84.08,,Moteurs pour la propulsion des bateaux de pêche,3,équipements importés n’ayant pas de similaires fabriqués localement,agriculture et pêche,False
EX 84.08,,Moteurs diesel à un ou deux cylindres pour minitracteurs et motoculteurs,3,équipements importés n’ayant pas de similaires fabriqués localement,agriculture et pêche,False
EX 84.08,,Moteurs diesel à un ou deux cylindres pour pompes d'irrigation,3,équipements importés n’ayant pas de similaires fabriqués localement,agriculture et pêche,False
EX 84.10,,"Turbines hydrauliques, roues hydrauliques et leurs régulateurs",3,équipements importés n’ayant pas de similaires fabriqués localement,agriculture et pêche,False
EX 84.12,,Moteurs hydrauliques,3,équipements importés n’ayant pas de similaires fabriqués localement,agriculture et pêche,False
EX 84.12,,Moteurs pneumatiques (démarreurs à air) pour moteurs marins,3,équipements importés n’ayant pas de similaires fabriqués localement,agriculture et pêche,False
EX 84.12,,Moteurs pneumatiques,3,équipements importés n’ayant pas de similaires fabriqués localement,agriculture et pêche,False
EX 84.13,,Electropompes immergées multicellulaires,3,équipements importés n’ayant pas de similaires fabriqués localement,agriculture et pêche,False
EX 84.13,,Pompe de relevage hydraulique pour tracteurs et moissonneuses batteuses,3,équipements importés n’ayant pas de similaires fabriqués localement,agriculture et pêche,False
EX 84.13,,Pompe de refroidissement des moteurs marins,3,équipements importés n’ayant pas de similaires fabriqués localement,agriculture et pêche,False
EX 84.13,,Pompe d'injection pour moteurs marins,3,équipements importés n’ayant pas de similaires fabriqués localement,agriculture et pêche,False
EX 84.13,,Pompe d'assèchement des cales de bateaux de pêche,3,équipements importés n’ayant pas de similaires fabriqués localement,agriculture et pêche,False
EX 84.13,,Pompe distributive pour équipements hydrauliques de manutention à bord des bateaux de pêche,3,équipements importés n’ayant pas de similaires fabriqués localement,agriculture et pêche,False
EX 84.13,,Pompe à eau pour fluide frigorigène,3,équipements importés n’ayant pas de similaires fabriqués localement,agriculture et pêche,False
EX 84.13,,Pompes d'alimentation et accessoires pour élevage de poissons,3,équipements importés n’ayant pas de similaires fabriqués localement,agriculture et pêche,False
EX 84.14,,Aérateurs pour aquaculture,3,équipements importés n’ayant pas de similaires fabriqués localement,agriculture et pêche,False
EX 84.14,,Générateurs à piston,3,équipements importés n’ayant pas de similaires fabriqués localement,agriculture et pêche,False
EX 84.14,,Turbocompresseur à air ou à gaz,3,équipements importés n’ayant pas de similaires fabriqués localement,agriculture et pêche,False
EX 84.14,,Machines pour la fabrication de la glace destinée à la conservation des produits de la mer,3,équipements importés n’ayant pas de similaires fabriqués localement,agriculture et pêche,False
EX 84.14,,Compresseurs utilisés dans les équipements frigorifiques,3,équipements importés n’ayant pas de similaires fabriqués localement,agriculture et pêche,False
EX 84.14,,Compresseurs d'air monté sur châssis à roues et remorquables,3,équipements importés n’ayant pas de similaires fabriqués localement,agriculture et pêche,False
,,Hotte à flux luminaires,3,équipements importés n’ayant pas de similaires fabriqués localement,agriculture et pêche,False
,,pompe à vide,3,équipements importés n’ayant pas de similaires fabriqués localement,agriculture et pêche,False
EX 84.15,,"Chambres isothermes préfabriquées destinées pour la culture des champignons équipées de dispositifs de traitement de l'air, d'établissement et du contrôle des paramètres atmosphériques",3,équipements importés n’ayant pas de similaires fabriqués localement,agriculture et pêche,False
EX 84.15,,Appareils de refroidissement et équipements de conditionnement d'air à l'intérieur des constructions destinées à l'élevage des animaux,3,équipements importés n’ayant pas de similaires fabriqués localement,agriculture et pêche,False
EX 84.15,,Appareils de conditionnement d'air pour constructions destinées à la culture des champignons,3,équipements importés n’ayant pas de similaires fabriqués localement,agriculture et pêche,False
EX 84.18,,Groupe frigorifiques destinés au matériel de transport des produits de la mer et du lait frais,3,équipements importés n’ayant pas de similaires fabriqués localement,agriculture et pêche,False
EX 84.18,,Autres machines et appareils pour la production du froid autre qu'à usage domestique à l'exclusion des cuves réfrigérées,3,équipements importés n’ayant pas de similaires fabriqués localement,agriculture et pêche,False
EX 84.18,,Citernes tractées réfrigérées horizontales en acier inoxydable,3,équipements importés n’ayant pas de similaires fabriqués localement,agriculture et pêche,False
EX 84.18,,Groupes frigorifiques pour chambres froides,3,équipements importés n’ayant pas de similaires fabriqués localement,agriculture et pêche,False
EX 84.18,,Appareils de refroidissement pour constructions destinées à la culture des champignons,3,équipements importés n’ayant pas de similaires fabriqués localement,agriculture et pêche,False
EX 84.18,,Bacs isothermes réfrigérés pour le transport des poissons,3,équipements importés n’ayant pas de similaires fabriqués localement,agriculture et pêche,False
EX 84.18,,"Panneaux, plaques multicouches, porteset fenêtres isothermes pour les constructions d'élevage d'animaux",3,équipements importés n’ayant pas de similaires fabriqués localement,agriculture et pêche,False
EX 84.18,,Chambres froides d'une capacité dépassant 400 000 litres,3,équipements importés n’ayant pas de similaires fabriqués localement,agriculture et pêche,False
EX 84.19,,Echangeurs thermiques pour aquaculture,3,équipements importés n’ayant pas de similaires fabriqués localement,agriculture et pêche,False
EX 84.19,,Séchoirs pour produits agricoles,3,équipements importés n’ayant pas de similaires fabriqués localement,agriculture et pêche,False
EX 84.19,,Compteur de colonies,3,équipements importés n’ayant pas de similaires fabriqués localement,agriculture et pêche,False
EX 84.19,,Distillateur,3,équipements importés n’ayant pas de similaires fabriqués localement,agriculture et pêche,False
EX 84.19,,Etuves bactériologiques,3,équipements importés n’ayant pas de similaires fabriqués localement,agriculture et pêche,False
EX 84.19,,Etuves universelles,3,équipements importés n’ayant pas de similaires fabriqués localement,agriculture et pêche,False
EX 84.19,,Autoclaves paillasses,3,équipements importés n’ayant pas de similaires fabriqués localement,agriculture et pêche,False
EX 84.21,,Adoucisseur,3,équipements importés n’ayant pas de similaires fabriqués localement,agriculture et pêche,False
EX 84.21,,Rampe de filtration,3,équipements importés n’ayant pas de similaires fabriqués localement,agriculture et pêche,False
EX 84.21,,Filtres et appareils de filtration pour aquaculture,3,équipements importés n’ayant pas de similaires fabriqués localement,agriculture et pêche,False
EX 84.21,,Epurateurs d'eau électromagnétiques,3,équipements importés n’ayant pas de similaires fabriqués localement,agriculture et pêche,False
EX 84.22,,Appareils de lavage des caisses en plastique,3,équipements importés n’ayant pas de similaires fabriqués localement,agriculture et pêche,False
EX 84.23,,Pesant automatique pour le contrôle des animaux vivants (volailles et petits ruminants),3,équipements importés n’ayant pas de similaires fabriqués localement,agriculture et pêche,False
EX 84.24,,Matériels d'irrigation par aspersion destinés pour les grandes superficies,3,équipements importés n’ayant pas de similaires fabriqués localement,agriculture et pêche,False
EX 84.24,,Surpresseur à haute pression pour lavage des bâtiments d'élevage d'animaux,3,équipements importés n’ayant pas de similaires fabriqués localement,agriculture et pêche,False
EX 84.25,,"Cabestans, remonte-filets, treuils",3,équipements importés n’ayant pas de similaires fabriqués localement,agriculture et pêche,False
EX 84.25,,Power-bloc et vire-palangres,3,équipements importés n’ayant pas de similaires fabriqués localement,agriculture et pêche,False
EX 84.32,,"Semoirs, plantoirs et repiqueurs",3,équipements importés n’ayant pas de similaires fabriqués localement,agriculture et pêche,False
EX 84.32,,Distributeurs d'engrais dont la capacité dépasse 600 litres,3,équipements importés n’ayant pas de similaires fabriqués localement,agriculture et pêche,False
EX 84.33,,"Faucheuses, y compris les barres de coupe à moteur sur tracteur",3,équipements importés n’ayant pas de similaires fabriqués localement,agriculture et pêche,False
EX 84.33,,Autres machines et appareils de fenaison,3,équipements importés n’ayant pas de similaires fabriqués localement,agriculture et pêche,False
,,"Autres machines et appareils pour la récolte, machines et appareils pour le battage :",3,équipements importés n’ayant pas de similaires fabriqués localement,agriculture et pêche,False
EX 84.33,,"Autres machines et appareils pour la récolte, machines et appareils pour le battage : > Moissonneuses-batteuses",3,équipements importés n’ayant pas de similaires fabriqués localement,agriculture et pêche,False
EX 84.33,,"Autres machines et appareils pour la récolte, machines et appareils pour le battage : > Autres machines et appareils pour le battage",3,équipements importés n’ayant pas de similaires fabriqués localement,agriculture et pêche,False
EX 84.33,,"Autres machines et appareils pour la récolte, machines et appareils pour le battage : > Machines pour la récolte des racines ou tubercules",3,équipements importés n’ayant pas de similaires fabriqués localement,agriculture et pêche,False
EX 84.33,,"Autres machines et appareils pour la récolte, machines et appareils pour le battage : > Machines pour le nettoyage ou le tirage des œufs, fruits ou autres produits agricoles",3,équipements importés n’ayant pas de similaires fabriqués localement,agriculture et pêche,False
EX 84.33,,Presses ramasseuses à paille ou à fourrage,3,équipements importés n’ayant pas de similaires fabriqués localement,agriculture et pêche,False
EX 84.34,,Machines à traire,3,équipements importés n’ayant pas de similaires fabriqués localement,agriculture et pêche,False
EX 84.34,,Machines et appareils de laiterie,3,équipements importés n’ayant pas de similaires fabriqués localement,agriculture et pêche,False
EX 84.35,,"Machines et appareils pour la fabrication du vin, du cidre, des jus de fruits ou de boissons similaires.",3,équipements importés n’ayant pas de similaires fabriqués localement,agriculture et pêche,False
EX 84.36,,Machines et appareils pour la préparation des aliments ou provendes pour animaux,3,équipements importés n’ayant pas de similaires fabriqués localement,agriculture et pêche,False
EX 84.36,,"Machines et appareils pour l'aviculture, autres que les couveuses et éleveuses",3,équipements importés n’ayant pas de similaires fabriqués localement,agriculture et pêche,False
EX 84.36,,Autres machines et appareils,3,équipements importés n’ayant pas de similaires fabriqués localement,agriculture et pêche,False
EX 84.36,,Couveuses industrielles dont la capacité dépasse 136 œufs,3,équipements importés n’ayant pas de similaires fabriqués localement,agriculture et pêche,False
EX 84.36,,Couveuses pour œufs d'autruches,3,équipements importés n’ayant pas de similaires fabriqués localement,agriculture et pêche,False
EX 84.36,,Appareils de broyage et de mouture des matières organiques,3,équipements importés n’ayant pas de similaires fabriqués localement,agriculture et pêche,False
EX 84.37,,"Machines pour le nettoyage, le triage ou le criblage des grains ou des légumes secs",3,équipements importés n’ayant pas de similaires fabriqués localement,agriculture et pêche,False
EX 84.37,,Autres machines et appareils,3,équipements importés n’ayant pas de similaires fabriqués localement,agriculture et pêche,False
EX 84.38,,Equipements complets d'abattage et de nettoyages des volailles,3,équipements importés n’ayant pas de similaires fabriqués localement,agriculture et pêche,False
EX 84.51,,Appareils de lavage des filets de pêche,3,équipements importés n’ayant pas de similaires fabriqués localement,agriculture et pêche,False
EX 84.52,,Machines de confection des filets de pêche,3,équipements importés n’ayant pas de similaires fabriqués localement,agriculture et pêche,False
EX 84.65,,Matériels d'exploitation du bois dans les forêts,3,équipements importés n’ayant pas de similaires fabriqués localement,agriculture et pêche,False
EX 84.67,,Tronçonneuses à chaînes pour couper les arbres,3,équipements importés n’ayant pas de similaires fabriqués localement,agriculture et pêche,False
EX 84.67,,"Outils de cueillette des olives pour emploi à la main à moteur incorporé (pneumatique - hydraulique - électrique) avec outils interchangeables (Bras, peignes et ciseaux)",3,équipements importés n’ayant pas de similaires fabriqués localement,agriculture et pêche,False
EX 84.79,,Alimentateurs automatiques pour aquaculture (self feader),3,équipements importés n’ayant pas de similaires fabriqués localement,agriculture et pêche,False
EX 84.79,,Appareils de timonerie et de gouverne pour navires,3,équipements importés n’ayant pas de similaires fabriqués localement,agriculture et pêche,False
EX 84.79,,Silos de stockage de céréales,3,équipements importés n’ayant pas de similaires fabriqués localement,agriculture et pêche,False
EX 84.79,,Trieuses calibreuses de poissons,3,équipements importés n’ayant pas de similaires fabriqués localement,agriculture et pêche,False
EX 84.81,,Robinetterie du circuit de froid,3,équipements importés n’ayant pas de similaires fabriqués localement,agriculture et pêche,False
EX 84.81,,Détenteurs pour circuit de froid,3,équipements importés n’ayant pas de similaires fabriqués localement,agriculture et pêche,False
EX 84.81,,Distributeur milieu de culture,3,équipements importés n’ayant pas de similaires fabriqués localement,agriculture et pêche,False
EX 85.01,,"Moteurs électriques d'une puissance comprise entre 1/20 et 1/25 CVet d'une vitesse de 6000 tours/mn, sans accessoires pour échosondeur.",3,équipements importés n’ayant pas de similaires fabriqués localement,agriculture et pêche,False
EX 85.01,,Moteurs électriques immergés pour électropompes,3,équipements importés n’ayant pas de similaires fabriqués localement,agriculture et pêche,False
EX 85.01,,Moteur électriques pour compresseur,3,équipements importés n’ayant pas de similaires fabriqués localement,agriculture et pêche,False
EX 85.04,,Dynamo générateur de courant électrique destiné à la pêche au feu,3,équipements importés n’ayant pas de similaires fabriqués localement,agriculture et pêche,False
EX 85.09,,Broyeur,3,équipements importés n’ayant pas de similaires fabriqués localement,agriculture et pêche,False
EX 85.14,,Autoclave vertical,3,équipements importés n’ayant pas de similaires fabriqués localement,agriculture et pêche,False
EX 85.16,,Agitateur magnétique chauffant,3,équipements importés n’ayant pas de similaires fabriqués localement,agriculture et pêche,False
EX 85.16,,Agitateur vortex,3,équipements importés n’ayant pas de similaires fabriqués localement,agriculture et pêche,False
EX 85.17,,Bain - Marie,3,équipements importés n’ayant pas de similaires fabriqués localement,agriculture et pêche,False
EX 85.25,,Appareils émetteur-récepteur pour navigation maritime,3,équipements importés n’ayant pas de similaires fabriqués localement,agriculture et pêche,False
EX 85.26,,Appareils de radiodétection et de radio sondage (radar) pour navigation maritime,3,équipements importés n’ayant pas de similaires fabriqués localement,agriculture et pêche,False
EX 85.26,,"Sondeur, sonar, scanner et système global de positionnement GPS, pour détection et navigation maritime",3,équipements importés n’ayant pas de similaires fabriqués localement,agriculture et pêche,False
EX 85.26,,Equipements terminaux de surveillance des bateaux de pêche par satellites,3,équipements importés n’ayant pas de similaires fabriqués localement,agriculture et pêche,False
EX 85.29,,Parties des appareils visés aux n°85.25 et 85.26 cités ci-dessus,3,équipements importés n’ayant pas de similaires fabriqués localement,agriculture et pêche,False
EX 85.31,,Centrale de surveillance des températures,3,équipements importés n’ayant pas de similaires fabriqués localement,agriculture et pêche,False
EX 85.39,,Lampes électriques d'une tension inférieure à 50 volts et d'une puissance inférieure à 1000 Watts destinées pour la pêche,3,équipements importés n’ayant pas de similaires fabriqués localement,agriculture et pêche,False
EX 87.01,,Motoculteurs,3,équipements importés n’ayant pas de similaires fabriqués localement,agriculture et pêche,False
EX 87.01,,"Tracteurs à chenilles, agricoles",3,équipements importés n’ayant pas de similaires fabriqués localement,agriculture et pêche,False
EX 87.01,,Autres tracteurs agricoles,3,équipements importés n’ayant pas de similaires fabriqués localement,agriculture et pêche,False
EX 87.04,,"Camions équipés de matériel d'incubation et d'éclosion permettant de maîtriser la température, l'humidification et la désinfection, destinés au transport de poussins en cours d'éclosion",3,équipements importés n’ayant pas de similaires fabriqués localement,agriculture et pêche,False
EX 87.16,,Remorque auto-chargeuse de fourrage,3,équipements importés n’ayant pas de similaires fabriqués localement,agriculture et pêche,False
EX 87.16,,Semi-remorques frigorifiques pour le transport de poussins,3,équipements importés n’ayant pas de similaires fabriqués localement,agriculture et pêche,False
EX 88.02,,Aéronefs pour la pulvérisation aérienne,3,équipements importés n’ayant pas de similaires fabriqués localement,agriculture et pêche,False
EX 89.03,,Bateaux équipés d'un moteur hors-bord pour les projets d'aquaculture d'une longueur ne dépassant pas 11 mètres et dans la limite d'un seul bateau par projet,3,équipements importés n’ayant pas de similaires fabriqués localement,agriculture et pêche,False
EX 89.07,,Radeaux gonflables,3,équipements importés n’ayant pas de similaires fabriqués localement,agriculture et pêche,False
EX 89.07,,Balise anti-dauphins,3,équipements importés n’ayant pas de similaires fabriqués localement,agriculture et pêche,False
EX 89.07,,"Bouées, balises et autres engins flottants",3,équipements importés n’ayant pas de similaires fabriqués localement,agriculture et pêche,False
EX 90.11,,Microscope,3,équipements importés n’ayant pas de similaires fabriqués localement,agriculture et pêche,False
EX 90.14,,"Boussoles y compris les compas de navigation, autres instruments et appareils de navigation maritime et leurs parties",3,équipements importés n’ayant pas de similaires fabriqués localement,agriculture et pêche,False
EX 90.15,,Unité d'enregistrements géophysiques,3,équipements importés n’ayant pas de similaires fabriqués localement,agriculture et pêche,False
EX 90.16,,Balance de précision,3,équipements importés n’ayant pas de similaires fabriqués localement,agriculture et pêche,False
EX 90.25,,Densimètres et pèses liquides destinés à l'aquaculture,3,équipements importés n’ayant pas de similaires fabriqués localement,agriculture et pêche,False
EX 90.26,,Appareillage de mesure et de régulation du circuit de froid,3,équipements importés n’ayant pas de similaires fabriqués localement,agriculture et pêche,False
EX 90.27,,PH mètre,3,équipements importés n’ayant pas de similaires fabriqués localement,agriculture et pêche,False
EX 90.27,,Poste de sécurité microbiologique,3,équipements importés n’ayant pas de similaires fabriqués localement,agriculture et pêche,False
EX 90.29,,Compteurs électroniques pour cages d'aquacultures,3,équipements importés n’ayant pas de similaires fabriqués localement,agriculture et pêche,False
EX 94.03,,Paillasse pour microbiologie,3,équipements importés n’ayant pas de similaires fabriqués localement,agriculture et pêche,False
EX 94.06,,Serres agricoles multi-chapelles,3,équipements importés n’ayant pas de similaires fabriqués localement,agriculture et pêche,False
EX 94.06,,Constructions préfabriquées pour aviculture,3,équipements importés n’ayant pas de similaires fabriqués localement,agriculture et pêche,False
EX 95.07,,Equipement de pêche sous-marine,3,équipements importés n’ayant pas de similaires fabriqués localement,agriculture et pêche,False
,,Equipement de pêche sous-marine > Divers,3,équipements importés n’ayant pas de similaires fabriqués localement,agriculture et pêche,False
,,"Unités de lavage, triage et pesage des coquillages",3,équipements importés n’ayant pas de similaires fabriqués localement,agriculture et pêche,False
,,Unités d'abattage et de ressuyage des volailles,3,équipements importés n’ayant pas de similaires fabriqués localement,agriculture et pêche,False
,,Unités d'abattage et de ressuyage des lapins,3,équipements importés n’ayant pas de similaires fabriqués localement,agriculture et pêche,False
,,Ecloseries pour aquaculture,3,équipements importés n’ayant pas de similaires fabriqués localement,agriculture et pêche,False
EX 01.02,,Vaches laitières,4,équipements fabriqués localement,agriculture et pêche,False
EX 39.17,,Tuyaux en PVC d’une pression de 4 à 16 bars,4,équipements fabriqués localement,agriculture et pêche,False
EX 39.17,,Tuyaux en polyéthylène utilisés dans l’irrigation goutte à goutte,4,équipements fabriqués localement,agriculture et pêche,False
EX 39.23,,Caisses en plastique,4,équipements fabriqués localement,agriculture et pêche,False
EX 39.23,,Glacières pour le stockage de la glace et des produits de la mer à bord des bateaux de pêche,4,équipements fabriqués localement,agriculture et pêche,False
EX 39.23,,Caisse en plastique pour le transport des volailles vivantes d’une capacité inférieure ou égale à 200 litres,4,équipements fabriqués localement,agriculture et pêche,False
EX 39.25,,Réservoirs et citernes en plastique,4,équipements fabriqués localement,agriculture et pêche,False
EX 39.26,,Flotteurs pour la pêche d’un diamètre supérieur à 5 cm et inférieur à 10 cm,4,équipements fabriqués localement,agriculture et pêche,False
EX 39.26,,Conteneurs d’un diamètre inférieur ou égal à 50 cm pour culture des plants sous serres,4,équipements fabriqués localement,agriculture et pêche,False
EX 39.26,,Bacs isothermes pour le transport des poissons,4,équipements fabriqués localement,agriculture et pêche,False
EX 39.26,,Distributeur sous-sol destiné à l’irrigation,4,équipements fabriqués localement,agriculture et pêche,False
EX 56.08,,Filets de pêche,4,équipements fabriqués localement,agriculture et pêche,False
EX 56.08,,Filets anti-oiseaux pour cages d’aquacultures,4,équipements fabriqués localement,agriculture et pêche,False
EX 73.05,,Tubes et tuyaux soudés utilisés dans les pompages et les forages d’eau et la construction navale,4,équipements fabriqués localement,agriculture et pêche,False
EX 73.06,,Conduites métalliques complètes avec raccord rapides,4,équipements fabriqués localement,agriculture et pêche,False
EX 73.08,,Pont mobile pour la protection des systèmes d’irrigation,4,équipements fabriqués localement,agriculture et pêche,False
EX 73.09,,Citernes métalliques,4,équipements fabriqués localement,agriculture et pêche,False
EX 73.09,,"Citernes en acier inoxydable pour le lait frais, d’une contenance supérieure à 300 litres destinés à être incorporés sur les camions de transport du lait frais",4,équipements fabriqués localement,agriculture et pêche,False
EX 73.09,,Citernes en acier inoxydable d’une capacité supérieure ou égale à 800 litres,4,équipements fabriqués localement,agriculture et pêche,False
EX 73.09,,Silos de stockage des céréales,4,équipements fabriqués localement,agriculture et pêche,False
EX 73.10,,Réservoirs en acier inoxydable pour le lait frais d’une contenance supérieure ou égale à 50 litres et ne dépassant pas 300 litres,4,équipements fabriqués localement,agriculture et pêche,False
EX 73.16,,Ancres pour amarrage des structures aquacoles en mer,4,équipements fabriqués localement,agriculture et pêche,False
EX 73.25,,Ancres utilisées dans la pêche,4,équipements fabriqués localement,agriculture et pêche,False
EX 73.26,,Cages pour lapins,4,équipements fabriqués localement,agriculture et pêche,False
EX 84.02,,Chaudières à vapeur autres que les chaudières aquatubulaires,4,équipements fabriqués localement,agriculture et pêche,False
EX 84.08,,Moteurs diesel stationnaires à un ou deux cylindres pour pompage,4,équipements fabriqués localement,agriculture et pêche,False
EX 84.08,,Moteurs diesel stationnaires à un ou deux cylindres pour groupe électrogène,4,équipements fabriqués localement,agriculture et pêche,False
EX 84.13,,Motopompes et électropompes mono-cellulaires à axe horizontal ou vertical,4,équipements fabriqués localement,agriculture et pêche,False
EX 84.13,,Pompes mono cellulaires à axe horizontal ou vertical,4,équipements fabriqués localement,agriculture et pêche,False
EX 84.14,,Ventilateur destiné à être utilisé à l’intérieur des constructions d’élevage d’animaux,4,équipements fabriqués localement,agriculture et pêche,False
EX 84.18,,Tank à lait,4,équipements fabriqués localement,agriculture et pêche,False
EX 84.18,,Cabines isothermes destinées à être incorporées sur les camions de transport frigorifique des produits agricoles et du lait frais,4,équipements fabriqués localement,agriculture et pêche,False
EX 84.18,,Cabines isothermes destinées à être incorporées sur les camions de transport frigorifique des produits de la pêche,4,équipements fabriqués localement,agriculture et pêche,False
EX 84.18,,Meuble congélateur conservateur du type coffre,4,équipements fabriqués localement,agriculture et pêche,False
EX 84.18,,Chambres froides constituées de panneaux isothermes,4,équipements fabriqués localement,agriculture et pêche,False
EX 84.18,,Cuves réfrigérées,4,équipements fabriqués localement,agriculture et pêche,False
EX 84.18,,Bacs isothermes réfrigérés pour le transport des poissons,4,équipements fabriqués localement,agriculture et pêche,False
EX 84.18,,"Panneaux, plaques multicouches, porteset fenêtres isothermes pour les constructions d’élevage d’animaux",4,équipements fabriqués localement,agriculture et pêche,False
EX 84.23,,Ponts bascules destinés exclusivement aux silos de stockage des céréales.,4,équipements fabriqués localement,agriculture et pêche,False
EX 84.23,,Bascules pèse-bétails,4,équipements fabriqués localement,agriculture et pêche,False
EX 84.32,,Charrues,4,équipements fabriqués localement,agriculture et pêche,False
EX 84.32,,"Herses scarificateurs, cultivateurs, extirpateurs, houes sarcleuses et bineuses",4,équipements fabriqués localement,agriculture et pêche,False
EX 84.32,,Epandeurs de fumier,4,équipements fabriqués localement,agriculture et pêche,False
EX 84.32,,Distributeurs d’engrais dont la capacité ne dépasse pas 600 litres,4,équipements fabriqués localement,agriculture et pêche,False
EX 84.36,,Eleveuses,4,équipements fabriqués localement,agriculture et pêche,False
EX 84.36,,Couveuses industrielles dont la capacité ne dépasse pas 136 œufs,4,équipements fabriqués localement,agriculture et pêche,False
EX 84.36,,Modules pour poussins d’un jour,4,équipements fabriqués localement,agriculture et pêche,False
EX 84.36,,Systèmes d’abreuvement au sol,4,équipements fabriqués localement,agriculture et pêche,False
EX 84.36,,Systèmes d’alimentation au sol,4,équipements fabriqués localement,agriculture et pêche,False
EX 84.36,,Cages de ponte,4,équipements fabriqués localement,agriculture et pêche,False
EX 84.36,,Cages à tapis et leurs parties,4,équipements fabriqués localement,agriculture et pêche,False
EX 84.36,,Chariots d’alimentation pour cages à tapis,4,équipements fabriqués localement,agriculture et pêche,False
EX 84.36,,Elévateurs collecteurs d’œufs pour cages à tapis,4,équipements fabriqués localement,agriculture et pêche,False
EX 84.36,,Cages de démarrage,4,équipements fabriqués localement,agriculture et pêche,False
EX 84.36,,Compacts lapins,4,équipements fabriqués localement,agriculture et pêche,False
EX 84.36,,Systèmes de raclage des fientes,4,équipements fabriqués localement,agriculture et pêche,False
EX 84.79,,Systèmes de chauffage pour bâtiments d’élevage des animaux,4,équipements fabriqués localement,agriculture et pêche,False
EX 84.79,,Pad coolings pour bâtiments d’élevage des animaux,4,équipements fabriqués localement,agriculture et pêche,False
EX 84.79,,Systèmes pour la régulation de la température et l’aération des bâtiments d’élevage des animaux,4,équipements fabriqués localement,agriculture et pêche,False
EX 87.04,,Camions conçus à être équipés des cabines isothermes et destinés au transport frigorifique des produits agricoles et du lait frais,4,équipements fabriqués localement,agriculture et pêche,False
EX 87.04,,Camions conçus à être équipés des cabines isothermes et destinés au transport frigorifique des produits de la pêche,4,équipements fabriqués localement,agriculture et pêche,False
EX 87.04,,Camions conçus à être équipés des citernes en acier inoxydable d’une contenance supérieure à 300 litres et destinés au transport du lait frais,4,équipements fabriqués localement,agriculture et pêche,False
EX 87.16,,Citernes pour le transport du lait frais,4,équipements fabriqués localement,agriculture et pêche,False
EX 89.03,,Bateaux équipés d’un moteur hors-bord pour les projets d’aquaculture d’une longueur ne dépassant pas 11 mètres et dans la limite d’un seul bateau par projet,4,équipements fabriqués localement,agriculture et pêche,False
EX 94.06,,Serres agricoles,4,équipements fabriqués localement,agriculture et pêche,False
EX 73.26,,Triboulet à forger les bagues et les bracelets,5,équipements importés n’ayant pas de similaires fabriqués localement,artisanat,False
,,Dés et plaques à rainure et à emboutir,5,équipements importés n’ayant pas de similaires fabriqués localement,artisanat,False
EX 82.05,,Bigorne Montés (enclumé),5,équipements importés n’ayant pas de similaires fabriqués localement,artisanat,False
,,Appareil à enduler les fils en métaux,5,équipements importés n’ayant pas de similaires fabriqués localement,artisanat,False
,,Jeux de bouteroiles,5,équipements importés n’ayant pas de similaires fabriqués localement,artisanat,False
,,Jeux de découpoirs,5,équipements importés n’ayant pas de similaires fabriqués localement,artisanat,False
EX 84.14,,Pompe à vide,5,équipements importés n’ayant pas de similaires fabriqués localement,artisanat,False
EX 84.17,,Fours non électriques,5,équipements importés n’ayant pas de similaires fabriqués localement,artisanat,False
EX 84.19,,Injecteur de cire,5,équipements importés n’ayant pas de similaires fabriqués localement,artisanat,False
,,Machine étuveuse pour assouplir le rotin,5,équipements importés n’ayant pas de similaires fabriqués localement,artisanat,False
,,Autoclave pour la fixation des couleurs sur la soie,5,équipements importés n’ayant pas de similaires fabriqués localement,artisanat,False
EX 84.52,,Machine à coudre,5,équipements importés n’ayant pas de similaires fabriqués localement,artisanat,False
EX 84.53,,Presse à dorure du cuir,5,équipements importés n’ayant pas de similaires fabriqués localement,artisanat,False
,,Machine à parer le cuir,5,équipements importés n’ayant pas de similaires fabriqués localement,artisanat,False
,,Machine à plaquer le cuir,5,équipements importés n’ayant pas de similaires fabriqués localement,artisanat,False
EX 84.54,,Lingotière pour fils et plaques,5,équipements importés n’ayant pas de similaires fabriqués localement,artisanat,False
EX 84.55,,Machine laminoir,5,équipements importés n’ayant pas de similaires fabriqués localement,artisanat,False
EX 84.59,,Perceuse électrique avec pédales,5,équipements importés n’ayant pas de similaires fabriqués localement,artisanat,False
,,Machine à graver et à facetter,5,équipements importés n’ayant pas de similaires fabriqués localement,artisanat,False
EX 84.60,,Machine à polir,5,équipements importés n’ayant pas de similaires fabriqués localement,artisanat,False
EX 84.61,,Cisaille circulaire à bande pour le découpage de métaux,5,équipements importés n’ayant pas de similaires fabriqués localement,artisanat,False
,,Tour mécanique,5,équipements importés n’ayant pas de similaires fabriqués localement,artisanat,False
EX 84.62,,Machine pour la fabrication de chainettes,5,équipements importés n’ayant pas de similaires fabriqués localement,artisanat,False
,,Machine pour la fabrication des anneaux ressort (profileuse),5,équipements importés n’ayant pas de similaires fabriqués localement,artisanat,False
,,Cintreuse de rotin,5,équipements importés n’ayant pas de similaires fabriqués localement,artisanat,False
,,Massicot pour métaux,5,équipements importés n’ayant pas de similaires fabriqués localement,artisanat,False
,,Machine à graver les métaux,5,équipements importés n’ayant pas de similaires fabriqués localement,artisanat,False
,,Presse hydraulique,5,équipements importés n’ayant pas de similaires fabriqués localement,artisanat,False
,,Machine pour la fabrication de croisillons,5,équipements importés n’ayant pas de similaires fabriqués localement,artisanat,False
,,Cintreuse automatique de carcasses,5,équipements importés n’ayant pas de similaires fabriqués localement,artisanat,False
EX 84.63,,Banc à étirer,5,équipements importés n’ayant pas de similaires fabriqués localement,artisanat,False
,,Machine à cônes pour agrandir et diminuer les bagues,5,équipements importés n’ayant pas de similaires fabriqués localement,artisanat,False
,,Tréfileuse avec accessoires,5,équipements importés n’ayant pas de similaires fabriqués localement,artisanat,False
EX 84.66,,"Filières à tirer les fils à trous ronds, carrés et triangulaires",5,équipements importés n’ayant pas de similaires fabriqués localement,artisanat,False
EX 84.67,,Agrafeuse à air comprimé,5,équipements importés n’ayant pas de similaires fabriqués localement,artisanat,False
EX 84.68,,Chalumeau à Gaz,5,équipements importés n’ayant pas de similaires fabriqués localement,artisanat,False
EX 84.74,,Tour pour calibrage de l'argile,5,équipements importés n’ayant pas de similaires fabriqués localement,artisanat,False
EX 84.74,,Tour pour finissage des articles de poterie,5,équipements importés n’ayant pas de similaires fabriqués localement,artisanat,False
EX 84.74,,Broyeur pour céramiques,5,équipements importés n’ayant pas de similaires fabriqués localement,artisanat,False
EX 84.74,,Boudineuses désaéreuses de l'argile,5,équipements importés n’ayant pas de similaires fabriqués localement,artisanat,False
EX 84.74,,Délayeur à hélice pour l'argile,5,équipements importés n’ayant pas de similaires fabriqués localement,artisanat,False
EX 84.79,,Tonneaux à polir et bain d'électro polissage pour le nettoyage des articles de bijouterie,5,équipements importés n’ayant pas de similaires fabriqués localement,artisanat,False
EX 84.79,,Machine de découpage du corail,5,équipements importés n’ayant pas de similaires fabriqués localement,artisanat,False
EX 84.79,,Machine de préformage et de moulage du corail,5,équipements importés n’ayant pas de similaires fabriqués localement,artisanat,False
EX 84.79,,Machine de calibrage du corail,5,équipements importés n’ayant pas de similaires fabriqués localement,artisanat,False
EX 84.79,,Machine de perçage du corail,5,équipements importés n’ayant pas de similaires fabriqués localement,artisanat,False
EX 84.79,,Machine de polissage du corail,5,équipements importés n’ayant pas de similaires fabriqués localement,artisanat,False
EX 84.79,,Désemailleuse,5,équipements importés n’ayant pas de similaires fabriqués localement,artisanat,False
EX 84.79,,Presse dormant pour boiserie,5,équipements importés n’ayant pas de similaires fabriqués localement,artisanat,False
EX 84.80,,Machine sous pression pour la fabrication de bijoux,5,équipements importés n’ayant pas de similaires fabriqués localement,artisanat,False
EX 84.80,,Moules,5,équipements importés n’ayant pas de similaires fabriqués localement,artisanat,False
EX 85.14,,Four électrique,5,équipements importés n’ayant pas de similaires fabriqués localement,artisanat,False
EX 85.16,,Résistance électrique,5,équipements importés n’ayant pas de similaires fabriqués localement,artisanat,False
EX 85.43,,Appareil de galvano plastique (dorure et argenterie),5,équipements importés n’ayant pas de similaires fabriqués localement,artisanat,False
EX 90.16,,Balance de précision avec poids,5,équipements importés n’ayant pas de similaires fabriqués localement,artisanat,False
EX 90.17,,Lames de mesure : Trusquin,5,équipements importés n’ayant pas de similaires fabriqués localement,artisanat,False
EX 90.17,,Triboulet de mesure pour bracelets et bagues,5,équipements importés n’ayant pas de similaires fabriqués localement,artisanat,False
EX 90.17,,Anneaux métriques pour bagues et bracelets,5,équipements importés n’ayant pas de similaires fabriqués localement,artisanat,False
EX 90.24,,Appareils électrique à essai de titrage de métaux précieux,5,équipements importés n’ayant pas de similaires fabriqués localement,artisanat,False
EX 90.27,,Appareils testeurs de pierres précieuses,5,équipements importés n’ayant pas de similaires fabriqués localement,artisanat,False
EX 401694,40.16,Autres ouvrages en caoutchouc vulcanisé non durci :,7,équipements importés n’ayant pas de similaires fabriqués localement,transport,False
EX 401694,40.16,"Autres ouvrages en caoutchouc vulcanisé non durci : > Pare-chocs gonflables pour accostage des bateaux, en caoutchouc vulcanisé non durci alvéolaire",7,équipements importés n’ayant pas de similaires fabriqués localement,transport,False
EX 732690,73.26,Autres ouvrages en fer ou en acier,7,équipements importés n’ayant pas de similaires fabriqués localement,transport,False
EX 732690,73.26,Autres ouvrages en fer ou en acier > Bollards de quai,7,équipements importés n’ayant pas de similaires fabriqués localement,transport,False
EX 840810,84.08,"Moteur à piston, à allumage par compression (moteur diesel ou semi-diesel) :",7,équipements importés n’ayant pas de similaires fabriqués localement,transport,False
EX 840810,84.08,"Moteur à piston, à allumage par compression (moteur diesel ou semi-diesel) : > Moteur diesel marin d'une puissance supérieure à 100 CV",7,équipements importés n’ayant pas de similaires fabriqués localement,transport,False
EX 841311,84.13,"Pompes pour liquides, même comportant un dispositif mesureur, élévateurs à liquides :",7,équipements importés n’ayant pas de similaires fabriqués localement,transport,False
EX 841311,84.13,"Pompes pour liquides, même comportant un dispositif mesureur, élévateurs à liquides : > Pompes de distribution de gaz-oil à cartes magnétiques",7,équipements importés n’ayant pas de similaires fabriqués localement,transport,False
EX 842489,84.24,"Appareils mécaniques (même à main) à projeter, disperser ou pulvériser des matières liquides ou en poudre : extincteurs, même chargés, pistolets aérographes et appareils similaires : machines et appareils à jet de sable, à jet de vapeur et appareils à jet similaires :",7,équipements importés n’ayant pas de similaires fabriqués localement,transport,False
,84.24,"Appareils mécaniques (même à main) à projeter, disperser ou pulvériser des matières liquides ou en poudre : extincteurs, même chargés, pistolets aérographes et appareils similaires : machines et appareils à jet de sable, à jet de vapeur et appareils à jet similaires : > Autres appareils :",7,équipements importés n’ayant pas de similaires fabriqués localement,transport,False
EX 842489,84.24,"Appareils mécaniques (même à main) à projeter, disperser ou pulvériser des matières liquides ou en poudre : extincteurs, même chargés, pistolets aérographes et appareils similaires : machines et appareils à jet de sable, à jet de vapeur et appareils à jet similaires : > Autres appareils : > Equipements de sécurité pour les personnels et les locaux",7,équipements importés n’ayant pas de similaires fabriqués localement,transport,False
842839,84.28,"Autres machines et appareils de levage, de chargement, de déchargement ou de manutention (ascenseurs, escaliers mécaniques, transporteurs, téléphériques, par exemple) :",7,équipements importés n’ayant pas de similaires fabriqués localement,transport,False
842839,84.28,"Autres machines et appareils de levage, de chargement, de déchargement ou de manutention (ascenseurs, escaliers mécaniques, transporteurs, téléphériques, par exemple) : > Autres (tapis roulants)",7,équipements importés n’ayant pas de similaires fabriqués localement,transport,False
EX 847090,84.70,"Machines à calculer et machines de poche permettant d'enregistrer, de reproduire et d'afficher les informations, comportant une fonction de calcul ; machines comptables, machines à affranchir, à établir les tickets et machines similaires, comportant un dispositif de calcul ; caisses enregistreuses :",7,équipements importés n’ayant pas de similaires fabriqués localement,transport,False
EX 847090,84.70,"Machines à calculer et machines de poche permettant d'enregistrer, de reproduire et d'afficher les informations, comportant une fonction de calcul ; machines comptables, machines à affranchir, à établir les tickets et machines similaires, comportant un dispositif de calcul ; caisses enregistreuses : > Machines d'émission de billetterie",7,équipements importés n’ayant pas de similaires fabriqués localement,transport,False
853180,85.31,"Appareils électriques de signalisation acoustique ou visuelle (sonneries, sirènes, tableaux annonciateurs, appareils avertisseurs pour la protection contre le vol ou l'incendie, par exemple), autres que ceux des numéros 85.12 ou 85.30 :",7,équipements importés n’ayant pas de similaires fabriqués localement,transport,False
853180,85.31,"Appareils électriques de signalisation acoustique ou visuelle (sonneries, sirènes, tableaux annonciateurs, appareils avertisseurs pour la protection contre le vol ou l'incendie, par exemple), autres que ceux des numéros 85.12 ou 85.30 : > Autres appareils",7,équipements importés n’ayant pas de similaires fabriqués localement,transport,False
860900,86.09,Cadres et conteneurs (y compris les conteneurs citernes et les conteneurs-réservoirs) spécialement conçus et équipés pour un ou plusieurs modes de transport :,7,équipements importés n’ayant pas de similaires fabriqués localement,transport,False
860900,86.09,Cadres et conteneurs (y compris les conteneurs citernes et les conteneurs-réservoirs) spécialement conçus et équipés pour un ou plusieurs modes de transport : > Conteneurs,7,équipements importés n’ayant pas de similaires fabriqués localement,transport,False
EX 870190,87.01,Tracteurs (à l'exclusion des chariots-tracteurs du n° 87.09) :,7,équipements importés n’ayant pas de similaires fabriqués localement,transport,False
EX 870190,87.01,Tracteurs (à l'exclusion des chariots-tracteurs du n° 87.09) : > Véhicules de tractage avion,7,équipements importés n’ayant pas de similaires fabriqués localement,transport,False
EX 87.02,87.02,"Véhicules automobiles pour le transport de dix personnes ou plus, chauffeur inclus :",7,équipements importés n’ayant pas de similaires fabriqués localement,transport,False
EX 87.02,87.02,"Véhicules automobiles pour le transport de dix personnes ou plus, chauffeur inclus : > Minibus et microbus destinés au transport en commun de personnes d'une capacité ne dépassant pas 30 sièges, y compris le siège du chauffeur",7,équipements importés n’ayant pas de similaires fabriqués localement,transport,False
EX 87.03,87.03,"Voitures de tourisme et autres véhicules automobiles principalement conçus pour le transport de personne (autres que ceux du n° 87.02), y compris les voitures du type «break» et les voitures de course :",7,équipements importés n’ayant pas de similaires fabriqués localement,transport,False
EX 87.03,87.03,"Voitures de tourisme et autres véhicules automobiles principalement conçus pour le transport de personne (autres que ceux du n° 87.02), y compris les voitures du type «break» et les voitures de course : > Ambulances",7,équipements importés n’ayant pas de similaires fabriqués localement,transport,False
EX 87.03,87.03,"Voitures de tourisme et autres véhicules automobiles principalement conçus pour le transport de personne (autres que ceux du n° 87.02), y compris les voitures du type «break» et les voitures de course : > Voitures tout terrain comprenant au moins 7 sièges.",7,équipements importés n’ayant pas de similaires fabriqués localement,transport,False
EX 87.03,87.03,"Voitures de tourisme et autres véhicules automobiles principalement conçus pour le transport de personne (autres que ceux du n° 87.02), y compris les voitures du type «break» et les voitures de course : > Véhicules pour le transport de passagers à mobilité réduite",7,équipements importés n’ayant pas de similaires fabriqués localement,transport,False
870530,87.05,"Véhicules automobiles à usages spéciaux, autres que ceux principalement conçus pour le transport de personnes ou de marchandises (dépanneuses, camions grues, voiture de lutte contre l'incendie, camions-bétonnières, voitures balayeuses, voitures épandeuses, voitures ateliers, voitures radiologiques, par exemple) :",7,équipements importés n’ayant pas de similaires fabriqués localement,transport,False
870530,87.05,"Véhicules automobiles à usages spéciaux, autres que ceux principalement conçus pour le transport de personnes ou de marchandises (dépanneuses, camions grues, voiture de lutte contre l'incendie, camions-bétonnières, voitures balayeuses, voitures épandeuses, voitures ateliers, voitures radiologiques, par exemple) : > Voitures de lutte contre l'incendie",7,équipements importés n’ayant pas de similaires fabriqués localement,transport,False
EX 871639,87.16,Remorques et semi-remorques pour tous véhicules ; autres véhicules non automobiles ; leurs parties :,7,équipements importés n’ayant pas de similaires fabriqués localement,transport,False
EX 871639,87.16,Remorques et semi-remorques pour tous véhicules ; autres véhicules non automobiles ; leurs parties : > Remorques et semi-remorques frigorifiques ou isothermiques ou fourgons,7,équipements importés n’ayant pas de similaires fabriqués localement,transport,False
EX 902580,90.25,"Densimètres, aréomètres, pèse-liquides et instruments flottants similaires, thermomètres, pyromètres, baromètres, hygromètres et psychromètres, enregistreurs ou non même combinés entre eux :",7,équipements importés n’ayant pas de similaires fabriqués localement,transport,False
EX 902580,90.25,"Densimètres, aréomètres, pèse-liquides et instruments flottants similaires, thermomètres, pyromètres, baromètres, hygromètres et psychromètres, enregistreurs ou non même combinés entre eux : > Appareils de tachygraphes",7,équipements importés n’ayant pas de similaires fabriqués localement,transport,False
,90.26,"Instruments et appareils pour la mesure ou le contrôle du débit, du niveau, de la pression ou d'autres caractéristiques variables des liquides ou des gaz (débitmètres, indicateurs de niveaux, manomètres, compteurs de chaleur, par exemple), à l'exclusion des instruments et appareils des numéros 90.14, 90.15, 90.28 ou 90.32 :",7,équipements importés n’ayant pas de similaires fabriqués localement,transport,False
902610,90.26,"Instruments et appareils pour la mesure ou le contrôle du débit, du niveau, de la pression ou d'autres caractéristiques variables des liquides ou des gaz (débitmètres, indicateurs de niveaux, manomètres, compteurs de chaleur, par exemple), à l'exclusion des instruments et appareils des numéros 90.14, 90.15, 90.28 ou 90.32 : > Pour la mesure ou le contrôle du débit ou du niveau des liquides",7,équipements importés n’ayant pas de similaires fabriqués localement,transport,False
902620,90.26,"Instruments et appareils pour la mesure ou le contrôle du débit, du niveau, de la pression ou d'autres caractéristiques variables des liquides ou des gaz (débitmètres, indicateurs de niveaux, manomètres, compteurs de chaleur, par exemple), à l'exclusion des instruments et appareils des numéros 90.14, 90.15, 90.28 ou 90.32 : > Pour la mesure ou le contrôle de la pression",7,équipements importés n’ayant pas de similaires fabriqués localement,transport,False
902680,90.26,"Instruments et appareils pour la mesure ou le contrôle du débit, du niveau, de la pression ou d'autres caractéristiques variables des liquides ou des gaz (débitmètres, indicateurs de niveaux, manomètres, compteurs de chaleur, par exemple), à l'exclusion des instruments et appareils des numéros 90.14, 90.15, 90.28 ou 90.32 : > Autres instruments et appareils",7,équipements importés n’ayant pas de similaires fabriqués localement,transport,False
,90.27,"Instruments et appareils pour analyses physiques ou chimiques (polarimètres, réfractomètres, spectromètres, analyseurs de gaz ou de fumées, par exemple); instruments et appareils pour essais de viscosité, de porosité, de dilatation, de tension superficielle ou similaires ou pour mesures calorimétriques, acoustiques, ou photométriques (y compris les indicateurs de temps de pose); microtomes :",7,équipements importés n’ayant pas de similaires fabriqués localement,transport,False
902710,90.27,"Instruments et appareils pour analyses physiques ou chimiques (polarimètres, réfractomètres, spectromètres, analyseurs de gaz ou de fumées, par exemple); instruments et appareils pour essais de viscosité, de porosité, de dilatation, de tension superficielle ou similaires ou pour mesures calorimétriques, acoustiques, ou photométriques (y compris les indicateurs de temps de pose); microtomes : > Analyseurs de gaz ou de fumées",7,équipements importés n’ayant pas de similaires fabriqués localement,transport,False
902720,90.27,"Instruments et appareils pour analyses physiques ou chimiques (polarimètres, réfractomètres, spectromètres, analyseurs de gaz ou de fumées, par exemple); instruments et appareils pour essais de viscosité, de porosité, de dilatation, de tension superficielle ou similaires ou pour mesures calorimétriques, acoustiques, ou photométriques (y compris les indicateurs de temps de pose); microtomes : > Chromatographes et appareils d'électrophorèse",7,équipements importés n’ayant pas de similaires fabriqués localement,transport,False
902730,90.27,"Instruments et appareils pour analyses physiques ou chimiques (polarimètres, réfractomètres, spectromètres, analyseurs de gaz ou de fumées, par exemple); instruments et appareils pour essais de viscosité, de porosité, de dilatation, de tension superficielle ou similaires ou pour mesures calorimétriques, acoustiques, ou photométriques (y compris les indicateurs de temps de pose); microtomes : > Spectromètres, spectrophotomètres et spectrographes utilisant les rayonnements optiques (UV, visibles, IR)",7,équipements importés n’ayant pas de similaires fabriqués localement,transport,False
902740,90.27,"Instruments et appareils pour analyses physiques ou chimiques (polarimètres, réfractomètres, spectromètres, analyseurs de gaz ou de fumées, par exemple); instruments et appareils pour essais de viscosité, de porosité, de dilatation, de tension superficielle ou similaires ou pour mesures calorimétriques, acoustiques, ou photométriques (y compris les indicateurs de temps de pose); microtomes : > Posemètres",7,équipements importés n’ayant pas de similaires fabriqués localement,transport,False
902750,90.27,"Instruments et appareils pour analyses physiques ou chimiques (polarimètres, réfractomètres, spectromètres, analyseurs de gaz ou de fumées, par exemple); instruments et appareils pour essais de viscosité, de porosité, de dilatation, de tension superficielle ou similaires ou pour mesures calorimétriques, acoustiques, ou photométriques (y compris les indicateurs de temps de pose); microtomes : > Autres instruments et appareils utilisant les rayonnements optiques (UV, visibles, IR)",7,équipements importés n’ayant pas de similaires fabriqués localement,transport,False
902780,90.27,"Instruments et appareils pour analyses physiques ou chimiques (polarimètres, réfractomètres, spectromètres, analyseurs de gaz ou de fumées, par exemple); instruments et appareils pour essais de viscosité, de porosité, de dilatation, de tension superficielle ou similaires ou pour mesures calorimétriques, acoustiques, ou photométriques (y compris les indicateurs de temps de pose); microtomes : > Autres instruments et appareils",7,équipements importés n’ayant pas de similaires fabriqués localement,transport,False
,90.29,"Autres compteurs (compteurs de tours, compteurs de production, taximètres, totalisateurs de chemin parcouru, podomètres, par exemple); indicateurs de vitesse et tachymètres autres que ceux du n° 90-14 ou 90.15 stroboscopes :",7,équipements importés n’ayant pas de similaires fabriqués localement,transport,False
,90.29,"Autres compteurs (compteurs de tours, compteurs de production, taximètres, totalisateurs de chemin parcouru, podomètres, par exemple); indicateurs de vitesse et tachymètres autres que ceux du n° 90-14 ou 90.15 stroboscopes : > Indicateurs de vitesse et tachymètres, stroboscopes :",7,équipements importés n’ayant pas de similaires fabriqués localement,transport,False
902920,90.29,"Autres compteurs (compteurs de tours, compteurs de production, taximètres, totalisateurs de chemin parcouru, podomètres, par exemple); indicateurs de vitesse et tachymètres autres que ceux du n° 90-14 ou 90.15 stroboscopes : > Indicateurs de vitesse et tachymètres, stroboscopes : > Stroboscopes",7,équipements importés n’ayant pas de similaires fabriqués localement,transport,False
,90.30,"Oscilloscopes, analyseurs de spectre et autres instruments et appareils pour la mesure ou le contrôle de grandeurs électriques, instruments et appareils pour la mesure ou la détection des radiations alpha, bêta, gamma, X; cosmiques ou autres radiations ionisantes :",7,équipements importés n’ayant pas de similaires fabriqués localement,transport,False
903010,90.30,"Oscilloscopes, analyseurs de spectre et autres instruments et appareils pour la mesure ou le contrôle de grandeurs électriques, instruments et appareils pour la mesure ou la détection des radiations alpha, bêta, gamma, X; cosmiques ou autres radiations ionisantes : > Instruments et appareils pour la mesure ou la détection des radiations ionisantes",7,équipements importés n’ayant pas de similaires fabriqués localement,transport,False
903020,90.30,"Oscilloscopes, analyseurs de spectre et autres instruments et appareils pour la mesure ou le contrôle de grandeurs électriques, instruments et appareils pour la mesure ou la détection des radiations alpha, bêta, gamma, X; cosmiques ou autres radiations ionisantes : > Oscilloscopes et oscillographes cathodiques",7,équipements importés n’ayant pas de similaires fabriqués localement,transport,False
,90.30,"Oscilloscopes, analyseurs de spectre et autres instruments et appareils pour la mesure ou le contrôle de grandeurs électriques, instruments et appareils pour la mesure ou la détection des radiations alpha, bêta, gamma, X; cosmiques ou autres radiations ionisantes : > Autres instruments et appareils pour la mesure ou le contrôle de la tension, de l'intensité, de la résistance ou de la puissance, sans dispositif enregistreur :",7,équipements importés n’ayant pas de similaires fabriqués localement,transport,False
903031,90.30,"Oscilloscopes, analyseurs de spectre et autres instruments et appareils pour la mesure ou le contrôle de grandeurs électriques, instruments et appareils pour la mesure ou la détection des radiations alpha, bêta, gamma, X; cosmiques ou autres radiations ionisantes : > Autres instruments et appareils pour la mesure ou le contrôle de la tension, de l'intensité, de la résistance ou de la puissance, sans dispositif enregistreur : > Multimètres",7,équipements importés n’ayant pas de similaires fabriqués localement,transport,False
903039,90.30,"Oscilloscopes, analyseurs de spectre et autres instruments et appareils pour la mesure ou le contrôle de grandeurs électriques, instruments et appareils pour la mesure ou la détection des radiations alpha, bêta, gamma, X; cosmiques ou autres radiations ionisantes : > Autres instruments et appareils pour la mesure ou le contrôle de la tension, de l'intensité, de la résistance ou de la puissance, sans dispositif enregistreur : > Autres",7,équipements importés n’ayant pas de similaires fabriqués localement,transport,False
,90.31,"Instruments, appareils et machines de mesure ou de contrôle, non dénommés ni compris ailleurs dans le présent chapitre, projecteurs de profils :",7,équipements importés n’ayant pas de similaires fabriqués localement,transport,False
903120,90.31,"Instruments, appareils et machines de mesure ou de contrôle, non dénommés ni compris ailleurs dans le présent chapitre, projecteurs de profils : > Bancs d'essai",7,équipements importés n’ayant pas de similaires fabriqués localement,transport,False
903149,90.31,"Instruments, appareils et machines de mesure ou de contrôle, non dénommés ni compris ailleurs dans le présent chapitre, projecteurs de profils : > Projecteurs de profils",7,équipements importés n’ayant pas de similaires fabriqués localement,transport,False
903149,90.31,"Instruments, appareils et machines de mesure ou de contrôle, non dénommés ni compris ailleurs dans le présent chapitre, projecteurs de profils : > Autres instruments et appareils optiques",7,équipements importés n’ayant pas de similaires fabriqués localement,transport,False
,90.32,Instruments et appareils pour la régulation ou le contrôle automatiques :,7,équipements importés n’ayant pas de similaires fabriqués localement,transport,False
,90.32,Instruments et appareils pour la régulation ou le contrôle automatiques : > Autres instruments et appareils,7,équipements importés n’ayant pas de similaires fabriqués localement,transport,False
903281,90.32,Instruments et appareils pour la régulation ou le contrôle automatiques : > Autres instruments et appareils > Hydrauliques ou pneumatiques,7,équipements importés n’ayant pas de similaires fabriqués localement,transport,False
EX 903289,90.32,Instruments et appareils pour la régulation ou le contrôle automatiques : > Dispositifs de détection de stupéfiants,7,équipements importés n’ayant pas de similaires fabriqués localement,transport,False
EX 70.17,,Verrerie de laboratoire,9,équipements importés n’ayant pas de similaires fabriqués localement,"éducation, enseignement et recherche scientifique",False
EX 84.14,,Pompe à vide avec accessoires,9,équipements importés n’ayant pas de similaires fabriqués localement,"éducation, enseignement et recherche scientifique",False
EX 84.14,,Hottes à flux laminaires de laboratoire,9,équipements importés n’ayant pas de similaires fabriqués localement,"éducation, enseignement et recherche scientifique",False
EX 84.19,,Appareils de distillation ou de rectification,9,équipements importés n’ayant pas de similaires fabriqués localement,"éducation, enseignement et recherche scientifique",False
EX 84.19,,Stérilisateurs de laboratoires,9,équipements importés n’ayant pas de similaires fabriqués localement,"éducation, enseignement et recherche scientifique",False
EX 84.19,,Etuves et autoclaves de laboratoires,9,équipements importés n’ayant pas de similaires fabriqués localement,"éducation, enseignement et recherche scientifique",False
EX 84.19,,Réacteurs biologiques et fermenteurs,9,équipements importés n’ayant pas de similaires fabriqués localement,"éducation, enseignement et recherche scientifique",False
EX 84.21,,Centrifugeuses pour laboratoires,9,équipements importés n’ayant pas de similaires fabriqués localement,"éducation, enseignement et recherche scientifique",False
EX 84.21,,Appareils de microfiltration de laboratoires,9,équipements importés n’ayant pas de similaires fabriqués localement,"éducation, enseignement et recherche scientifique",False
EX 84.23,,Balances électroniques pour laboratoires,9,équipements importés n’ayant pas de similaires fabriqués localement,"éducation, enseignement et recherche scientifique",False
EX 84.71,,Machines automatiques de traitement de l'information et leurs unités,9,équipements importés n’ayant pas de similaires fabriqués localement,"éducation, enseignement et recherche scientifique",False
EX 85.01,,Générateur de courant continu et de courant alternatif,9,équipements importés n’ayant pas de similaires fabriqués localement,"éducation, enseignement et recherche scientifique",False
EX 85.01,,Alternateur,9,équipements importés n’ayant pas de similaires fabriqués localement,"éducation, enseignement et recherche scientifique",False
EX 85.04,,Transformateur de mesure d'une puissance n'excédant pas 1 KVA,9,équipements importés n’ayant pas de similaires fabriqués localement,"éducation, enseignement et recherche scientifique",False
EX 85.04,,Unité d'alimentation électrique,9,équipements importés n’ayant pas de similaires fabriqués localement,"éducation, enseignement et recherche scientifique",False
EX 85.14,,Fours électriques pour laboratoire,9,équipements importés n’ayant pas de similaires fabriqués localement,"éducation, enseignement et recherche scientifique",False
EX 85.17,,Modem pour réseau informatique,9,équipements importés n’ayant pas de similaires fabriqués localement,"éducation, enseignement et recherche scientifique",False
EX 85.18,,Equipement de contrôle du son,9,équipements importés n’ayant pas de similaires fabriqués localement,"éducation, enseignement et recherche scientifique",False
EX 85.18,,"Haut-parleur,",9,équipements importés n’ayant pas de similaires fabriqués localement,"éducation, enseignement et recherche scientifique",False
EX 85.18,,"Amplificateur,",9,équipements importés n’ayant pas de similaires fabriqués localement,"éducation, enseignement et recherche scientifique",False
EX 85.19,,"Reproducteur CD et platine,",9,équipements importés n’ayant pas de similaires fabriqués localement,"éducation, enseignement et recherche scientifique",False
EX 85.19,,Lecture CD et cassette,9,équipements importés n’ayant pas de similaires fabriqués localement,"éducation, enseignement et recherche scientifique",False
EX 85.20,,Appareil stéréophonique,9,équipements importés n’ayant pas de similaires fabriqués localement,"éducation, enseignement et recherche scientifique",False
EX 85.21,,Magnétoscope,9,équipements importés n’ayant pas de similaires fabriqués localement,"éducation, enseignement et recherche scientifique",False
EX 85.24,,Disque (CD),9,équipements importés n’ayant pas de similaires fabriqués localement,"éducation, enseignement et recherche scientifique",False
EX 85.28,,"Télé-projecteur,",9,équipements importés n’ayant pas de similaires fabriqués localement,"éducation, enseignement et recherche scientifique",False
EX 85.28,,Projecteur - vidéo,9,équipements importés n’ayant pas de similaires fabriqués localement,"éducation, enseignement et recherche scientifique",False
EX 85.36,,Fiche et prise pour réseau informatique,9,équipements importés n’ayant pas de similaires fabriqués localement,"éducation, enseignement et recherche scientifique",False
EX 85.43,,Machines et appareils ayant une fonction propre pour la recherche scientifique,9,équipements importés n’ayant pas de similaires fabriqués localement,"éducation, enseignement et recherche scientifique",False
EX 85.43,,Générateur de signaux,9,équipements importés n’ayant pas de similaires fabriqués localement,"éducation, enseignement et recherche scientifique",False
EX 85.44,,Générateur de signaux > Câble pour réseaux informatique munie de pièces de connexion,9,équipements importés n’ayant pas de similaires fabriqués localement,"éducation, enseignement et recherche scientifique",False
EX 90.08,,Projecteurs d'images fixes,9,équipements importés n’ayant pas de similaires fabriqués localement,"éducation, enseignement et recherche scientifique",False
EX 90.09,,Photocopieur,9,équipements importés n’ayant pas de similaires fabriqués localement,"éducation, enseignement et recherche scientifique",False
EX 90.10,,Ecrans pour projection,9,équipements importés n’ayant pas de similaires fabriqués localement,"éducation, enseignement et recherche scientifique",False
EX 90.11,,Microscopes optiques,9,équipements importés n’ayant pas de similaires fabriqués localement,"éducation, enseignement et recherche scientifique",False
EX 90.12,,Microscopes autres qu'optiques,9,équipements importés n’ayant pas de similaires fabriqués localement,"éducation, enseignement et recherche scientifique",False
EX 90.13,,Lasers,9,équipements importés n’ayant pas de similaires fabriqués localement,"éducation, enseignement et recherche scientifique",False
EX 90.15,,"Appareils de géodésie, de topographie, d'arpentage, de nivellement, de photogrammétrie, d'hydrographie, d'océanographie, d'hydrologie, de météorologie ou de géophysique et télémètres",9,équipements importés n’ayant pas de similaires fabriqués localement,"éducation, enseignement et recherche scientifique",False
EX 90.16,,Balances sensibles à un poids de 5 cg ou moins,9,équipements importés n’ayant pas de similaires fabriqués localement,"éducation, enseignement et recherche scientifique",False
EX 90.17,,Table traçante,9,équipements importés n’ayant pas de similaires fabriqués localement,"éducation, enseignement et recherche scientifique",False
EX 90.18,,Instruments et appareils d’ophtalmologie,9,équipements importés n’ayant pas de similaires fabriqués localement,"éducation, enseignement et recherche scientifique",False
EX 90.23,,"Instruments, appareils et modèles conçus pour la démonstration dans l’enseignement non susceptibles d’autres emplois",9,équipements importés n’ayant pas de similaires fabriqués localement,"éducation, enseignement et recherche scientifique",False
EX 90.23,,Platines d’expérimentation et cartes d’essai,9,équipements importés n’ayant pas de similaires fabriqués localement,"éducation, enseignement et recherche scientifique",False
EX 90.24,,"Machines et appareils d’essais de dureté, de traction, de compression, d’élasticité ou d’autres propriétés mécaniques des matériaux (métaux, bois, textiles, papier, matières plastiques, par exemple)",9,équipements importés n’ayant pas de similaires fabriqués localement,"éducation, enseignement et recherche scientifique",False
EX 90.25,,"Densimètres, aréomètres, pèse liquides et instruments flottants similaires, thermomètres de laboratoires, pyromètres, baromètres et psychromètres",9,équipements importés n’ayant pas de similaires fabriqués localement,"éducation, enseignement et recherche scientifique",False
EX 90.27,,"Instruments et appareils pour analyses physiques ou chimiques (polarimètres, réfractomètres, spectromètres, analyseurs de gaz ou de fumées, par exemple); instruments et appareils pour essais de viscosité, de porosité, de dilatation, de tension superficielle ou similaires ou pour mesures calorimétriques, acoustiques ou photométriques (y compris les indicateurs de temps de pose); microtomes",9,équipements importés n’ayant pas de similaires fabriqués localement,"éducation, enseignement et recherche scientifique",False
EX 90.29,,"Compteurs de tours, compteurs de production, indicateurs de vitesse, tachymètres et stroboscopes",9,équipements importés n’ayant pas de similaires fabriqués localement,"éducation, enseignement et recherche scientifique",False
EX 90.30,,"Oscilloscopes, analyseurs de spectre et autres instruments et appareils pour la mesure ou le contrôle de grandeurs électriques ; instruments et appareils pour la mesure ou la détection des radiations alpha, bêta, gamma, X, cosmiques ou autres radiations ionisantes",9,équipements importés n’ayant pas de similaires fabriqués localement,"éducation, enseignement et recherche scientifique",False
EX 39-23,,Bobines servant comme supports des films,11,équipements importés n’ayant pas de similaires fabriqués localement,production et industries culturelles,False
EX 70.09,,Miroirs spéciaux pour décors de théâtre et studios de danse,11,équipements importés n’ayant pas de similaires fabriqués localement,production et industries culturelles,False
EX 84.25,,Travelling et grues de prise de vues à l'exclusion des élévateurs à vérins hydrauliques,11,équipements importés n’ayant pas de similaires fabriqués localement,production et industries culturelles,False
EX 84.25,,Elévateurs de plateaux,11,équipements importés n’ayant pas de similaires fabriqués localement,production et industries culturelles,False
EX 84.62,,Presse à gravure à l'exclusion des presses hydrauliques à gravure de plus de 10 tonnes,11,équipements importés n’ayant pas de similaires fabriqués localement,production et industries culturelles,False
EX 84.71,,Mémoire de stockage d'images à disque opto magnétique,11,équipements importés n’ayant pas de similaires fabriqués localement,production et industries culturelles,False
EX 84.71,,Système d'archivage de données,11,équipements importés n’ayant pas de similaires fabriqués localement,production et industries culturelles,False
EX 84.71,,Mémoire de stockage d'image à disque opto magnétique (pour montage numérique audio-vidéo),11,équipements importés n’ayant pas de similaires fabriqués localement,production et industries culturelles,False
EX 84.73,,Disque dur,11,équipements importés n’ayant pas de similaires fabriqués localement,production et industries culturelles,False
EX 84.79,,Système de montage des rideaux de scène,11,équipements importés n’ayant pas de similaires fabriqués localement,production et industries culturelles,False
EX 85.02,,Groupes électrogènes insonorisés d'une puissance variant entre 3 et 200KVA,11,équipements importés n’ayant pas de similaires fabriqués localement,production et industries culturelles,False
EX 85.07,,Accumulateurs spéciaux utilisés dans l'industrie cinématographique,11,équipements importés n’ayant pas de similaires fabriqués localement,production et industries culturelles,False
EX 85.13,,"Torche lumineuse dénommée ""Sungun""",11,équipements importés n’ayant pas de similaires fabriqués localement,production et industries culturelles,False
EX 85.14,,Fours électriques,11,équipements importés n’ayant pas de similaires fabriqués localement,production et industries culturelles,False
EX 85.17,,Décodeurs,11,équipements importés n’ayant pas de similaires fabriqués localement,production et industries culturelles,False
EX 85.18,,Microphones avec accessoires,11,équipements importés n’ayant pas de similaires fabriqués localement,production et industries culturelles,False
EX 85.20,,Magnétophone multipostes professionnel,11,équipements importés n’ayant pas de similaires fabriqués localement,production et industries culturelles,False
EX 85.20,,Appareils d'enregistrement et de production de son utilisés par l'autoguidage et l'audio guidage de visite,11,équipements importés n’ayant pas de similaires fabriqués localement,production et industries culturelles,False
EX 85.21,,Magnétoscope short player (SP),11,équipements importés n’ayant pas de similaires fabriqués localement,production et industries culturelles,False
EX 85.23,,Bandes magnétiques en cassettes préparées pour l'enregistrement du son et de l'image (Brant cast),11,équipements importés n’ayant pas de similaires fabriqués localement,production et industries culturelles,False
EX 85.24,,Disques et disquettes enregistrés (logiciels),11,équipements importés n’ayant pas de similaires fabriqués localement,production et industries culturelles,False
EX 85.25,,Appareils d'intercommunication pour le cinéma,11,équipements importés n’ayant pas de similaires fabriqués localement,production et industries culturelles,False
EX 85.25,,Caméra de télévision,11,équipements importés n’ayant pas de similaires fabriqués localement,production et industries culturelles,False
EX 85.25,,Equipements audio-visuels de surveillance pour musées,11,équipements importés n’ayant pas de similaires fabriqués localement,production et industries culturelles,False
EX 85.25,,Caméscope,11,équipements importés n’ayant pas de similaires fabriqués localement,production et industries culturelles,False
EX 85.28,,Les moniteurs,11,équipements importés n’ayant pas de similaires fabriqués localement,production et industries culturelles,False
EX 85.31,,Appareils de signalisation pour les acteurs du cinéma pour doublage de films,11,équipements importés n’ayant pas de similaires fabriqués localement,production et industries culturelles,False
EX 85.31,,Bornes interactives de renseignement pour les musées,11,équipements importés n’ayant pas de similaires fabriqués localement,production et industries culturelles,False
EX 85.39,,Lampes utilisées dans les produits cinématographiques,11,équipements importés n’ayant pas de similaires fabriqués localement,production et industries culturelles,False
EX 85.43,,Machines à effets spéciaux : à fumée - à nuage - à bulles - à brouillard - à confettis etc...,11,équipements importés n’ayant pas de similaires fabriqués localement,production et industries culturelles,False
EX 85.43,,Correcteur de couleur digital ou analogique,11,équipements importés n’ayant pas de similaires fabriqués localement,production et industries culturelles,False
EX 85.43,,Générateur d'effets spéciaux sur les images,11,équipements importés n’ayant pas de similaires fabriqués localement,production et industries culturelles,False
EX 85.43,,Pupitre de mixage de sons,11,équipements importés n’ayant pas de similaires fabriqués localement,production et industries culturelles,False
EX 85.43,,Mélangeur de sons (SQN),11,équipements importés n’ayant pas de similaires fabriqués localement,production et industries culturelles,False
EX 85.43,,Equalizeur de sons,11,équipements importés n’ayant pas de similaires fabriqués localement,production et industries culturelles,False
EX 87.05,,Camion groupe électrogène insonorisé,11,équipements importés n’ayant pas de similaires fabriqués localement,production et industries culturelles,False
EX 90.07,,Caméras et projecteurs cinématographiques,11,équipements importés n’ayant pas de similaires fabriqués localement,production et industries culturelles,False
EX 90.08,,Projecteurs d'images fixes,11,équipements importés n’ayant pas de similaires fabriqués localement,production et industries culturelles,False
EX 90.10,,Ecrans de cinéma,11,équipements importés n’ayant pas de similaires fabriqués localement,production et industries culturelles,False
EX 90.10,,Machines et appareils pour laboratoires cinématographiques,11,équipements importés n’ayant pas de similaires fabriqués localement,production et industries culturelles,False
EX 90.27,,Appareils pour mesures photométriques,11,équipements importés n’ayant pas de similaires fabriqués localement,production et industries culturelles,False
EX 90.27,,Dispositif de détection de fumée et d'incendie,11,équipements importés n’ayant pas de similaires fabriqués localement,production et industries culturelles,False
EX 90.27,,Luxmètre,11,équipements importés n’ayant pas de similaires fabriqués localement,production et industries culturelles,False
EX 90.27,,Appareillage pour l'utilisation de l'azote liquide,11,équipements importés n’ayant pas de similaires fabriqués localement,production et industries culturelles,False
EX 90.27,,Détecteur de gaz,11,équipements importés n’ayant pas de similaires fabriqués localement,production et industries culturelles,False
EX 90.29,,Stroboscopes,11,équipements importés n’ayant pas de similaires fabriqués localement,production et industries culturelles,False
EX 90.30,,Oscilloscopes,11,équipements importés n’ayant pas de similaires fabriqués localement,production et industries culturelles,False
EX 90.31,,Oscilloscopes > Détecteur de vibrations et de chocs,11,équipements importés n’ayant pas de similaires fabriqués localement,production et industries culturelles,False
EX 92.01,,Pianos droits,11,équipements importés n’ayant pas de similaires fabriqués localement,production et industries culturelles,False
EX 92.01,,Différents types de pianos (quart de queue demi queue et à queue),11,équipements importés n’ayant pas de similaires fabriqués localement,production et industries culturelles,False
EX 92.02,,"Violons, altos, violoncelles, guitares, contrebasse et kanoun, harpes",11,équipements importés n’ayant pas de similaires fabriqués localement,production et industries culturelles,False
EX 92.04,,Accordéons,11,équipements importés n’ayant pas de similaires fabriqués localement,production et industries culturelles,False
EX 92.05,,Instruments de musique à vent à l'exclusion des flûtes en roseau,11,équipements importés n’ayant pas de similaires fabriqués localement,production et industries culturelles,False
EX 92.07,,"Orgues, guitares, accorderons électriques",11,équipements importés n’ayant pas de similaires fabriqués localement,production et industries culturelles,False
EX 94-05,,Eclairage par fibre optique,11,équipements importés n’ayant pas de similaires fabriqués localement,production et industries culturelles,False
EX 97-05,,Collection et spécimens présentant un intérêt historique et archéologique paléontologique ethnographique ou numismatique,11,équipements importés n’ayant pas de similaires fabriqués localement,production et industries culturelles,False
EX 97-06,,Objets d'antiquité ayant plus de 120 ans d'âge,11,équipements importés n’ayant pas de similaires fabriqués localement,production et industries culturelles,False
EX 39-18,,Revêtements synthétiques de sols pour terrains et salles de sport,13,équipements importés n’ayant pas de similaires fabriqués localement,"encadrement de l’enfance, aide aux personnes âgées, animation des jeunes et loisirs",False
EX 45-04,,Piste linoliège d'escrime,13,équipements importés n’ayant pas de similaires fabriqués localement,"encadrement de l’enfance, aide aux personnes âgées, animation des jeunes et loisirs",False
EX 57-05,,Gazon synthétique,13,équipements importés n’ayant pas de similaires fabriqués localement,"encadrement de l’enfance, aide aux personnes âgées, animation des jeunes et loisirs",False
EX 84-21,,Appareils d'enregistrement ou de reproduction vidéo-phoniques,13,équipements importés n’ayant pas de similaires fabriqués localement,"encadrement de l’enfance, aide aux personnes âgées, animation des jeunes et loisirs",False
EX 84-23,,Bascules pèse-personnes,13,équipements importés n’ayant pas de similaires fabriqués localement,"encadrement de l’enfance, aide aux personnes âgées, animation des jeunes et loisirs",False
EX 84-23,,Bascule électronique,13,équipements importés n’ayant pas de similaires fabriqués localement,"encadrement de l’enfance, aide aux personnes âgées, animation des jeunes et loisirs",False
EX 84-24,,Matériel d'arrosage automatique pour terrains de sports gazonnés,13,équipements importés n’ayant pas de similaires fabriqués localement,"encadrement de l’enfance, aide aux personnes âgées, animation des jeunes et loisirs",False
EX 84-29,,Décompacteur d'entretien,13,équipements importés n’ayant pas de similaires fabriqués localement,"encadrement de l’enfance, aide aux personnes âgées, animation des jeunes et loisirs",False
EX 84-32,,Rouleaux pour terrains de sport,13,équipements importés n’ayant pas de similaires fabriqués localement,"encadrement de l’enfance, aide aux personnes âgées, animation des jeunes et loisirs",False
EX 84-32,,Epandeur d'engrais pour stades gazonnés,13,équipements importés n’ayant pas de similaires fabriqués localement,"encadrement de l’enfance, aide aux personnes âgées, animation des jeunes et loisirs",False
EX 84-32,,Scarificateur de terrains,13,équipements importés n’ayant pas de similaires fabriqués localement,"encadrement de l’enfance, aide aux personnes âgées, animation des jeunes et loisirs",False
EX 84-32,,Rotovateur pour stades gazonnés,13,équipements importés n’ayant pas de similaires fabriqués localement,"encadrement de l’enfance, aide aux personnes âgées, animation des jeunes et loisirs",False
EX 84-32,,Aérateur de gazons de terrains,13,équipements importés n’ayant pas de similaires fabriqués localement,"encadrement de l’enfance, aide aux personnes âgées, animation des jeunes et loisirs",False
EX 84-32,,Sableuse pour terrains,13,équipements importés n’ayant pas de similaires fabriqués localement,"encadrement de l’enfance, aide aux personnes âgées, animation des jeunes et loisirs",False
EX 84-33,,Tondeuse à gazon,13,équipements importés n’ayant pas de similaires fabriqués localement,"encadrement de l’enfance, aide aux personnes âgées, animation des jeunes et loisirs",False
EX 84-33,,Balais ramasseur pour stades gazonnés,13,équipements importés n’ayant pas de similaires fabriqués localement,"encadrement de l’enfance, aide aux personnes âgées, animation des jeunes et loisirs",False
EX 84-36,,déplaqueuse pour terrain gazonnés,13,équipements importés n’ayant pas de similaires fabriqués localement,"encadrement de l’enfance, aide aux personnes âgées, animation des jeunes et loisirs",False
EX 84-79,,Traceur de couloirs de piste,13,équipements importés n’ayant pas de similaires fabriqués localement,"encadrement de l’enfance, aide aux personnes âgées, animation des jeunes et loisirs",False
EX 84-79,,Machine lance-balle,13,équipements importés n’ayant pas de similaires fabriqués localement,"encadrement de l’enfance, aide aux personnes âgées, animation des jeunes et loisirs",False
EX 84-79,,Traceurs de lignes et de pistes,13,équipements importés n’ayant pas de similaires fabriqués localement,"encadrement de l’enfance, aide aux personnes âgées, animation des jeunes et loisirs",False
EX 85-14,,Four électrique,13,équipements importés n’ayant pas de similaires fabriqués localement,"encadrement de l’enfance, aide aux personnes âgées, animation des jeunes et loisirs",False
EX 85-25,,Caméras de télévision,13,équipements importés n’ayant pas de similaires fabriqués localement,"encadrement de l’enfance, aide aux personnes âgées, animation des jeunes et loisirs",False
EX 85-31,,Tableaux lumineux pour arbitrage ou affichage de résultats pour différentes disciplines sportives,13,équipements importés n’ayant pas de similaires fabriqués localement,"encadrement de l’enfance, aide aux personnes âgées, animation des jeunes et loisirs",False
EX 87-12,,Vélos de course et vélos tout terrain,13,équipements importés n’ayant pas de similaires fabriqués localement,"encadrement de l’enfance, aide aux personnes âgées, animation des jeunes et loisirs",False
EX 87-16,,Transporteur de bateaux avec remorque sur roues tractables,13,équipements importés n’ayant pas de similaires fabriqués localement,"encadrement de l’enfance, aide aux personnes âgées, animation des jeunes et loisirs",False
EX 89-03,,Bateau à voile type laser,13,équipements importés n’ayant pas de similaires fabriqués localement,"encadrement de l’enfance, aide aux personnes âgées, animation des jeunes et loisirs",False
EX 89-03,,Bateau à voile type optimist,13,équipements importés n’ayant pas de similaires fabriqués localement,"encadrement de l’enfance, aide aux personnes âgées, animation des jeunes et loisirs",False
EX 89-03,,Bateau à voile type catamaran,13,équipements importés n’ayant pas de similaires fabriqués localement,"encadrement de l’enfance, aide aux personnes âgées, animation des jeunes et loisirs",False
EX 89-03,,Bateau à voile type 420,13,équipements importés n’ayant pas de similaires fabriqués localement,"encadrement de l’enfance, aide aux personnes âgées, animation des jeunes et loisirs",False
EX 89-03,,Bateau à voile type 470,13,équipements importés n’ayant pas de similaires fabriqués localement,"encadrement de l’enfance, aide aux personnes âgées, animation des jeunes et loisirs",False
EX 89-03,,Bateaux olympiques,13,équipements importés n’ayant pas de similaires fabriqués localement,"encadrement de l’enfance, aide aux personnes âgées, animation des jeunes et loisirs",False
EX 89-03,,Bateaux série réglementaire,13,équipements importés n’ayant pas de similaires fabriqués localement,"encadrement de l’enfance, aide aux personnes âgées, animation des jeunes et loisirs",False
EX 89-03,,Bateaux type entraînement école,13,équipements importés n’ayant pas de similaires fabriqués localement,"encadrement de l’enfance, aide aux personnes âgées, animation des jeunes et loisirs",False
EX 89-03,,Bateaux canoe-kayak,13,équipements importés n’ayant pas de similaires fabriqués localement,"encadrement de l’enfance, aide aux personnes âgées, animation des jeunes et loisirs",False
EX 89-03,,Catamaran avec moteur hors-bord,13,équipements importés n’ayant pas de similaires fabriqués localement,"encadrement de l’enfance, aide aux personnes âgées, animation des jeunes et loisirs",False
EX 89-03,,Pneumatique avec moteur hors-bord,13,équipements importés n’ayant pas de similaires fabriqués localement,"encadrement de l’enfance, aide aux personnes âgées, animation des jeunes et loisirs",False
EX 90-05,,Lunettes astronomiques,13,équipements importés n’ayant pas de similaires fabriqués localement,"encadrement de l’enfance, aide aux personnes âgées, animation des jeunes et loisirs",False
EX 90-05,,Télescopes,13,équipements importés n’ayant pas de similaires fabriqués localement,"encadrement de l’enfance, aide aux personnes âgées, animation des jeunes et loisirs",False
EX 90-05,,Jumelles,13,équipements importés n’ayant pas de similaires fabriqués localement,"encadrement de l’enfance, aide aux personnes âgées, animation des jeunes et loisirs",False
EX 90-06,,Appareils photographiques,13,équipements importés n’ayant pas de similaires fabriqués localement,"encadrement de l’enfance, aide aux personnes âgées, animation des jeunes et loisirs",False
EX 90-07,,Appareils de projection de films,13,équipements importés n’ayant pas de similaires fabriqués localement,"encadrement de l’enfance, aide aux personnes âgées, animation des jeunes et loisirs",False
EX 90-08,,Appareil de projection d'images fixes,13,équipements importés n’ayant pas de similaires fabriqués localement,"encadrement de l’enfance, aide aux personnes âgées, animation des jeunes et loisirs",False
EX 90-08,,Rétroprojecteurs,13,équipements importés n’ayant pas de similaires fabriqués localement,"encadrement de l’enfance, aide aux personnes âgées, animation des jeunes et loisirs",False
EX 90-08,,Episcopes,13,équipements importés n’ayant pas de similaires fabriqués localement,"encadrement de l’enfance, aide aux personnes âgées, animation des jeunes et loisirs",False
EX 90-10,,Appareils et matériel pour laboratoires photographiques,13,équipements importés n’ayant pas de similaires fabriqués localement,"encadrement de l’enfance, aide aux personnes âgées, animation des jeunes et loisirs",False
EX 90-10,,Table de montage sonore,13,équipements importés n’ayant pas de similaires fabriqués localement,"encadrement de l’enfance, aide aux personnes âgées, animation des jeunes et loisirs",False
EX 90-10,,Table de montage audio-visuel,13,équipements importés n’ayant pas de similaires fabriqués localement,"encadrement de l’enfance, aide aux personnes âgées, animation des jeunes et loisirs",False
EX 90-10,,Ecran géant pour vidéo,13,équipements importés n’ayant pas de similaires fabriqués localement,"encadrement de l’enfance, aide aux personnes âgées, animation des jeunes et loisirs",False
EX 90-11,,Microscope,13,équipements importés n’ayant pas de similaires fabriqués localement,"encadrement de l’enfance, aide aux personnes âgées, animation des jeunes et loisirs",False
EX 90-15,,Anémomètre avec compte secondes,13,équipements importés n’ayant pas de similaires fabriqués localement,"encadrement de l’enfance, aide aux personnes âgées, animation des jeunes et loisirs",False
EX 90-20,,Appareils respiratoires pour plongée,13,équipements importés n’ayant pas de similaires fabriqués localement,"encadrement de l’enfance, aide aux personnes âgées, animation des jeunes et loisirs",False
EX 90-23,,Valise démonstration football,13,équipements importés n’ayant pas de similaires fabriqués localement,"encadrement de l’enfance, aide aux personnes âgées, animation des jeunes et loisirs",False
EX 90-26,,Profondimètre,13,équipements importés n’ayant pas de similaires fabriqués localement,"encadrement de l’enfance, aide aux personnes âgées, animation des jeunes et loisirs",False
EX 91-02,,Chronomètre de table pour lutte,13,équipements importés n’ayant pas de similaires fabriqués localement,"encadrement de l’enfance, aide aux personnes âgées, animation des jeunes et loisirs",False
EX 91-02,,Autres chronomètres de sport,13,équipements importés n’ayant pas de similaires fabriqués localement,"encadrement de l’enfance, aide aux personnes âgées, animation des jeunes et loisirs",False
EX 92-04,,Accordéons,13,équipements importés n’ayant pas de similaires fabriqués localement,"encadrement de l’enfance, aide aux personnes âgées, animation des jeunes et loisirs",False
EX 92-07,,Guitare,13,équipements importés n’ayant pas de similaires fabriqués localement,"encadrement de l’enfance, aide aux personnes âgées, animation des jeunes et loisirs",False
EX 92-07,,Orgue électrique,13,équipements importés n’ayant pas de similaires fabriqués localement,"encadrement de l’enfance, aide aux personnes âgées, animation des jeunes et loisirs",False
EX 94-01,,Chaise pour arbitre de volley-ball,13,équipements importés n’ayant pas de similaires fabriqués localement,"encadrement de l’enfance, aide aux personnes âgées, animation des jeunes et loisirs",False
EX 94-01,,Chaise pour arbitre de tennis,13,équipements importés n’ayant pas de similaires fabriqués localement,"encadrement de l’enfance, aide aux personnes âgées, animation des jeunes et loisirs",False
EX 94-04,,Matelas de réception de chute saut à la perche,13,équipements importés n’ayant pas de similaires fabriqués localement,"encadrement de l’enfance, aide aux personnes âgées, animation des jeunes et loisirs",False
EX 94-04,,Matelas de réception de chute saut en hauteur,13,équipements importés n’ayant pas de similaires fabriqués localement,"encadrement de l’enfance, aide aux personnes âgées, animation des jeunes et loisirs",False
EX 94-05,,Variateur de lumière,13,équipements importés n’ayant pas de similaires fabriqués localement,"encadrement de l’enfance, aide aux personnes âgées, animation des jeunes et loisirs",False
EX 94-06,,Tunnel télescopique pour stades,13,équipements importés n’ayant pas de similaires fabriqués localement,"encadrement de l’enfance, aide aux personnes âgées, animation des jeunes et loisirs",False
EX 95-06,,Paire poteaux saut à la perche,13,équipements importés n’ayant pas de similaires fabriqués localement,"encadrement de l’enfance, aide aux personnes âgées, animation des jeunes et loisirs",False
EX 95-06,,Haies de saut,13,équipements importés n’ayant pas de similaires fabriqués localement,"encadrement de l’enfance, aide aux personnes âgées, animation des jeunes et loisirs",False
,,Latte de saut à la perche,13,équipements importés n’ayant pas de similaires fabriqués localement,"encadrement de l’enfance, aide aux personnes âgées, animation des jeunes et loisirs",False
,,Starting bloc,13,équipements importés n’ayant pas de similaires fabriqués localement,"encadrement de l’enfance, aide aux personnes âgées, animation des jeunes et loisirs",False
,,Tremplin,13,équipements importés n’ayant pas de similaires fabriqués localement,"encadrement de l’enfance, aide aux personnes âgées, animation des jeunes et loisirs",False
,,Mouton,13,équipements importés n’ayant pas de similaires fabriqués localement,"encadrement de l’enfance, aide aux personnes âgées, animation des jeunes et loisirs",False
,,Poutre d'équilibre,13,équipements importés n’ayant pas de similaires fabriqués localement,"encadrement de l’enfance, aide aux personnes âgées, animation des jeunes et loisirs",False
,,Barre fixe,13,équipements importés n’ayant pas de similaires fabriqués localement,"encadrement de l’enfance, aide aux personnes âgées, animation des jeunes et loisirs",False
,,barres parallèles,13,équipements importés n’ayant pas de similaires fabriqués localement,"encadrement de l’enfance, aide aux personnes âgées, animation des jeunes et loisirs",False
,,Plinths,13,équipements importés n’ayant pas de similaires fabriqués localement,"encadrement de l’enfance, aide aux personnes âgées, animation des jeunes et loisirs",False
,,Champignon,13,équipements importés n’ayant pas de similaires fabriqués localement,"encadrement de l’enfance, aide aux personnes âgées, animation des jeunes et loisirs",False
,,Paires anneaux complets,13,équipements importés n’ayant pas de similaires fabriqués localement,"encadrement de l’enfance, aide aux personnes âgées, animation des jeunes et loisirs",False
,,Paires anneaux de supports,13,équipements importés n’ayant pas de similaires fabriqués localement,"encadrement de l’enfance, aide aux personnes âgées, animation des jeunes et loisirs",False
,,Barre d'haltérophilie complète,13,équipements importés n’ayant pas de similaires fabriqués localement,"encadrement de l’enfance, aide aux personnes âgées, animation des jeunes et loisirs",False
,,Disques de charge,13,équipements importés n’ayant pas de similaires fabriqués localement,"encadrement de l’enfance, aide aux personnes âgées, animation des jeunes et loisirs",False
,,Plateau d'haltérophilie,13,équipements importés n’ayant pas de similaires fabriqués localement,"encadrement de l’enfance, aide aux personnes âgées, animation des jeunes et loisirs",False
,,Jeux de plaque 8 couloirs,13,équipements importés n’ayant pas de similaires fabriqués localement,"encadrement de l’enfance, aide aux personnes âgées, animation des jeunes et loisirs",False
,,Table de tennis (Pingpoing) pour compétition,13,équipements importés n’ayant pas de similaires fabriqués localement,"encadrement de l’enfance, aide aux personnes âgées, animation des jeunes et loisirs",False
,,Poire de boxe,13,équipements importés n’ayant pas de similaires fabriqués localement,"encadrement de l’enfance, aide aux personnes âgées, animation des jeunes et loisirs",False
,,Sac de boxe,13,équipements importés n’ayant pas de similaires fabriqués localement,"encadrement de l’enfance, aide aux personnes âgées, animation des jeunes et loisirs",False
,,Putching balle de boxe,13,équipements importés n’ayant pas de similaires fabriqués localement,"encadrement de l’enfance, aide aux personnes âgées, animation des jeunes et loisirs",False
,,Rings de boxe pour compétitions,13,équipements importés n’ayant pas de similaires fabriqués localement,"encadrement de l’enfance, aide aux personnes âgées, animation des jeunes et loisirs",False
,,Ligue d'eau 25 M ou 50 M,13,équipements importés n’ayant pas de similaires fabriqués localement,"encadrement de l’enfance, aide aux personnes âgées, animation des jeunes et loisirs",False
,,Matériels et articles de sport pour le paintball,13,équipements importés n’ayant pas de similaires fabriqués localement,"encadrement de l’enfance, aide aux personnes âgées, animation des jeunes et loisirs",False
,,Matériels et articles de sport pour l'athlétisme,13,équipements importés n’ayant pas de similaires fabriqués localement,"encadrement de l’enfance, aide aux personnes âgées, animation des jeunes et loisirs",False
,,Matériels et articles de sport pour le base-ball,13,équipements importés n’ayant pas de similaires fabriqués localement,"encadrement de l’enfance, aide aux personnes âgées, animation des jeunes et loisirs",False
,,Matériels et articles de sport pour la gymnastique,13,équipements importés n’ayant pas de similaires fabriqués localement,"encadrement de l’enfance, aide aux personnes âgées, animation des jeunes et loisirs",False
,,Matériels et articles de sport pour l'escrime,13,équipements importés n’ayant pas de similaires fabriqués localement,"encadrement de l’enfance, aide aux personnes âgées, animation des jeunes et loisirs",False
,,Matériels et articles de sport pour la boxe,13,équipements importés n’ayant pas de similaires fabriqués localement,"encadrement de l’enfance, aide aux personnes âgées, animation des jeunes et loisirs",False
,,Matériels et articles de sport pour la natation,13,équipements importés n’ayant pas de similaires fabriqués localement,"encadrement de l’enfance, aide aux personnes âgées, animation des jeunes et loisirs",False
,,But en acier léger ou en aluminium,13,équipements importés n’ayant pas de similaires fabriqués localement,"encadrement de l’enfance, aide aux personnes âgées, animation des jeunes et loisirs",False
,,Joug articulé et boucliers de contact pour rugby,13,équipements importés n’ayant pas de similaires fabriqués localement,"encadrement de l’enfance, aide aux personnes âgées, animation des jeunes et loisirs",False
,,Potence de rugby,13,équipements importés n’ayant pas de similaires fabriqués localement,"encadrement de l’enfance, aide aux personnes âgées, animation des jeunes et loisirs",False
,,Planche à voile type mistral,13,équipements importés n’ayant pas de similaires fabriqués localement,"encadrement de l’enfance, aide aux personnes âgées, animation des jeunes et loisirs",False
,,appareils de musculation pour la culture physique,13,équipements importés n’ayant pas de similaires fabriqués localement,"encadrement de l’enfance, aide aux personnes âgées, animation des jeunes et loisirs",False
,,Lanceur pour ball-trap,13,équipements importés n’ayant pas de similaires fabriqués localement,"encadrement de l’enfance, aide aux personnes âgées, animation des jeunes et loisirs",False
,,Buts et poteaux en acier léger ou en aluminium,13,équipements importés n’ayant pas de similaires fabriqués localement,"encadrement de l’enfance, aide aux personnes âgées, animation des jeunes et loisirs",False
EX 95-08,,Cibles et ramène cible pour tir à air comprimé,13,équipements importés n’ayant pas de similaires fabriqués localement,"encadrement de l’enfance, aide aux personnes âgées, animation des jeunes et loisirs",False
EX 96-18,,Mannequin de lutte,13,équipements importés n’ayant pas de similaires fabriqués localement,"encadrement de l’enfance, aide aux personnes âgées, animation des jeunes et loisirs",False
EX 96-18,,Mannequins de sport,13,équipements importés n’ayant pas de similaires fabriqués localement,"encadrement de l’enfance, aide aux personnes âgées, animation des jeunes et loisirs",False
,,Couvertures de piscines composée des :,13,équipements importés n’ayant pas de similaires fabriqués localement,"encadrement de l’enfance, aide aux personnes âgées, animation des jeunes et loisirs",False
,,Couvertures de piscines composée des : > Tentes en toile enduite (630629),13,équipements importés n’ayant pas de similaires fabriqués localement,"encadrement de l’enfance, aide aux personnes âgées, animation des jeunes et loisirs",False
,,"Couvertures de piscines composée des : > Portes tournantes, portes de sécurité et leurs cadres en aluminium, tunnels et autres éléments en aluminium (76.10)",13,équipements importés n’ayant pas de similaires fabriqués localement,"encadrement de l’enfance, aide aux personnes âgées, animation des jeunes et loisirs",False
,,Couvertures flottantes pour piscines,13,équipements importés n’ayant pas de similaires fabriqués localement,"encadrement de l’enfance, aide aux personnes âgées, animation des jeunes et loisirs",False
EX 84-14,,Hotte à flux laminaire de laboratoire,15,équipements importés n’ayant pas de similaires fabriqués localement,établissements sanitaires et hospitaliers,False
EX 84-15,,Equipements de conditionnement de l'air dont la capacité est supérieure ou égale à 10.000 frigories/heure,15,équipements importés n’ayant pas de similaires fabriqués localement,établissements sanitaires et hospitaliers,False
EX 84-17,,Fours de laboratoires et incinérateurs non électriques,15,équipements importés n’ayant pas de similaires fabriqués localement,établissements sanitaires et hospitaliers,False
EX 84-19,,Stérilisateurs médico-chirurgicaux ou de laboratoires,15,équipements importés n’ayant pas de similaires fabriqués localement,établissements sanitaires et hospitaliers,False
EX 84-19,,Appareils de distillation ou de rectification,15,équipements importés n’ayant pas de similaires fabriqués localement,établissements sanitaires et hospitaliers,False
EX 84-19,,"Autres appareils même chauffés électriquement, pour le traitement de matières par des opérations impliquant un changement de température, destinés à la médecine ou aux laboratoires",15,équipements importés n’ayant pas de similaires fabriqués localement,établissements sanitaires et hospitaliers,False
EX 84-21,,Centrifugeuses de laboratoires,15,équipements importés n’ayant pas de similaires fabriqués localement,établissements sanitaires et hospitaliers,False
EX 84-21,,"Appareils pour la filtration ou l'épuration des eaux, de l'air et des gaz médicaux",15,équipements importés n’ayant pas de similaires fabriqués localement,établissements sanitaires et hospitaliers,False
EX 85-14,,Fours électriques pour laboratoires,15,équipements importés n’ayant pas de similaires fabriqués localement,établissements sanitaires et hospitaliers,False
EX 85-14,,Lave bassin,15,équipements importés n’ayant pas de similaires fabriqués localement,établissements sanitaires et hospitaliers,False
EX 85.37,,Bras distributeurs bloc opératoire,15,équipements importés n’ayant pas de similaires fabriqués localement,établissements sanitaires et hospitaliers,False
EX 85-43,,Machines et appareils d'électrolyse ou électrophorèse,15,équipements importés n’ayant pas de similaires fabriqués localement,établissements sanitaires et hospitaliers,False
EX 87-03,,Ambulances,15,équipements importés n’ayant pas de similaires fabriqués localement,établissements sanitaires et hospitaliers,False
EX 90-10,,Appareils et matériels pour le développement automatique de films radiologiques,15,équipements importés n’ayant pas de similaires fabriqués localement,établissements sanitaires et hospitaliers,False
EX 90-10,,Négatoscopes,15,équipements importés n’ayant pas de similaires fabriqués localement,établissements sanitaires et hospitaliers,False
EX 90-10,,Caméras laser,15,équipements importés n’ayant pas de similaires fabriqués localement,établissements sanitaires et hospitaliers,False
EX 90-11,,Microscopes optiques,15,équipements importés n’ayant pas de similaires fabriqués localement,établissements sanitaires et hospitaliers,False
EX 90-12,,Microscopes autres qu'optiques,15,équipements importés n’ayant pas de similaires fabriqués localement,établissements sanitaires et hospitaliers,False
EX 90-13,,Lasers,15,équipements importés n’ayant pas de similaires fabriqués localement,établissements sanitaires et hospitaliers,False
EX 90-13,,Stéréoscopes,15,équipements importés n’ayant pas de similaires fabriqués localement,établissements sanitaires et hospitaliers,False
EX 90-13,,Endoscopes,15,équipements importés n’ayant pas de similaires fabriqués localement,établissements sanitaires et hospitaliers,False
EX 90-16,,Balances sensibles à un poids de 5 cg ou moins pour laboratoires,15,équipements importés n’ayant pas de similaires fabriqués localement,établissements sanitaires et hospitaliers,False
EX 90-18,,"Instruments et appareils pour la médecine, la chirurgie, l'art dentaire ou l'art vétérinaire, y compris les appareils de scintigraphie et autres appareils électro médicaux ainsi que les appareils pour tests visuels à l'exclusion des seringues, aiguilles, cathéters, canules et instruments similaires",15,équipements importés n’ayant pas de similaires fabriqués localement,établissements sanitaires et hospitaliers,False
EX 90-19,,"Appareils de mécanothérapie, appareils de massage, appareils de psychotechnie, appareils d'ozonothérapie d'oxygénothérapie, d'aérosol-thérapie, appareils respiratoires de réanimation et autres appareils de thérapie respiratoire",15,équipements importés n’ayant pas de similaires fabriqués localement,établissements sanitaires et hospitaliers,False
EX 90-20,,Autres appareils respiratoires,15,équipements importés n’ayant pas de similaires fabriqués localement,établissements sanitaires et hospitaliers,False
EX 90-22,,"Appareils à rayons X à usage médical, chirurgical, dentaire ou vétérinaire, y compris les appareils de radiophotographie ou de radiothérapie",15,équipements importés n’ayant pas de similaires fabriqués localement,établissements sanitaires et hospitaliers,False
EX 90-22,,"Appareils utilisant les radiations alpha, bêta ou gamma, à usage médical, chirurgical, dentaire ou vétérinaire, y compris les appareils de radiopho-tographie ou de radiothérapie",15,équipements importés n’ayant pas de similaires fabriqués localement,établissements sanitaires et hospitaliers,False
EX 90-26,,"Appareils de test, d'étalonnage et de contrôle de qualité des équipements médicaux",15,équipements importés n’ayant pas de similaires fabriqués localement,établissements sanitaires et hospitaliers,False
EX 90-27,,Analyseurs de gaz,15,équipements importés n’ayant pas de similaires fabriqués localement,établissements sanitaires et hospitaliers,False
EX 90-27,,Chromatographies et appareils d'électrophorèse,15,équipements importés n’ayant pas de similaires fabriqués localement,établissements sanitaires et hospitaliers,False
EX 90-27,,"Spectromètres, spectrophotomètres et spectrographes utilisant les rayonnements optiques (UV, visibles, IR)",15,équipements importés n’ayant pas de similaires fabriqués localement,établissements sanitaires et hospitaliers,False
EX 90-27,,"Autres instruments et appareils utilisant les rayonnements optiques (UV, visibles, IR)",15,équipements importés n’ayant pas de similaires fabriqués localement,établissements sanitaires et hospitaliers,False
EX 90-27,,Microtomes,15,équipements importés n’ayant pas de similaires fabriqués localement,établissements sanitaires et hospitaliers,False
EX 90-27,,"Appareils de test, d'étalonnage et de contrôle de qualité des équipements médicaux",15,équipements importés n’ayant pas de similaires fabriqués localement,établissements sanitaires et hospitaliers,False
EX 90-30,,"Appareils de test, d'étalonnage et de contrôle de qualité des équipements médicaux",15,équipements importés n’ayant pas de similaires fabriqués localement,établissements sanitaires et hospitaliers,False
EX 94-02,,Tables d'opérations chirurgicales,15,équipements importés n’ayant pas de similaires fabriqués localement,établissements sanitaires et hospitaliers,False
EX 94-05,,Appareils d'éclairage spécifiques pour salles d'opérations (Scialytique),15,équipements importés n’ayant pas de similaires fabriqués localement,établissements sanitaires et hospitaliers,False
EX 25.15,,Marbre non travaillé pour hôtels 4 et 5 étoiles,17,équipements importés n’ayant pas de similaires fabriqués localement,tourisme,False
EX 39.25,,Eléments de piscine,17,équipements importés n’ayant pas de similaires fabriqués localement,tourisme,False
EX 39.26,,Grilles et diffuseurs,17,équipements importés n’ayant pas de similaires fabriqués localement,tourisme,False
EX 40.15,,Gilet de sauvetage,17,équipements importés n’ayant pas de similaires fabriqués localement,tourisme,False
EX 40.15,,"Equipements de secours nautique, matériels de balisage, bouées et ancres",17,équipements importés n’ayant pas de similaires fabriqués localement,tourisme,False
EX 40.16,,Tapis en caoutchouc synthétique non vulcanisé,17,équipements importés n’ayant pas de similaires fabriqués localement,tourisme,False
EX 54.07,,Filets de protection anti-méduses et anti-pollution,17,équipements importés n’ayant pas de similaires fabriqués localement,tourisme,False
EX 63.06,,Tentes Caidales,17,équipements importés n’ayant pas de similaires fabriqués localement,tourisme,False
EX 70.13,,Ustensiles spéciaux pour aliments chauds,17,équipements importés n’ayant pas de similaires fabriqués localement,tourisme,False
EX 70.19,,Produit calorifuge en laine de verre,17,équipements importés n’ayant pas de similaires fabriqués localement,tourisme,False
EX 70.19,,Tissus en fibrine de laine de verre pour rideau,17,équipements importés n’ayant pas de similaires fabriqués localement,tourisme,False
EX 73.08,,Eléments de piscine,17,équipements importés n’ayant pas de similaires fabriqués localement,tourisme,False
EX 73.21,,Kitchenette (cuisinette),17,équipements importés n’ayant pas de similaires fabriqués localement,tourisme,False
EX 73.21,,Réchaud à flamber,17,équipements importés n’ayant pas de similaires fabriqués localement,tourisme,False
EX 73.23,,Marmites à cuire les aliments à la vapeur avec pression (autocuiseur > 12 L),17,équipements importés n’ayant pas de similaires fabriqués localement,tourisme,False
EX 73.26,,Grilles et diffuseurs,17,équipements importés n’ayant pas de similaires fabriqués localement,tourisme,False
EX 82.01,,Cisaille à volaille,17,équipements importés n’ayant pas de similaires fabriqués localement,tourisme,False
EX 82.05,,Eplucheurs,17,équipements importés n’ayant pas de similaires fabriqués localement,tourisme,False
EX 82.05,,Coquilleurs à beurre,17,équipements importés n’ayant pas de similaires fabriqués localement,tourisme,False
EX 82.10,,Moulin à légumes,17,équipements importés n’ayant pas de similaires fabriqués localement,tourisme,False
EX 82.10,,Etal à boucher autre qu’en bois,17,équipements importés n’ayant pas de similaires fabriqués localement,tourisme,False
EX 82.11,,Tranchets,17,équipements importés n’ayant pas de similaires fabriqués localement,tourisme,False
EX 82.14,,Cisaille à poisson,17,équipements importés n’ayant pas de similaires fabriqués localement,tourisme,False
EX 83.01,,Serrure fonctionnant par l’insertion de carte magnétique,17,équipements importés n’ayant pas de similaires fabriqués localement,tourisme,False
EX 83.01,,Système d’ouverture et fermeture photo-électrique,17,équipements importés n’ayant pas de similaires fabriqués localement,tourisme,False
EX 83.01,,Ferme-porte automatique,17,équipements importés n’ayant pas de similaires fabriqués localement,tourisme,False
EX 83.02,,Paumelle va et vient,17,équipements importés n’ayant pas de similaires fabriqués localement,tourisme,False
EX 84.03,,"Chaudière pour production de l’eau chaude pour piscine, même munie de dispositifs accessoires tels que régulateur de pression",17,équipements importés n’ayant pas de similaires fabriqués localement,tourisme,False
EX 84.03,,Chaudière pour le chauffage central et appareils auxiliaires,17,équipements importés n’ayant pas de similaires fabriqués localement,tourisme,False
EX 84.07,,Moteurs hors-bord et inbord avec accessoires,17,équipements importés n’ayant pas de similaires fabriqués localement,tourisme,False
EX 84.13,,Groupe vacuum central,17,équipements importés n’ayant pas de similaires fabriqués localement,tourisme,False
EX 84.13,,Suppresseur,17,équipements importés n’ayant pas de similaires fabriqués localement,tourisme,False
EX 84.13,,"Circulateurs d’eau pour recyclage, électropompes et pompes d'une capacité égale ou supérieure à 40 litres par seconde",17,équipements importés n’ayant pas de similaires fabriqués localement,tourisme,False
EX 84.14,,Groupe compresseur,17,équipements importés n’ayant pas de similaires fabriqués localement,tourisme,False
EX 84.14,,Compresseur frigorifique,17,équipements importés n’ayant pas de similaires fabriqués localement,tourisme,False
EX 84.14,,Compresseur à air respirable d’une capacité n’excédant pas 50 m3,17,équipements importés n’ayant pas de similaires fabriqués localement,tourisme,False
EX 84.15,,Unité de conditionnement de l’air d’une puissance supérieure à 30000 BTU,17,équipements importés n’ayant pas de similaires fabriqués localement,tourisme,False
EX 84.15,,Ventilo-convecteur,17,équipements importés n’ayant pas de similaires fabriqués localement,tourisme,False
EX 84.16,,Brûleur,17,équipements importés n’ayant pas de similaires fabriqués localement,tourisme,False
EX 84.17,,Fours à Pizza,17,équipements importés n’ayant pas de similaires fabriqués localement,tourisme,False
EX 84.17,,Fours à pâtisserie,17,équipements importés n’ayant pas de similaires fabriqués localement,tourisme,False
EX 84.17,,Fours à air propulsé,17,équipements importés n’ayant pas de similaires fabriqués localement,tourisme,False
EX 84.18,,Pompe à chaleur excédant 40.000 BTU,17,équipements importés n’ayant pas de similaires fabriqués localement,tourisme,False
EX 84.18,,"Groupe frigorifique à compression (comprenant le compresseur, le condensateur et l'évaporateur)",17,équipements importés n’ayant pas de similaires fabriqués localement,tourisme,False
EX 84.18,,Machines à fabriquer la glace ou les glaçons,17,équipements importés n’ayant pas de similaires fabriqués localement,tourisme,False
EX 84.19,,Groupe de production d'eau chaude et d'eau glacée,17,équipements importés n’ayant pas de similaires fabriqués localement,tourisme,False
EX 84.19,,"Pasteurisateurs (de brasserie, de jus de fruit, de laiterie)",17,équipements importés n’ayant pas de similaires fabriqués localement,tourisme,False
EX 84.19,,Stérilisateurs,17,équipements importés n’ayant pas de similaires fabriqués localement,tourisme,False
EX 84.19,,Armoire de stérilisation pour coutellerie,17,équipements importés n’ayant pas de similaires fabriqués localement,tourisme,False
EX 84.19,,Cabine de restauration ambulante (chaftingdish),17,équipements importés n’ayant pas de similaires fabriqués localement,tourisme,False
EX 84.19,,Friteuse sauteuses basculantes et appareils et dispositifs pour la cuisson ou le chauffage des aliments à usage professionnel,17,équipements importés n’ayant pas de similaires fabriqués localement,tourisme,False
EX 84.20,,"Laminoirs (laminage des pâtes alimentaires, à biscuits, de confiserie et de chocolaterie)",17,équipements importés n’ayant pas de similaires fabriqués localement,tourisme,False
EX 84.21,,"Appareils pour l'épuration de l'eau (adoucisseur, déminéralisateur)",17,équipements importés n’ayant pas de similaires fabriqués localement,tourisme,False
EX 84.21,,Machines automatiques pour nettoyage de piscine,17,équipements importés n’ayant pas de similaires fabriqués localement,tourisme,False
EX 84.21,,Matériels de filtration autres qu'à usage domestique,17,équipements importés n’ayant pas de similaires fabriqués localement,tourisme,False
EX 84.22,,Machines à laver la vaisselle autre qu'à usage domestique,17,équipements importés n’ayant pas de similaires fabriqués localement,tourisme,False
EX 84.22,,Emballeuses automatiques,17,équipements importés n’ayant pas de similaires fabriqués localement,tourisme,False
EX 84.24,,Appareils de nettoyage à haute pression (à jet),17,équipements importés n’ayant pas de similaires fabriqués localement,tourisme,False
EX 84.24,,Station d'irrigation pour terrain de golf avec accessoires,17,équipements importés n’ayant pas de similaires fabriqués localement,tourisme,False
EX 84.24,,Poteaux d'incendie,17,équipements importés n’ayant pas de similaires fabriqués localement,tourisme,False
EX 84.24,,Lance incendie,17,équipements importés n’ayant pas de similaires fabriqués localement,tourisme,False
EX 84.24,,Sprinkler,17,équipements importés n’ayant pas de similaires fabriqués localement,tourisme,False
EX 84.26,,"Engins de manutention mobile pour ports de plaisance ""Trollift""",17,équipements importés n’ayant pas de similaires fabriqués localement,tourisme,False
EX 84.29,,Véhicules à nettoyer les plages,17,équipements importés n’ayant pas de similaires fabriqués localement,tourisme,False
EX 84.33,,Machines à nettoyer les légumes,17,équipements importés n’ayant pas de similaires fabriqués localement,tourisme,False
EX 84.33,,Faucheuse et tondeuse à gazon pour pelouse de terrain de golf,17,équipements importés n’ayant pas de similaires fabriqués localement,tourisme,False
EX 84.38,,"Appareils pour le travail des viandes (façonneuse à brochette, façonneuse à hamburger, poussoir à saucisse)",17,équipements importés n’ayant pas de similaires fabriqués localement,tourisme,False
EX 84.38,,"Appareils pour la pâtisserie (machine à crème chantilly, façonneuse à croissant, turbine à crème glacée)",17,équipements importés n’ayant pas de similaires fabriqués localement,tourisme,False
EX 84.50,,Machine à laver le linge même avec essoreuse incorporée d'une capacité unitaire exprimée en poids de linge sec excédant 6 kg,17,équipements importés n’ayant pas de similaires fabriqués localement,tourisme,False
EX 84.51,,Machine pour le séchage et le repassage,17,équipements importés n’ayant pas de similaires fabriqués localement,tourisme,False
EX 84.51,,Machine pour le nettoyage à sec (pour hôtels de la catégorie 5 étoiles),17,équipements importés n’ayant pas de similaires fabriqués localement,tourisme,False
EX 84.51,,Presse à fixer (engageuse défricheuse),17,équipements importés n’ayant pas de similaires fabriqués localement,tourisme,False
EX 84.51,,Pliseuse,17,équipements importés n’ayant pas de similaires fabriqués localement,tourisme,False
EX 84.51,,Calandre,17,équipements importés n’ayant pas de similaires fabriqués localement,tourisme,False
EX 84.76,,Distributeur de boissons fraîches et chaudes,17,équipements importés n’ayant pas de similaires fabriqués localement,tourisme,False
EX 84.76,,Distributeur d'assiettes chaudes,17,équipements importés n’ayant pas de similaires fabriqués localement,tourisme,False
EX 84.79,,Appareils à ultra son pour chasser les rongeurs,17,équipements importés n’ayant pas de similaires fabriqués localement,tourisme,False
EX 84.81,,"Doseur à boisson avec accessoires, passoire pour cocktail",17,équipements importés n’ayant pas de similaires fabriqués localement,tourisme,False
EX 84.81,,Mélangeur thermostatique pour bain et douche,17,équipements importés n’ayant pas de similaires fabriqués localement,tourisme,False
EX 84.81,,Anti-bélier,17,équipements importés n’ayant pas de similaires fabriqués localement,tourisme,False
EX 84.81,,Limiteur de débit,17,équipements importés n’ayant pas de similaires fabriqués localement,tourisme,False
EX 84.81,,Robinet électrique,17,équipements importés n’ayant pas de similaires fabriqués localement,tourisme,False
EX 85.02,,Groupes électrogènes d'une puissance excédant 375 KVA,17,équipements importés n’ayant pas de similaires fabriqués localement,tourisme,False
EX 85.04,,Transformateur d'une puissance excédant 2500 KVA,17,équipements importés n’ayant pas de similaires fabriqués localement,tourisme,False
EX 85.04,,Bornes pour alimentation électrique,17,équipements importés n’ayant pas de similaires fabriqués localement,tourisme,False
EX 85.09,,Presse-fruits et presse-légumes,17,équipements importés n’ayant pas de similaires fabriqués localement,tourisme,False
EX 85.09,,Moulin à café,17,équipements importés n’ayant pas de similaires fabriqués localement,tourisme,False
EX 85.09,,Hache-viande et hachoir,17,équipements importés n’ayant pas de similaires fabriqués localement,tourisme,False
EX 85.09,,"Broyeur pour déchets de cuisine, broyeur et mélangeur pour aliments",17,équipements importés n’ayant pas de similaires fabriqués localement,tourisme,False
EX 85.09,,Scie à os électrique,17,équipements importés n’ayant pas de similaires fabriqués localement,tourisme,False
EX 85.09,,Coupe-pain électrique,17,équipements importés n’ayant pas de similaires fabriqués localement,tourisme,False
EX 85.09,,Aspirateur de poussière,17,équipements importés n’ayant pas de similaires fabriqués localement,tourisme,False
EX 85.09,,Cireuse électrique,17,équipements importés n’ayant pas de similaires fabriqués localement,tourisme,False
EX 85.09,,"Machine rotative pour récurage, polissage et shampoinage",17,équipements importés n’ayant pas de similaires fabriqués localement,tourisme,False
EX 85.09,,Trancheur professionnel à viande électrique,17,équipements importés n’ayant pas de similaires fabriqués localement,tourisme,False
EX 85.16,,Brûleur automatique d'une puissance supérieure à 250.000 kilo calories,17,équipements importés n’ayant pas de similaires fabriqués localement,tourisme,False
EX 85.16,,Chauffe-eau électrique d'une capacité supérieure à 300 litres,17,équipements importés n’ayant pas de similaires fabriqués localement,tourisme,False
EX 85.16,,Four à micro-onde et four rôtissoire,17,équipements importés n’ayant pas de similaires fabriqués localement,tourisme,False
EX 85.16,,Sèche-main et sèche-cheveux,17,équipements importés n’ayant pas de similaires fabriqués localement,tourisme,False
EX 85.16,,Sauna complet,17,équipements importés n’ayant pas de similaires fabriqués localement,tourisme,False
EX 85.16,,Friteuse sauteuses basculantes et appareils et dispositifs pour la cuisson ou le chauffage des aliments à usage professionnel,17,équipements importés n’ayant pas de similaires fabriqués localement,tourisme,False
EX 85.17,,Standards téléphoniques avec accessoires d'une capacité égale ou supérieure à 32 lignes,17,équipements importés n’ayant pas de similaires fabriqués localement,tourisme,False
EX 85.18,,Appareillage d'écoute,17,équipements importés n’ayant pas de similaires fabriqués localement,tourisme,False
EX 85.18,,"Microphone, diffuseur de son",17,équipements importés n’ayant pas de similaires fabriqués localement,tourisme,False
EX 85.18,,Baffles et hauts parleurs,17,équipements importés n’ayant pas de similaires fabriqués localement,tourisme,False
EX 85.18,,Amplificateurs,17,équipements importés n’ayant pas de similaires fabriqués localement,tourisme,False
EX 85.19,,Tableaux de mixage n'incorporant pas de dispositifs d'enregistrement de son,17,équipements importés n’ayant pas de similaires fabriqués localement,tourisme,False
EX 85.19,,Attente musicale,17,équipements importés n’ayant pas de similaires fabriqués localement,tourisme,False
EX 85.19,,"Appareils de montage et d'enregistrement des disques, tableau de mixage, électrophone, lecteurs bandes magnétiques, lecteur enregistreur de slogans",17,équipements importés n’ayant pas de similaires fabriqués localement,tourisme,False
EX 85.19,,Tableaux de mixage incorporant un dispositif de reproduction de son,17,équipements importés n’ayant pas de similaires fabriqués localement,tourisme,False
EX 85.19,,Dictaphone et appareil d'enregistrement,17,équipements importés n’ayant pas de similaires fabriqués localement,tourisme,False
EX 85.25,,Caméras de surveillance,17,équipements importés n’ayant pas de similaires fabriqués localement,tourisme,False
EX 85.28,,"Equipement de circuit fermé vidéo, télédistribution pour programme interne avec accessoires",17,équipements importés n’ayant pas de similaires fabriqués localement,tourisme,False
EX 85.28,,Projecteurs vidéo,17,équipements importés n’ayant pas de similaires fabriqués localement,tourisme,False
EX 85.30,,Balisage d'immeuble,17,équipements importés n’ayant pas de similaires fabriqués localement,tourisme,False
EX 85.31,,Appareils de signalisation lumineuse par chiffres actionnés par cadran d'appel des postes téléphoniques,17,équipements importés n’ayant pas de similaires fabriqués localement,tourisme,False
EX 85.31,,Appareils avertisseurs pour la protection contre l'incendie et le vol,17,équipements importés n’ayant pas de similaires fabriqués localement,tourisme,False
EX 85.32,,Condensateurs électriques,17,équipements importés n’ayant pas de similaires fabriqués localement,tourisme,False
EX 85.32,,Batterie de condensateur,17,équipements importés n’ayant pas de similaires fabriqués localement,tourisme,False
EX 85.35,,Bouton de commande,17,équipements importés n’ayant pas de similaires fabriqués localement,tourisme,False
EX 85.35,,Micro-suich (interrupteur fin de course),17,équipements importés n’ayant pas de similaires fabriqués localement,tourisme,False
EX 85.35,,Paratonnerre,17,équipements importés n’ayant pas de similaires fabriqués localement,tourisme,False
EX 85.43,,Equaliseur,17,équipements importés n’ayant pas de similaires fabriqués localement,tourisme,False
EX 85.43,,Portiques de sécurité,17,équipements importés n’ayant pas de similaires fabriqués localement,tourisme,False
EX 85.46,,Isolateurs,17,équipements importés n’ayant pas de similaires fabriqués localement,tourisme,False
EX 87.01,,Petit train touristique,17,équipements importés n’ayant pas de similaires fabriqués localement,tourisme,False
EX 87.03,,Véhicules spécialement conçus pour se déplacer sur les terrains de golf,17,équipements importés n’ayant pas de similaires fabriqués localement,tourisme,False
EX 87.03,,Tricycles et quadricycles à moteur,17,équipements importés n’ayant pas de similaires fabriqués localement,tourisme,False
EX 87.09,,Chariots de golf,17,équipements importés n’ayant pas de similaires fabriqués localement,tourisme,False
EX 87.11,,Tricycles et quadricycles à moteur,17,équipements importés n’ayant pas de similaires fabriqués localement,tourisme,False
EX 87.11,,Véhicules électriques monoplaces à système de stabilisation gyroscopique (SEGWAY),17,équipements importés n’ayant pas de similaires fabriqués localement,tourisme,False
EX 88.01,,Montgolfière,17,équipements importés n’ayant pas de similaires fabriqués localement,tourisme,False
EX 88.02,,Avion léger d’animation moins de 250CV,17,équipements importés n’ayant pas de similaires fabriqués localement,tourisme,False
EX 88.04,,Parachute,17,équipements importés n’ayant pas de similaires fabriqués localement,tourisme,False
EX 89.03,,"Bateaux de plaisance (scooter de mer, bateau de promenade sous eau)",17,équipements importés n’ayant pas de similaires fabriqués localement,tourisme,False
EX 89.03,,Vedette de sauvetage avec équipements nécessaires,17,équipements importés n’ayant pas de similaires fabriqués localement,tourisme,False
EX 89.03,,"Bateau à moteur de plaisance ou de sport et embarcations de plaisance ou de sport, d’une longueur supérieure à 11 mètres",17,équipements importés n’ayant pas de similaires fabriqués localement,tourisme,False
EX 89.03,,Hydrojet (oxoon nautique),17,équipements importés n’ayant pas de similaires fabriqués localement,tourisme,False
EX 89.03,,Bateau avec plate-forme pour parachute,17,équipements importés n’ayant pas de similaires fabriqués localement,tourisme,False
EX 89.03,,Catamaran,17,équipements importés n’ayant pas de similaires fabriqués localement,tourisme,False
EX 89.03,,Vélo nautique sans moteur,17,équipements importés n’ayant pas de similaires fabriqués localement,tourisme,False
EX 89.03,,Kayak de Mer,17,équipements importés n’ayant pas de similaires fabriqués localement,tourisme,False
EX 89.03,,Aéroglisseur (Hovercraft).,17,équipements importés n’ayant pas de similaires fabriqués localement,tourisme,False
EX 89.07,,Plate-forme pour animation touristique et accessoires,17,équipements importés n’ayant pas de similaires fabriqués localement,tourisme,False
EX 90.05,,Télescopes professionnels avec accessoires,17,équipements importés n’ayant pas de similaires fabriqués localement,tourisme,False
EX 90.08,,Projecteur et écran,17,équipements importés n’ayant pas de similaires fabriqués localement,tourisme,False
EX 90.19,,Equipement et appareillage de massage et de musculation,17,équipements importés n’ayant pas de similaires fabriqués localement,tourisme,False
EX 90.19,,Appareil de réanimation,17,équipements importés n’ayant pas de similaires fabriqués localement,tourisme,False
EX 90.19,,Equipement et appareillage de balnéothérapie et de thalassothérapie,17,équipements importés n’ayant pas de similaires fabriqués localement,tourisme,False
EX 90.25,,Matériel de contrôle et de régulation,17,équipements importés n’ayant pas de similaires fabriqués localement,tourisme,False
EX 90.29,,Computer de communication et de facturation téléphonique,17,équipements importés n’ayant pas de similaires fabriqués localement,tourisme,False
EX 90.30,,"Matériel de contrôle, de régulation et de mesure",17,équipements importés n’ayant pas de similaires fabriqués localement,tourisme,False
EX 90.32,,"Matériel de contrôle, de régulation et de mesure",17,équipements importés n’ayant pas de similaires fabriqués localement,tourisme,False
EX 94.05,,Projecteurs étanches,17,équipements importés n’ayant pas de similaires fabriqués localement,tourisme,False
EX 94.05,,Matériels de projection électrique pour animation,17,équipements importés n’ayant pas de similaires fabriqués localement,tourisme,False
EX 95.03,,Jouets géants gonflables pour animation touristique,17,équipements importés n’ayant pas de similaires fabriqués localement,tourisme,False
EX 95.04,,Installation complète de bowling avec mécanisme et accessoires,17,équipements importés n’ayant pas de similaires fabriqués localement,tourisme,False
EX 95.04,,Tables spéciales pour jeux de casino,17,équipements importés n’ayant pas de similaires fabriqués localement,tourisme,False
EX 95.04,,Machines à sous,17,équipements importés n’ayant pas de similaires fabriqués localement,tourisme,False
EX 95.04,,Simulateur de golf,17,équipements importés n’ayant pas de similaires fabriqués localement,tourisme,False
EX 95.06,,Toboggan géant pour animation,17,équipements importés n’ayant pas de similaires fabriqués localement,tourisme,False
EX 95.06,,Club de golf,17,équipements importés n’ayant pas de similaires fabriqués localement,tourisme,False
EX 95.06,,Autres matériels pour le golf,17,équipements importés n’ayant pas de similaires fabriqués localement,tourisme,False
,,Equipement de salle de gymnastique à l’exclusion des médecines-balls,17,équipements importés n’ayant pas de similaires fabriqués localement,tourisme,False
,,"Articles et équipements sportifs de basket-ball, de gymnastique, d’haltérophilie, de pétanque, de tennis, de tir au pigeon, de tir à l’arc, de water-polo",17,équipements importés n’ayant pas de similaires fabriqués localement,tourisme,False
,,Planches à voile,17,équipements importés n’ayant pas de similaires fabriqués localement,tourisme,False
,,Equipements de ski nautique,17,équipements importés n’ayant pas de similaires fabriqués localement,tourisme,False
,,Équipements complets pour stations de patinage sur glace artificielle et accessoires,17,équipements importés n’ayant pas de similaires fabriqués localement,tourisme,False
,,Chars à voiles sahariens avec accessoires,17,équipements importés n’ayant pas de similaires fabriqués localement,tourisme,False
,,Scooters de plongée sous-marine,17,équipements importés n’ayant pas de similaires fabriqués localement,tourisme,False
,,Equipements pour activité de PAINTBALL,17,équipements importés n’ayant pas de similaires fabriqués localement,tourisme,False
,,Equipements TELESKI NAUTIQUE,17,équipements importés n’ayant pas de similaires fabriqués localement,tourisme,False
,,Equipements complets pour « fly surf »,17,équipements importés n’ayant pas de similaires fabriqués localement,tourisme,False
EX 95.07,,Equipement de pêche et de plongée sous-marine,17,équipements importés n’ayant pas de similaires fabriqués localement,tourisme,False
EX 95.08,,Equipement de manège et de karting,17,équipements importés n’ayant pas de similaires fabriqués localement,tourisme,False
EX 95.08,,Tremplin à élastique,17,équipements importés n’ayant pas de similaires fabriqués localement,tourisme,False
EX 96.03,,Equipement complet d’art appliqué,17,équipements importés n’ayant pas de similaires fabriqués localement,tourisme,False
,89.07,"Autres engins flottants (radeaux, réservoirs, caissons, coffres d'amarrage, bouées et balises, par exemple) :",1,équipements importés n’ayant pas de similaires fabriqués localement,secteurs économiques généraux,False
,90.08,Projecteurs d'images fixes ; appareils photographiques d'agrandissement ou de réduction :,1,équipements importés n’ayant pas de similaires fabriqués localement,secteurs économiques généraux,False
